Date,SPY,XLK,XLF,XLE,GLD,SLV,GSG,BTC-USD,ETH-USD,TLT
2024-01-01,,,,,,,,44167.33203125,2352.327880859375,
2024-01-02,459.9912414550781,92.39051818847656,36.47821807861328,39.426788330078125,190.72000122070312,21.649999618530273,19.850000381469727,44957.96875,2355.83642578125,89.07843780517578
2024-01-03,456.2345886230469,91.44905853271484,36.1690788269043,40.0688591003418,189.1300048828125,21.059999465942383,20.25,42848.17578125,2210.761962890625,89.44994354248047
2024-01-04,454.7650146484375,90.7787094116211,36.31399154663086,39.366310119628906,189.32000732421875,21.079999923706055,20.190000534057617,44179.921875,2269.0380859375,88.0907974243164
2024-01-05,455.3879089355469,90.7540512084961,36.46855926513672,39.39887237548828,189.35000610351562,21.209999084472656,20.329999923706055,44162.69140625,2268.647216796875,87.24812316894531
2024-01-06,,,,,,,,43989.1953125,2241.624755859375,
2024-01-07,,,,,,,,43943.09765625,2222.865966796875,
2024-01-08,461.8890380859375,93.03129577636719,36.70042037963867,38.942909240722656,187.8699951171875,21.1299991607666,19.950000762939453,46970.50390625,2333.03271484375,88.10891723632812
2024-01-09,461.1882629394531,93.17915344238281,36.46855926513672,38.319454193115234,187.92999267578125,21.0,20.18000030517578,46139.73046875,2344.8271484375,87.54712677001953
2024-01-10,463.7965087890625,93.97274780273438,36.526527404785156,37.942588806152344,187.5,20.940000534057617,20.020000457763672,46627.77734375,2582.103515625,87.13938903808594
2024-01-11,463.5921630859375,94.45085144042969,36.391273498535156,38.0402946472168,187.8699951171875,20.81999969482422,20.25,46368.5859375,2619.619140625,87.62870025634766
2024-01-12,463.91326904296875,94.7564697265625,36.323646545410156,38.46833801269531,189.7100067138672,21.190000534057617,20.290000915527344,42853.16796875,2524.460205078125,87.45653533935547
2024-01-13,,,,,,,,42842.3828125,2576.597900390625,
2024-01-14,,,,,,,,41796.26953125,2472.2412109375,
2024-01-15,,,,,,,,42511.96875,2511.36376953125,
2024-01-16,462.21014404296875,94.99305725097656,36.072479248046875,37.551761627197266,187.91000366210938,20.959999084472656,20.139999389648438,43154.9453125,2587.691162109375,85.91613006591797
2024-01-17,459.6408386230469,94.5248031616211,36.004852294921875,37.24003601074219,185.83999633789062,20.649999618530273,20.15999984741211,42742.65234375,2528.369384765625,85.78021240234375
2024-01-18,463.7283935546875,96.44220733642578,36.06282043457031,37.17955017089844,187.3699951171875,20.809999465942383,20.3700008392334,41262.05859375,2467.018798828125,84.98287200927734
2024-01-19,469.5093078613281,98.66521453857422,36.642452239990234,37.30051803588867,187.92999267578125,20.670000076293945,20.350000381469727,41618.40625,2489.49853515625,85.25470733642578
2024-01-20,,,,,,,,41665.5859375,2469.589111328125,
2024-01-21,,,,,,,,41545.78515625,2453.9130859375,
2024-01-22,470.501953125,99.09898376464844,36.816341400146484,37.44010543823242,187.22000122070312,20.219999313354492,20.5,39507.3671875,2310.826416015625,85.7621078491211
2024-01-23,471.8741760253906,99.49822235107422,36.87430191040039,37.519195556640625,187.9499969482422,20.530000686645508,20.59000015258789,39845.55078125,2240.68603515625,85.0825424194336
2024-01-24,472.3900146484375,100.18336486816406,37.01921463012695,38.05425262451172,186.39999389648438,20.709999084472656,20.770000457763672,40077.07421875,2233.561767578125,84.58418273925781
2024-01-25,474.9592590332031,100.60234069824219,37.202762603759766,38.91034698486328,187.13999938964844,20.940000534057617,21.059999465942383,39933.80859375,2217.710205078125,85.13690948486328
2024-01-26,474.35589599609375,99.44400787353516,37.3380126953125,39.19880676269531,187.00999450683594,20.860000610351562,21.25,41816.87109375,2267.19970703125,84.97380828857422
2024-01-27,,,,,,,,42120.0546875,2267.885986328125,
2024-01-28,,,,,,,,42035.59375,2257.208740234375,
2024-01-29,478.11248779296875,100.35588836669922,37.43461227416992,39.14297866821289,188.3300018310547,21.209999084472656,21.020000457763672,43288.24609375,2317.064208984375,85.95238494873047
2024-01-30,477.7427062988281,99.52780151367188,37.90798568725586,39.547760009765625,188.58999633789062,21.190000534057617,21.200000762939453,42952.609375,2344.49365234375,86.73164367675781
2024-01-31,469.9472351074219,97.43787384033203,37.44427490234375,38.8079833984375,188.4499969482422,20.90999984741211,20.940000534057617,42582.60546875,2282.54443359375,87.58338165283203
2024-02-01,476.09796142578125,98.66521453857422,37.50223159790039,38.8033332824707,190.41000366210938,21.209999084472656,20.639999389648438,43075.7734375,2303.82470703125,89.3013916015625
2024-02-02,481.1099853515625,99.68553924560547,37.656803131103516,38.859169006347656,188.61000061035156,20.75,20.3700008392334,43185.859375,2308.0380859375,87.3288345336914
2024-02-03,,,,,,,,42992.25,2296.038330078125,
2024-02-04,,,,,,,,42583.58203125,2289.546142578125,
2024-02-05,479.35821533203125,99.91226959228516,37.43461227416992,38.76145935058594,187.57000732421875,20.469999313354492,20.469999313354492,42658.66796875,2298.888916015625,85.56539154052734
2024-02-06,480.7499694824219,99.45387268066406,37.51189422607422,38.88707733154297,188.5500030517578,20.510000228881836,20.59000015258789,43084.671875,2372.201904296875,86.40166473388672
2024-02-07,484.7596130371094,100.76992797851562,37.792057037353516,38.9661750793457,188.5,20.329999923706055,20.719999313354492,44318.22265625,2423.7451171875,85.98350524902344
2024-02-08,484.9737548828125,101.08538055419922,37.64714431762695,39.366310119628906,188.3300018310547,20.649999618530273,21.030000686645508,45301.56640625,2419.906494140625,85.48355865478516
2024-02-09,487.7765808105469,102.44581604003906,37.753414154052734,38.76145935058594,187.60000610351562,20.68000030517578,21.06999969482422,47147.19921875,2487.515625,85.31084442138672
2024-02-10,,,,,,,,47771.27734375,2501.228271484375,
2024-02-11,,,,,,,,48293.91796875,2507.570556640625,
2024-02-12,487.5624694824219,101.66702270507812,37.927303314208984,39.18950653076172,187.11000061035156,20.760000228881836,21.110000610351562,49958.22265625,2658.115966796875,85.41083526611328
2024-02-13,480.8472900390625,99.94184112548828,37.41529083251953,38.79402542114258,184.52999877929688,20.200000762939453,21.079999923706055,49742.44140625,2642.185302734375,83.94731903076172
2024-02-14,485.2170104980469,100.98681640625,37.772735595703125,38.756805419921875,184.4199981689453,20.440000534057617,20.850000381469727,51826.6953125,2777.90234375,84.37455749511719
2024-02-15,488.56488037109375,100.77485656738281,38.41999053955078,39.83622741699219,185.66000366210938,20.940000534057617,21.010000228881836,51938.5546875,2824.37890625,84.81089782714844
2024-02-16,486.1318054199219,99.84819793701172,38.28473663330078,39.812965393066406,186.33999633789062,21.389999389648438,21.110000610351562,52160.203125,2803.69140625,84.32003021240234
2024-02-17,,,,,,,,51662.99609375,2786.672607421875,
2024-02-18,,,,,,,,52122.546875,2878.998046875,
2024-02-19,,,,,,,,51779.14453125,2943.57470703125,
2024-02-20,483.45550537109375,98.83280181884766,38.17847442626953,39.45005416870117,187.47000122070312,21.06999969482422,21.0,52284.875,3013.503662109375,84.39273071289062
2024-02-21,483.8934631347656,98.21174621582031,38.294403076171875,40.189823150634766,187.47999572753906,20.959999084472656,21.09000015258789,51839.1796875,2970.35546875,83.79280090332031
2024-02-22,493.9078674316406,101.42550659179688,38.7387809753418,40.259620666503906,187.55999755859375,20.81999969482422,21.15999984741211,51304.97265625,2971.00732421875,84.20185089111328
2024-02-23,494.24847412109375,101.18889617919922,38.93199920654297,39.99441146850586,188.6199951171875,20.989999771118164,20.860000610351562,50731.94921875,2921.658203125,85.32902526855469
2024-02-24,,,,,,,,51571.1015625,2992.385986328125,
2024-02-25,,,,,,,,51733.23828125,3112.697265625,
2024-02-26,492.4382629394531,101.28748321533203,38.7387809753418,40.13399887084961,188.1999969482422,20.6200008392334,21.049999237060547,54522.40234375,3178.99365234375,85.07449340820312
2024-02-27,493.3530578613281,101.37621307373047,38.845054626464844,39.96185302734375,188.0,20.56999969482422,21.219999313354492,57085.37109375,3244.519287109375,84.47454833984375
2024-02-28,492.7010498046875,100.8980941772461,38.98996353149414,39.882755279541016,188.33999633789062,20.549999237060547,21.100000381469727,62504.7890625,3385.703857421875,85.01087188720703
2024-02-29,494.4723205566406,102.02190399169922,38.97064208984375,40.078163146972656,189.30999755859375,20.729999542236328,21.1200008392334,61198.3828125,3341.919677734375,85.6108169555664
2024-03-01,499.1145324707031,103.88510131835938,38.922340393066406,40.543434143066406,192.88999938964844,21.170000076293945,21.350000381469727,62440.6328125,3435.053955078125,86.14424896240234
2024-03-02,,,,,,,,62029.84765625,3422.0498046875,
2024-03-03,,,,,,,,63167.37109375,3490.99365234375,
2024-03-04,498.5792541503906,103.88510131835938,39.018951416015625,40.11073684692383,196.00999450683594,21.860000610351562,21.270000457763672,68330.4140625,3630.433837890625,85.79776763916016
2024-03-05,493.59637451171875,101.33184051513672,39.02860641479492,40.408504486083984,197.19000244140625,21.670000076293945,21.110000610351562,63801.19921875,3554.964599609375,87.0196533203125
2024-03-06,496.09759521484375,102.1352767944336,39.23147201538086,40.53413009643555,198.80999755859375,22.100000381469727,21.270000457763672,66106.8046875,3819.226318359375,87.5302963256836
2024-03-07,501.0220947265625,103.74708557128906,39.17351531982422,40.878421783447266,199.94000244140625,22.239999771118164,21.34000015258789,66925.484375,3874.34765625,87.4482192993164
2024-03-08,498.0148010253906,102.20428466796875,39.24113464355469,41.02265930175781,201.6300048828125,22.229999542236328,21.190000534057617,68300.09375,3892.06103515625,87.293212890625
2024-03-09,,,,,,,,68498.8828125,3915.4189453125,
2024-03-10,,,,,,,,69019.7890625,3881.193115234375,
2024-03-11,497.58660888671875,101.92333221435547,39.30876159667969,41.4460563659668,202.0,22.350000381469727,21.309999465942383,72123.90625,4066.445068359375,87.24761962890625
2024-03-12,502.9393310546875,104.01325988769531,39.47299575805664,41.380916595458984,199.7899932861328,22.09000015258789,21.280000686645508,71481.2890625,3980.273193359375,86.51810455322266
2024-03-13,502.1510314941406,102.8894271850586,39.7628059387207,42.041595458984375,201.19000244140625,22.790000915527344,21.610000610351562,73083.5,4006.45703125,86.09866333007812
2024-03-14,501.1582946777344,102.90914154052734,39.44401168823242,42.47429656982422,200.35000610351562,22.729999542236328,21.719999313354492,71396.59375,3883.140380859375,84.77645874023438
2024-03-15,497.7170715332031,101.35649871826172,39.405372619628906,42.59991455078125,199.7100067138672,23.030000686645508,21.809999465942383,69403.7734375,3735.22021484375,84.74908447265625
2024-03-16,,,,,,,,65315.1171875,3522.860107421875,
2024-03-17,,,,,,,,68390.625,3642.4130859375,
2024-03-18,500.675048828125,101.85466766357422,39.63130187988281,42.74718475341797,200.02999877929688,22.90999984741211,22.100000381469727,67548.59375,3517.985107421875,84.49378204345703
2024-03-19,503.4573669433594,102.3829345703125,39.82524108886719,43.234981536865234,199.8000030517578,22.790000915527344,22.100000381469727,61912.7734375,3157.6181640625,84.73087310791016
2024-03-20,508.11407470703125,103.52837371826172,40.300392150878906,43.174007415771484,202.17999267578125,23.290000915527344,21.93000030517578,67913.671875,3513.39306640625,84.70352935791016
2024-03-21,509.79327392578125,103.60242462158203,40.63008499145508,43.431968688964844,201.97000122070312,22.649999618530273,21.8799991607666,65491.390625,3492.9912109375,84.88589477539062
2024-03-22,508.82672119140625,103.63699340820312,40.16463851928711,43.33816909790039,200.35000610351562,22.559999465942383,21.799999237060547,63778.76171875,3333.68798828125,85.69745635986328
2024-03-23,,,,,,,,64062.203125,3336.593994140625,
2024-03-24,,,,,,,,67234.171875,3454.636474609375,
2024-03-25,507.4208679199219,102.95072937011719,40.00947952270508,43.74153137207031,200.99000549316406,22.579999923706055,21.979999542236328,69958.8125,3590.8837890625,85.26886749267578
2024-03-26,506.4837341308594,102.52610778808594,40.14523696899414,43.40382766723633,201.63999938964844,22.34000015258789,21.809999465942383,69987.8359375,3587.5048828125,85.5059585571289
2024-03-27,510.7401428222656,103.04945373535156,40.620384216308594,43.80719757080078,203.10000610351562,22.510000228881836,21.829999923706055,69455.34375,3500.115234375,86.35399627685547
2024-03-28,510.6424560546875,102.8272933959961,40.843414306640625,44.28091049194336,205.72000122070312,22.75,22.059999465942383,70744.953125,3561.2939453125,86.28103637695312
2024-03-29,,,,,,,,69892.828125,3511.80615234375,
2024-03-30,,,,,,,,69645.3046875,3507.9443359375,
2024-03-31,,,,,,,,71333.6484375,3647.8564453125,
2024-04-01,509.7541198730469,103.11363983154297,40.620384216308594,44.60922622680664,207.82000732421875,22.860000610351562,22.219999313354492,69702.1484375,3505.030029296875,84.67267608642578
2024-04-02,506.5130310058594,102.12126159667969,40.40705871582031,45.233036041259766,210.88999938964844,23.84000015258789,22.43000030517578,65446.97265625,3277.234619140625,84.20608520507812
2024-04-03,507.0694274902344,102.39281463623047,40.38766860961914,45.54259490966797,212.74000549316406,24.729999542236328,22.600000381469727,65980.8125,3311.44189453125,84.18778228759766
2024-04-04,500.8801574707031,100.77339172363281,39.931907653808594,45.51445388793945,211.52000427246094,24.489999771118164,22.770000457763672,68508.84375,3330.04052734375,84.79159545898438
2024-04-05,506.11273193359375,101.92870330810547,40.31009292602539,46.00224685668945,215.13999938964844,25.030000686645508,22.84000015258789,67837.640625,3318.88525390625,83.61140441894531
2024-04-06,,,,,,,,68896.109375,3354.183837890625,
2024-04-07,,,,,,,,69362.5546875,3453.49462890625,
2024-04-08,506.39581298828125,101.81021881103516,40.48463821411133,45.71144485473633,216.47999572753906,25.399999618530273,22.799999237060547,71631.359375,3695.292724609375,83.60224151611328
2024-04-09,506.9815368652344,102.32369995117188,40.25190353393555,45.72551727294922,217.6699981689453,25.719999313354492,22.68000030517578,69139.015625,3505.163330078125,84.37992858886719
2024-04-10,501.90509033203125,101.06964111328125,39.650699615478516,45.8662223815918,215.61000061035156,25.450000762939453,22.780000686645508,70587.8828125,3543.737060546875,82.54097747802734
2024-04-11,505.69293212890625,103.08895874023438,39.369483947753906,45.83338928222656,219.8000030517578,26.010000228881836,22.670000076293945,70060.609375,3505.247802734375,82.16587829589844
2024-04-12,498.71282958984375,101.42018127441406,38.84585189819336,45.08763885498047,216.88999938964844,25.6299991607666,22.690000534057617,67195.8671875,3243.034912109375,82.60503387451172
2024-04-13,,,,,,,,63821.47265625,3004.900390625,
2024-04-14,,,,,,,,65738.7265625,3156.94189453125,
2024-04-15,492.4649353027344,99.49467468261719,38.651912689208984,44.6655158996582,220.9499969482422,26.40999984741211,22.739999771118164,63426.2109375,3101.600341796875,81.32418823242188
2024-04-16,491.5667724609375,99.6131591796875,38.390106201171875,44.27622604370117,221.22000122070312,25.799999237060547,22.700000762939453,63811.86328125,3084.920166015625,80.78440856933594
2024-04-17,488.65753173828125,98.17643737792969,38.48706817626953,44.14957809448242,219.58999633789062,25.850000381469727,22.299999237060547,61276.69140625,2984.7275390625,81.68099212646484
2024-04-18,487.6519775390625,97.05567169189453,38.622825622558594,44.0135612487793,220.33999633789062,25.860000610351562,22.290000915527344,63512.75390625,3066.027587890625,81.26929473876953
2024-04-19,483.3955993652344,95.05611419677734,39.156158447265625,44.5435676574707,221.02999877929688,26.200000762939453,22.469999313354492,63843.5703125,3059.278564453125,81.56205749511719
2024-04-20,,,,,,,,64994.44140625,3157.627197265625,
2024-04-21,,,,,,,,64926.64453125,3147.28857421875,
2024-04-22,487.8472900390625,95.90532684326172,39.63130187988281,44.83436584472656,215.57000732421875,24.93000030517578,22.5,66837.6796875,3201.652099609375,81.42485809326172
2024-04-23,493.6363830566406,97.32723236083984,39.8834228515625,45.082950592041016,215.0399932861328,24.989999771118164,22.6299991607666,66407.2734375,3219.91162109375,81.45227813720703
2024-04-24,493.4020690917969,97.7715835571289,39.873722076416016,45.115779876708984,214.63999938964844,24.899999618530273,22.530000686645508,64276.8984375,3139.80517578125,80.87588500976562
2024-04-25,491.52764892578125,97.55928802490234,39.6410026550293,45.3221549987793,215.9199981689453,25.059999465942383,22.709999084472656,64481.70703125,3156.509521484375,80.30864715576172
2024-04-26,496.1843566894531,98.66028594970703,39.58281707763672,44.904720306396484,216.6199951171875,24.889999389648438,22.670000076293945,63755.3203125,3130.164794921875,80.72952270507812
2024-04-27,,,,,,,,63419.140625,3252.168212890625,
2024-04-28,,,,,,,,63113.23046875,3262.774658203125,
2024-04-29,497.9416198730469,99.08488464355469,39.524635314941406,45.20958709716797,216.17999267578125,24.829999923706055,22.59000015258789,63841.12109375,3215.428955078125,81.40652465820312
2024-04-30,490.0535888671875,96.90262603759766,39.13676071166992,43.86347198486328,211.8699951171875,24.049999237060547,22.270000457763672,60636.85546875,3012.286865234375,80.71121215820312
2024-05-01,488.4623107910156,95.91024780273438,39.13676071166992,43.16462326049805,213.7899932861328,24.270000457763672,21.829999923706055,58254.01171875,2969.78466796875,81.30613708496094
2024-05-02,493.0311279296875,97.29267883300781,39.233726501464844,43.413211822509766,213.1300048828125,24.360000610351562,21.860000610351562,59123.43359375,2988.16845703125,81.65502166748047
2024-05-03,499.1423645019531,100.00320434570312,39.32100296020508,43.41789627075195,212.9600067138672,24.219999313354492,21.850000381469727,62889.8359375,3103.5419921875,82.48129272460938
2024-05-04,,,,,,,,63891.47265625,3117.576416015625,
2024-05-05,,,,,,,,64031.1328125,3137.2490234375,
2024-05-06,504.29693603515625,101.17826080322266,39.82524108886719,43.76029586791992,215.1999969482422,25.06999969482422,22.040000915527344,63161.94921875,3062.728759765625,82.80262756347656
2024-05-07,504.8534240722656,100.84745788574219,39.960994720458984,43.71807861328125,214.2100067138672,24.920000076293945,22.030000686645508,62334.81640625,3006.5771484375,83.30757904052734
2024-05-08,504.9021911621094,101.1338119506836,40.106449127197266,43.66648483276367,213.5800018310547,24.950000762939453,22.020000457763672,61187.94140625,2973.6572265625,82.80262756347656
2024-05-09,507.8114013671875,101.10419464111328,40.40705871582031,44.25276565551758,216.9499969482422,25.860000610351562,22.1299991607666,63049.9609375,3036.0205078125,83.2065658569336
2024-05-10,508.465576171875,101.47943115234375,40.56221389770508,44.008880615234375,218.7100067138672,25.770000457763672,21.989999771118164,60792.77734375,2909.791259765625,82.73837280273438
2024-05-11,,,,,,,,60793.7109375,2911.60205078125,
2024-05-12,,,,,,,,61448.39453125,2928.701904296875,
2024-05-13,508.53375244140625,101.95833587646484,40.397361755371094,43.89162063598633,216.25999450683594,25.799999237060547,22.1200008392334,62901.44921875,2949.359619140625,82.94952392578125
2024-05-14,510.8670349121094,102.86183166503906,40.60099411010742,43.947906494140625,218.08999633789062,26.1299991607666,21.959999084472656,61552.7890625,2881.157958984375,83.4177474975586
2024-05-15,517.193115234375,105.17739868164062,40.901607513427734,44.0463981628418,220.88999938964844,27.1200008392334,22.09000015258789,66267.4921875,3037.056640625,84.5561752319336
2024-05-16,516.1289672851562,104.81204223632812,40.901607513427734,43.9244499206543,220.02999877929688,27.059999465942383,22.18000030517578,65231.58203125,2945.131103515625,84.47354888916016
2024-05-17,516.8709106445312,104.57999420166016,41.20220947265625,44.538875579833984,223.66000366210938,28.790000915527344,22.43000030517578,67051.875,3094.11865234375,83.90433502197266
2024-05-18,,,,,,,,66940.8046875,3122.948974609375,
2024-05-19,,,,,,,,66278.3671875,3071.843017578125,
2024-05-20,517.4664306640625,105.80936431884766,40.63978576660156,44.24808120727539,224.55999755859375,28.979999542236328,22.520000457763672,71448.1953125,3663.85546875,83.65646362304688
2024-05-21,518.7354736328125,105.98217010498047,40.901607513427734,44.032325744628906,224.22999572753906,29.270000457763672,22.440000534057617,70136.53125,3789.312744140625,84.08794403076172
2024-05-22,517.2418823242188,106.21915435791016,40.66887283325195,43.18807601928711,220.11000061035156,28.219999313354492,22.200000762939453,69122.3359375,3737.2177734375,84.18893432617188
2024-05-23,513.4639282226562,105.35513305664062,40.106449127197266,42.79409408569336,215.72000122070312,27.549999237060547,22.100000381469727,67929.5625,3776.92724609375,83.64727020263672
2024-05-24,516.8612060546875,106.24383544921875,40.348873138427734,42.85506820678711,215.9199981689453,27.739999771118164,22.219999313354492,68526.1015625,3726.9345703125,83.8951416015625
2024-05-25,,,,,,,,69265.9453125,3749.236572265625,
2024-05-26,,,,,,,,68518.09375,3825.8974609375,
2024-05-27,,,,,,,,69394.5546875,3892.0068359375,
2024-05-28,517.2223510742188,106.693115234375,39.90281677246094,43.29595947265625,218.19000244140625,29.239999771118164,22.670000076293945,68296.21875,3840.25634765625,82.69243621826172
2024-05-29,513.6005249023438,106.01673889160156,39.58281707763672,42.531436920166016,216.16000366210938,29.170000076293945,22.389999389648438,67578.09375,3763.196533203125,81.69173431396484
2024-05-30,510.19342041015625,103.59748840332031,39.79615020751953,42.65339279174805,216.57000732421875,28.420000076293945,22.079999923706055,68364.9921875,3746.849609375,82.48129272460938
2024-05-31,514.8402709960938,103.76042938232422,40.37796401977539,43.713382720947266,215.3000030517578,27.760000228881836,21.950000762939453,67491.4140625,3760.026611328125,83.04132843017578
2024-06-01,,,,,,,,67706.9375,3813.198974609375,
2024-06-02,,,,,,,,67751.6015625,3780.89599609375,
2024-06-03,515.2601318359375,104.02208709716797,40.12584686279297,42.56896209716797,217.22000122070312,27.889999389648438,21.549999237060547,68804.78125,3766.38916015625,84.38446807861328
2024-06-04,515.8361206054688,104.23933410644531,39.94160842895508,42.160911560058594,215.27000427246094,27.020000457763672,21.329999923706055,70567.765625,3812.515869140625,85.37019348144531
2024-06-05,521.966796875,106.55488586425781,40.05796432495117,42.15621566772461,217.82000732421875,27.399999618530273,21.479999542236328,71082.8203125,3864.260986328125,85.99662780761719
2024-06-06,521.9571533203125,106.19940185546875,40.03857421875,42.37665557861328,219.42999267578125,28.530000686645508,21.790000915527344,70757.1640625,3811.60595703125,85.86766815185547
2024-06-07,521.3226928710938,106.44625854492188,40.222816467285156,42.20780563354492,211.60000610351562,26.670000076293945,21.530000686645508,69342.5859375,3678.629150390625,84.29235076904297
2024-06-08,,,,,,,,69305.7734375,3680.949951171875,
2024-06-09,,,,,,,,69647.9921875,3705.90380859375,
2024-06-10,522.933349609375,106.71781158447266,40.06766891479492,42.52674102783203,213.5399932861328,27.1200008392334,21.920000076293945,69512.28125,3666.717529296875,83.73043823242188
2024-06-11,524.1927490234375,108.70256805419922,39.61190414428711,42.442325592041016,214.14999389648438,26.709999084472656,21.920000076293945,67332.03125,3498.33056640625,84.59636688232422
2024-06-12,528.4979858398438,111.10698699951172,39.573123931884766,41.987361907958984,214.72000122070312,27.030000686645508,22.020000457763672,68241.1875,3559.61767578125,85.23201751708984
2024-06-13,529.56201171875,111.98580932617188,39.544029235839844,41.602760314941406,212.97000122070312,26.43000030517578,22.0,66756.3984375,3469.28125,86.48486328125
2024-06-14,529.8842163085938,112.40547943115234,39.417972564697266,41.293209075927734,215.72999572753906,27.010000228881836,22.0,66011.09375,3480.27197265625,87.21266174316406
2024-06-15,,,,,,,,66191.0,3565.549560546875,
2024-06-16,,,,,,,,66639.046875,3620.5634765625,
2024-06-17,534.1015014648438,114.10880279541016,39.76705551147461,41.40108108520508,214.61000061035156,26.920000076293945,22.170000076293945,66490.296875,3511.37890625,86.34668731689453
2024-06-18,535.4585571289062,114.25199890136719,40.01918411254883,41.574623107910156,215.47000122070312,26.959999084472656,22.31999969482422,65140.74609375,3483.681396484375,87.13896942138672
2024-06-19,,,,,,,,64960.296875,3559.347412109375,
2024-06-20,534.0039672851562,112.96832275390625,40.23251724243164,42.339134216308594,218.16000366210938,28.0,22.360000610351562,64828.65625,3511.0869140625,86.5585708618164
2024-06-21,533.2880249023438,112.77082824707031,40.077362060546875,42.09524154663086,214.77999877929688,26.979999542236328,22.149999618530273,64096.19921875,3516.07568359375,86.5585708618164
2024-06-22,,,,,,,,64252.578125,3494.8134765625,
2024-06-23,,,,,,,,63180.796875,3418.61181640625,
2024-06-24,531.554443359375,110.0060806274414,40.489166259765625,43.15666961669922,215.6300048828125,27.0,22.350000381469727,60277.4140625,3350.25634765625,86.90866088867188
2024-06-25,533.6015014648438,112.02399444580078,40.18737030029297,43.255950927734375,214.55999755859375,26.399999618530273,22.09000015258789,61804.640625,3395.029052734375,87.05603790283203
2024-06-26,534.2674560546875,111.89541625976562,39.93425369262695,42.83043670654297,212.5800018310547,26.309999465942383,22.100000381469727,60811.27734375,3369.477294921875,85.8124008178711
2024-06-27,535.109619140625,111.94982147216797,39.885581970214844,42.92972183227539,214.99000549316406,26.450000762939453,22.299999237060547,61604.80078125,3444.800537109375,86.15322875976562
2024-06-28,533.0039672851562,111.89046478271484,40.021873474121094,43.0952033996582,215.00999450683594,26.56999969482422,22.149999618530273,60320.13671875,3373.635986328125,84.55030059814453
2024-06-29,,,,,,,,60887.37890625,3372.9677734375,
2024-06-30,,,,,,,,62678.29296875,3432.88916015625,
2024-07-01,534.1008911132812,112.7362060546875,40.1094856262207,43.118839263916016,215.57000732421875,26.850000381469727,22.43000030517578,62851.98046875,3440.341552734375,83.09105682373047
2024-07-02,537.6953735351562,113.30003356933594,40.5767822265625,43.08574676513672,215.55999755859375,26.969999313354492,22.469999313354492,62029.015625,3416.354736328125,83.73795318603516
2024-07-03,540.0947265625,114.82832336425781,40.450225830078125,43.274864196777344,217.99000549316406,27.84000015258789,22.530000686645508,60173.921875,3292.916748046875,84.83773040771484
2024-07-04,,,,,,,,56977.703125,3054.52197265625,
2024-07-05,543.2092895507812,115.17947387695312,40.440486907958984,42.59877014160156,220.92999267578125,28.479999542236328,22.56999969482422,56662.375,2981.5986328125,85.54008483886719
2024-07-06,,,,,,,,58303.5390625,3069.3779296875,
2024-07-07,,,,,,,,55849.109375,2929.38720703125,
2024-07-08,543.8361206054688,115.96586608886719,40.33340072631836,42.33873748779297,218.19000244140625,28.1299991607666,22.25,56705.09765625,3018.73193359375,85.72490692138672
2024-07-09,544.3649291992188,115.87189483642578,40.644935607910156,41.9652214050293,218.55999755859375,28.1200008392334,22.1200008392334,58009.2265625,3064.032958984375,85.34600067138672
2024-07-10,549.7515869140625,117.55348205566406,40.800697326660156,42.2489013671875,219.36000061035156,28.15999984741211,22.139999389648438,57742.49609375,3102.21875,85.614013671875
2024-07-11,545.0112915039062,114.61068725585938,41.1219596862793,42.688594818115234,223.25,28.68000030517578,22.25,57344.9140625,3100.330810546875,86.44575500488281
2024-07-12,548.4490966796875,115.63449096679688,41.25825500488281,42.797340393066406,223.11000061035156,28.1200008392334,22.15999984741211,57899.46484375,3134.15869140625,86.81542205810547
2024-07-13,,,,,,,,59231.953125,3177.19873046875,
2024-07-14,,,,,,,,60787.79296875,3244.0791015625,
2024-07-15,549.957275390625,115.84221649169922,41.861846923828125,43.445068359375,223.8300018310547,28.030000686645508,21.989999771118164,64870.15234375,3489.552734375,85.81732177734375
2024-07-16,553.2185668945312,115.45643615722656,42.3388786315918,43.638919830322266,228.2899932861328,28.610000610351562,21.8799991607666,65097.1484375,3443.513427734375,87.02793884277344
2024-07-17,545.4618530273438,110.96559143066406,42.660133361816406,44.073883056640625,227.22999572753906,27.670000076293945,22.0,64118.79296875,3388.75244140625,87.04644775390625
2024-07-18,541.2700805664062,110.97547149658203,42.1441650390625,44.15426254272461,225.77999877929688,27.200000762939453,21.829999923706055,63974.06640625,3426.258544921875,86.38105010986328
2024-07-19,537.6757202148438,109.23947143554688,41.715816497802734,43.6720085144043,221.72999572753906,26.690000534057617,21.510000228881836,66710.15625,3505.73486328125,85.8727798461914
2024-07-20,,,,,,,,67163.6484375,3519.29541015625,
2024-07-21,,,,,,,,68154.5234375,3536.60546875,
2024-07-22,543.2191162109375,111.82616424560547,41.949462890625,43.39779281616211,221.8000030517578,26.6299991607666,21.600000381469727,67585.25,3440.419921875,85.62324523925781
2024-07-23,542.3670043945312,111.38104248046875,42.02734375,42.70751190185547,222.5800018310547,26.68000030517578,21.440000534057617,65927.671875,3481.995849609375,85.50311279296875
2024-07-24,530.0756225585938,106.77149200439453,41.452964782714844,42.71223831176758,221.8000030517578,26.43000030517578,21.40999984741211,65372.1328125,3336.33935546875,84.57893371582031
2024-07-25,527.3138427734375,105.62899780273438,41.60873031616211,43.44980239868164,218.3300018310547,25.40999984741211,21.479999542236328,65777.2265625,3174.42724609375,85.2720718383789
2024-07-26,533.2193603515625,106.96932220458984,42.260990142822266,43.58690643310547,220.6300048828125,25.479999542236328,21.239999771118164,67912.0625,3275.951416015625,85.93743896484375
2024-07-27,,,,,,,,67813.3359375,3247.60791015625,
2024-07-28,,,,,,,,68255.8671875,3271.464599609375,
2024-07-29,533.5328979492188,106.49452209472656,42.20258331298828,43.21340560913086,220.32000732421875,25.440000534057617,21.049999237060547,66819.9140625,3320.539306640625,86.39952850341797
2024-07-30,530.8297729492188,103.81880187988281,42.6893424987793,43.884769439697266,222.52000427246094,25.829999923706055,20.989999771118164,66201.015625,3278.667724609375,86.73222351074219
2024-07-31,539.4581298828125,108.21568298339844,42.58225631713867,44.069156646728516,226.5500030517578,26.389999389648438,21.510000228881836,64619.25,3231.295654296875,87.61943817138672
2024-08-01,531.8189697265625,104.17985534667969,41.97867202758789,42.9013557434082,225.77000427246094,26.030000686645508,21.149999618530273,65357.5,3201.564453125,88.37512969970703
2024-08-02,521.9174194335938,101.25189971923828,40.94672393798828,41.795013427734375,225.33999633789062,26.040000915527344,20.760000228881836,61415.06640625,2986.01318359375,91.12903594970703
2024-08-03,,,,,,,,60680.09375,2903.3857421875,
2024-08-04,,,,,,,,58116.9765625,2686.39892578125,
2024-08-05,506.7171630859375,97.8788070678711,39.7590217590332,40.873069763183594,222.47999572753906,24.860000610351562,20.65999984741211,53991.45703125,2417.206298828125,91.6111831665039
2024-08-06,511.38885498046875,99.20923614501953,40.401554107666016,41.123653411865234,220.6999969482422,24.639999389648438,20.579999923706055,56034.31640625,2458.723876953125,89.56200408935547
2024-08-07,507.970703125,97.60183715820312,40.450225830078125,41.28913116455078,220.5500030517578,24.329999923706055,20.860000610351562,55027.4609375,2336.58935546875,88.93147277832031
2024-08-08,519.7137451171875,101.24695587158203,41.10249710083008,42.17798614501953,224.00999450683594,25.010000228881836,20.979999542236328,61710.13671875,2683.352783203125,88.38439178466797
2024-08-09,522.0054321289062,101.70198059082031,41.27772903442383,42.27254104614258,224.55999755859375,25.0,21.110000610351562,60880.11328125,2599.5986328125,89.2560043334961
2024-08-10,,,,,,,,60945.8125,2610.02294921875,
2024-08-11,,,,,,,,58719.484375,2553.252197265625,
2024-08-12,522.2796630859375,102.53288269042969,41.06355285644531,42.48057556152344,228.41000366210938,25.489999771118164,21.5,59354.515625,2724.431884765625,89.58053588867188
2024-08-13,530.8690185546875,105.68339538574219,41.4042854309082,42.06924057006836,228.05999755859375,25.420000076293945,21.280000686645508,60609.56640625,2703.671875,90.20179748535156
2024-08-14,532.5436401367188,106.26206970214844,41.910518646240234,42.31509780883789,226.1999969482422,25.1299991607666,21.200000762939453,58737.26953125,2662.914794921875,90.76741027832031
2024-08-15,541.6715698242188,109.31861114501953,42.2999382019043,42.820980072021484,226.91000366210938,25.860000610351562,21.309999465942383,57560.09765625,2570.087646484375,90.03488159179688
2024-08-16,542.885986328125,109.50160217285156,42.61145782470703,42.773704528808594,231.99000549316406,26.43000030517578,21.139999389648438,58894.10546875,2593.1865234375,90.35014343261719
2024-08-17,,,,,,,,59478.97265625,2614.546875,
2024-08-18,,,,,,,,58483.96484375,2613.357177734375,
2024-08-19,548.0767211914062,111.30685424804688,42.84511184692383,43.062110900878906,231.61000061035156,26.829999923706055,21.0,59493.453125,2637.306396484375,90.76741027832031
2024-08-20,547.1856079101562,110.91612243652344,42.70881652832031,41.92740249633789,232.4600067138672,26.8700008392334,20.899999618530273,59012.79296875,2573.10693359375,91.49064636230469
2024-08-21,549.0660400390625,111.56897735595703,42.64066696166992,41.998321533203125,232.14999389648438,26.950000762939453,20.719999313354492,61175.19140625,2631.3955078125,91.5462875366211
2024-08-22,544.7567138671875,109.0020751953125,42.8840446472168,42.107059478759766,229.3699951171875,26.389999389648438,20.780000686645508,60381.9140625,2622.951416015625,90.6375961303711
2024-08-23,550.544921875,110.76774597167969,43.25399398803711,42.73588180541992,232.02000427246094,27.200000762939453,21.149999618530273,64094.35546875,2764.447021484375,91.23103332519531
2024-08-24,,,,,,,,64178.9921875,2769.3896484375,
2024-08-25,,,,,,,,64333.54296875,2749.15771484375,
2024-08-26,549.2324829101562,109.3779525756836,43.39028549194336,43.118839263916016,232.75999450683594,27.31999969482422,21.450000762939453,62880.66015625,2681.340576171875,90.99921417236328
2024-08-27,549.9866333007812,110.04071044921875,43.61419677734375,42.71696853637695,233.38999938964844,27.360000610351562,21.31999969482422,59504.1328125,2458.7265625,90.84158325195312
2024-08-28,546.7938232421875,108.52233123779297,43.721290588378906,42.44274139404297,231.75,26.690000534057617,21.06999969482422,59027.625,2528.41552734375,90.73030853271484
2024-08-29,546.8428955078125,107.54304504394531,44.1107063293457,42.99592208862305,232.9499969482422,26.809999465942383,21.309999465942383,59388.1796875,2528.792724609375,90.43358612060547
2024-08-30,552.0630493164062,108.9723892211914,44.52932357788086,43.15666961669922,231.2899932861328,26.350000381469727,21.040000915527344,59119.4765625,2525.822021484375,89.46927642822266
2024-08-31,,,,,,,,58969.8984375,2513.393798828125,
2024-09-01,,,,,,,,57325.48828125,2427.90234375,
2024-09-02,,,,,,,,59112.48046875,2538.187255859375,
2024-09-03,540.7020263671875,103.96717834472656,44.19831848144531,42.08341979980469,230.2899932861328,25.579999923706055,20.56999969482422,57431.0234375,2420.603759765625,90.93257141113281
2024-09-04,539.5953369140625,103.7000961303711,44.24700164794922,41.50188446044922,230.42999267578125,25.68000030517578,20.329999923706055,57971.5390625,2448.97705078125,92.10470581054688
2024-09-05,538.282958984375,103.54183197021484,43.76023483276367,41.180389404296875,232.35000610351562,26.229999542236328,20.3799991607666,56160.48828125,2367.737548828125,92.62564849853516
2024-09-06,529.2236328125,100.85623168945312,43.11770248413086,40.665042877197266,230.6300048828125,25.479999542236328,20.09000015258789,53948.75390625,2223.87646484375,92.61631774902344
2024-09-07,,,,,,,,54139.6875,2274.107177734375,
2024-09-08,,,,,,,,54841.56640625,2297.29296875,
2024-09-09,535.1488647460938,102.50814819335938,43.76023483276367,40.958168029785156,231.60000610351562,25.850000381469727,20.190000534057617,57019.53515625,2358.482177734375,93.0163345336914
2024-09-10,537.4797973632812,104.04136657714844,43.31240463256836,40.25371170043945,232.6199951171875,25.940000534057617,19.84000015258789,57648.7109375,2389.5810546875,93.66751861572266
2024-09-11,542.9937744140625,107.59249877929688,43.10796356201172,39.88019943237305,232.25,26.1200008392334,20.06999969482422,57343.171875,2339.841552734375,93.59309387207031
2024-09-12,547.5675659179688,108.48275756835938,43.205322265625,40.23952865600586,236.3300018310547,27.270000457763672,20.43000030517578,58127.01171875,2361.78173828125,93.15587615966797
2024-09-13,550.4273071289062,109.02680206298828,43.331878662109375,40.46646499633789,238.67999267578125,28.020000457763672,20.43000030517578,60571.30078125,2441.607177734375,93.40703582763672
2024-09-14,,,,,,,,60005.12109375,2418.595703125,
2024-09-15,,,,,,,,59182.8359375,2320.897216796875,
2024-09-16,551.2403564453125,108.6113510131836,43.89653015136719,40.929805755615234,238.66000366210938,28.06999969482422,20.600000381469727,58192.5078125,2295.28369140625,94.26288604736328
2024-09-17,551.465576171875,108.39867401123047,44.13018035888672,41.482975006103516,237.33999633789062,27.959999084472656,20.760000228881836,60308.5390625,2341.707763671875,93.80703735351562
2024-09-18,549.8300170898438,107.40951538085938,43.99387741088867,41.563350677490234,235.50999450683594,27.239999771118164,20.610000610351562,61649.6796875,2369.72900390625,92.64423370361328
2024-09-19,559.2124633789062,110.5995864868164,44.480648040771484,42.059783935546875,239.1699981689453,28.09000015258789,21.010000228881836,62940.45703125,2464.752197265625,92.33726501464844
2024-09-20,558.245849609375,110.06049346923828,44.451438903808594,41.9652214050293,242.2100067138672,28.40999984741211,21.030000686645508,63192.9765625,2561.072021484375,91.9837417602539
2024-09-21,,,,,,,,63394.83984375,2615.857177734375,
2024-09-22,,,,,,,,63648.7109375,2582.862548828125,
2024-09-23,559.6408081054688,110.04016876220703,44.39769744873047,42.483394622802734,242.67999267578125,27.979999542236328,21.040000915527344,63329.80078125,2648.54638671875,91.78839874267578
2024-09-24,561.2420654296875,110.79329681396484,44.02642059326172,42.378517150878906,246.07000732421875,29.3799991607666,21.34000015258789,64301.96875,2654.35498046875,91.76978302001953
2024-09-25,560.0042724609375,111.11040496826172,43.762603759765625,41.549068450927734,245.72999572753906,29.059999465942383,21.1200008392334,63143.14453125,2579.388671875,91.00699615478516
2024-09-26,562.2244873046875,112.58196258544922,43.987335205078125,40.733909606933594,246.97999572753906,29.260000228881836,20.8799991607666,65181.01953125,2632.199951171875,91.220947265625
2024-09-27,561.4091186523438,111.53156280517578,44.11434555053711,41.56336975097656,245.02000427246094,28.860000610351562,21.059999465942383,65790.6640625,2695.900634765625,91.69537353515625
2024-09-28,,,,,,,,65887.6484375,2677.5390625,
2024-09-29,,,,,,,,65635.3046875,2659.346923828125,
2024-09-30,563.6588134765625,111.85857391357422,44.28044891357422,41.854156494140625,243.05999755859375,28.40999984741211,21.0,63329.5,2603.062744140625,91.25814056396484
2024-10-01,558.6092529296875,109.13345336914062,44.04595947265625,42.807552337646484,245.61000061035156,28.579999923706055,21.360000610351562,60837.0078125,2448.921142578125,91.91703796386719
2024-10-02,558.8451538085938,109.94107818603516,44.094810485839844,43.246116638183594,245.66000366210938,29.0,21.549999237060547,60632.78515625,2365.231689453125,91.1424331665039
2024-10-03,557.8233642578125,110.39693450927734,43.860313415527344,44.00883102416992,245.49000549316406,29.229999542236328,21.940000534057617,60759.40234375,2349.791259765625,90.28382873535156
2024-10-04,562.8925170898438,111.62570190429688,44.602882385253906,44.41879653930664,245.0,29.360000610351562,21.989999771118164,62067.4765625,2414.7939453125,89.1732406616211
2024-10-05,,,,,,,,62089.94921875,2415.6318359375,
2024-10-06,,,,,,,,62818.953125,2439.957763671875,
2024-10-07,557.8037109375,110.85771942138672,44.055728912353516,44.576107025146484,244.1699981689453,28.93000030517578,22.350000381469727,62236.66015625,2421.796630859375,88.50129699707031
2024-10-08,563.0791625976562,112.92880249023438,44.309757232666016,43.412960052490234,242.3699951171875,28.010000228881836,21.760000228881836,62131.96875,2439.8408203125,88.65061950683594
2024-10-09,566.9793090820312,114.1922607421875,44.72012710571289,43.675148010253906,241.0500030517578,27.860000610351562,21.610000610351562,60582.1015625,2368.283447265625,88.14665985107422
2024-10-10,565.9871215820312,114.16254425048828,44.583335876464844,43.97069549560547,242.82000732421875,28.3799991607666,22.049999237060547,60274.5,2383.85791015625,87.80135345458984
2024-10-11,569.3763427734375,114.36073303222656,45.44315719604492,44.24241638183594,245.47000122070312,28.799999237060547,22.040000915527344,62445.08984375,2436.513427734375,87.44669342041016
2024-10-12,,,,,,,,63193.0234375,2476.523193359375,
2024-10-13,,,,,,,,62851.375,2467.677001953125,
2024-10-14,574.0328979492188,115.85210418701172,45.726505279541016,44.22334671020508,245.07000732421875,28.540000915527344,21.690000534057617,66046.125,2628.89990234375,87.51203155517578
2024-10-15,569.5728149414062,113.30535888671875,45.824214935302734,42.79801559448242,245.9199981689453,28.709999084472656,21.200000762939453,67041.109375,2606.02197265625,88.57596588134766
2024-10-16,572.0484619140625,113.65714263916016,46.39090347290039,43.00300216674805,247.14999389648438,28.90999984741211,21.149999618530273,67612.71875,2611.10205078125,88.94927215576172
2024-10-17,572.0975341796875,114.00397491455078,46.517921447753906,43.20798110961914,248.6300048828125,28.889999389648438,21.139999389648438,67399.8359375,2604.2734375,87.54004669189453
2024-10-18,574.2981567382812,114.4102783203125,46.5276985168457,43.06496810913086,251.27000427246094,30.639999389648438,20.989999771118164,68418.7890625,2641.55224609375,87.60536193847656
2024-10-19,,,,,,,,68362.734375,2648.656982421875,
2024-10-20,,,,,,,,69001.703125,2746.364013671875,
2024-10-21,573.3550415039062,114.94539642333984,46.15641403198242,42.93626022338867,251.22000122070312,30.850000381469727,21.1299991607666,67367.8515625,2665.712158203125,86.07481384277344
2024-10-22,573.0504760742188,114.82646942138672,46.0684814453125,43.03636169433594,253.92999267578125,31.739999771118164,21.440000534057617,67361.40625,2620.197509765625,86.1587905883789
2024-10-23,567.8143310546875,113.18150329589844,46.029396057128906,42.812313079833984,250.8699951171875,30.709999084472656,21.3799991607666,66432.1953125,2509.098876953125,85.92550659179688
2024-10-24,569.0423583984375,113.51345825195312,46.0684814453125,42.807552337646484,252.8000030517578,30.690000534057617,21.34000015258789,68161.0546875,2534.49853515625,86.47610473632812
2024-10-25,568.8458251953125,114.10308074951172,45.56040573120117,42.79324722290039,253.32000732421875,30.6299991607666,21.520000457763672,66642.4140625,2435.93408203125,85.99081420898438
2024-10-26,,,,,,,,67014.6953125,2479.603271484375,
2024-10-27,,,,,,,,67929.296875,2505.940673828125,
2024-10-28,570.6044311523438,114.06838989257812,46.127098083496094,42.52153396606445,253.3300018310547,30.729999542236328,20.889999389648438,69907.7578125,2565.34814453125,85.75749969482422
2024-10-29,571.52783203125,115.6043701171875,45.84375,41.87321853637695,256.0899963378906,31.389999389648438,20.81999969482422,72720.4921875,2637.95751953125,85.88815307617188
2024-10-30,569.798828125,113.76615905761719,46.0489387512207,41.96855926513672,257.5,30.809999465942383,21.079999923706055,72339.5390625,2657.37255859375,86.1401596069336
2024-10-31,558.6289672851562,110.114501953125,45.41384506225586,42.230743408203125,253.50999450683594,29.809999465942383,21.299999237060547,70215.1875,2515.79931640625,86.2801284790039
2024-11-01,560.9866333007812,110.94195556640625,45.57017135620117,41.96379470825195,252.47000122070312,29.540000915527344,21.06999969482422,69482.46875,2511.885498046875,85.06373596191406
2024-11-02,,,,,,,,69289.2734375,2491.068603515625,
2024-11-03,,,,,,,,68741.1171875,2456.42529296875,
2024-11-04,559.7783203125,110.85771942138672,45.21842956542969,42.69791030883789,252.8300018310547,29.6299991607666,21.450000762939453,67811.5078125,2397.0263671875,86.38407135009766
2024-11-05,566.5470581054688,112.41846466064453,45.638572692871094,42.98393249511719,253.39999389648438,29.75,21.520000457763672,69359.5625,2422.650634765625,86.84291076660156
2024-11-06,580.6345825195312,115.61923217773438,48.41342544555664,44.59994125366211,245.6999969482422,28.43000030517578,21.399999618530273,75639.078125,2724.169189453125,84.46441650390625
2024-11-07,585.1242065429688,117.63581848144531,47.631771087646484,44.39495849609375,249.64999389648438,29.110000610351562,21.549999237060547,75904.859375,2895.58544921875,85.5225830078125
2024-11-08,587.6587524414062,117.50700378417969,48.061683654785156,44.69050979614258,247.9600067138672,28.479999542236328,21.219999313354492,76545.4765625,2962.296630859375,86.60881042480469
2024-11-09,,,,,,,,76778.8671875,3131.14453125,
2024-11-10,,,,,,,,80474.1875,3191.331298828125,
2024-11-11,588.21875,116.85792541503906,48.74562454223633,44.94316101074219,242.13999938964844,27.969999313354492,20.889999389648438,88701.484375,3374.81298828125,86.18743133544922
2024-11-12,586.3914794921875,117.00656127929688,48.599063873291016,44.70480728149414,240.0500030517578,28.06999969482422,20.829999923706055,87955.8125,3246.25732421875,84.89518737792969
2024-11-13,586.6763305664062,116.60028076171875,48.628379821777344,45.05280303955078,237.6300048828125,27.610000610351562,20.799999237060547,90584.1640625,3192.595947265625,84.08987426757812
2024-11-14,582.9039306640625,116.20389556884766,48.50135803222656,45.22441482543945,237.00999450683594,27.809999465942383,20.809999465942383,87250.4296875,3058.94873046875,84.57679748535156
2024-11-15,575.437744140625,113.32023620605469,48.7260856628418,45.157676696777344,236.58999633789062,27.56999969482422,20.700000762939453,91066.0078125,3103.04052734375,84.3520736694336
2024-11-16,,,,,,,,90558.4765625,3133.27392578125,
2024-11-17,,,,,,,,89845.8515625,3075.66162109375,
2024-11-18,577.7955322265625,113.6868667602539,48.872650146484375,45.7583122253418,241.08999633789062,28.3799991607666,21.1299991607666,90542.640625,3207.8564453125,84.50187683105469
2024-11-19,579.9076538085938,114.61837005615234,48.550209045410156,45.467529296875,243.25,28.5,21.200000762939453,92343.7890625,3111.384033203125,84.93263244628906
2024-11-20,580.1041259765625,114.519287109375,48.403648376464844,45.9251594543457,244.6199951171875,28.100000381469727,21.229999542236328,94339.4921875,3072.18798828125,84.66107177734375
2024-11-21,583.21826171875,115.68363952636719,49.019203186035156,46.29698944091797,246.66000366210938,28.040000915527344,21.40999984741211,98504.7265625,3361.053955078125,84.59551239013672
2024-11-22,585.0259399414062,115.74309539794922,49.56635665893555,46.368492126464844,249.83999633789062,28.469999313354492,21.479999542236328,98997.6640625,3331.600830078125,84.642333984375
2024-11-23,,,,,,,,97777.28125,3396.223388671875,
2024-11-24,,,,,,,,98013.8203125,3363.659912109375,
2024-11-25,587.0103149414062,115.73814392089844,49.88878631591797,45.45322799682617,242.47999572753906,27.6299991607666,21.200000762939453,93102.296875,3413.5439453125,86.83356475830078
2024-11-26,590.0753784179688,116.31785583496094,49.98649215698242,45.39126205444336,242.9499969482422,27.799999237060547,21.149999618530273,91985.3203125,3326.517333984375,86.49645233154297
2024-11-27,588.2874145507812,114.74223327636719,50.084197998046875,45.34358596801758,243.49000549316406,27.450000762939453,21.1200008392334,95962.53125,3657.249267578125,87.09574890136719
2024-11-28,,,,,,,,95652.46875,3579.8115234375,
2024-11-29,591.94189453125,115.8075180053711,50.1623649597168,45.539031982421875,245.58999633789062,27.920000076293945,21.139999389648438,97461.5234375,3593.494384765625,87.99472045898438
2024-11-30,,,,,,,,96449.0546875,3705.705322265625,
2024-12-01,,,,,,,,97279.7890625,3711.1650390625,
2024-12-02,593.0029296875,116.90746307373047,49.664066314697266,45.05756759643555,243.44000244140625,27.790000915527344,21.0,95865.3046875,3644.198486328125,88.20612335205078
2024-12-03,593.2780151367188,117.32862854003906,49.292781829833984,45.05280303955078,243.92999267578125,28.280000686645508,21.270000457763672,96002.1640625,3620.711669921875,87.44500732421875
2024-12-04,596.9619750976562,119.47403717041016,49.10713577270508,43.9659309387207,244.6699981689453,28.530000686645508,21.09000015258789,98768.53125,3841.3310546875,88.3846664428711
2024-12-05,595.9796142578125,118.86956024169922,49.25369644165039,44.13753890991211,242.86000061035156,28.559999465942383,21.06999969482422,96593.5703125,3811.00830078125,88.56320190429688
2024-12-06,597.109375,119.3303451538086,49.243927001953125,43.38912582397461,242.9499969482422,28.25,20.90999984741211,99920.7109375,4005.810546875,88.69474792480469
2024-12-07,,,,,,,,99923.3359375,4002.692626953125,
2024-12-08,,,,,,,,101236.015625,4005.70458984375,
2024-12-09,594.034423828125,118.55245208740234,48.56975173950195,43.31761932373047,245.36000061035156,28.979999542236328,21.149999618530273,97432.71875,3718.6904296875,87.87724304199219
2024-12-10,592.1875610351562,116.90746307373047,48.55998611450195,43.02206802368164,248.58999633789062,28.989999771118164,21.239999771118164,96675.4296875,3631.833740234375,87.46379089355469
2024-12-11,596.7655029296875,118.60198974609375,48.657691955566406,43.09357452392578,250.9600067138672,29.040000915527344,21.5,101173.03125,3832.822021484375,86.63687896728516
2024-12-12,593.690673828125,117.93806457519531,48.4427375793457,42.74557876586914,247.27999877929688,28.200000762939453,21.479999542236328,100043.0,3883.1015625,85.58446502685547
2024-12-13,593.57275390625,118.44345092773438,48.403648376464844,42.53106689453125,244.2899932861328,27.75,21.56999969482422,101459.2578125,3911.205322265625,84.71057891845703
2024-12-14,,,,,,,,101372.96875,3868.4052734375,
2024-12-15,,,,,,,,104298.6953125,3951.941162109375,
2024-12-16,596.1073608398438,119.62763214111328,48.31572341918945,41.59673309326172,244.8800048828125,27.799999237060547,21.40999984741211,106029.71875,3987.48095703125,84.96429443359375
2024-12-17,593.6513061523438,118.90423583984375,47.9737434387207,41.28688430786133,243.94000244140625,27.809999465942383,21.329999923706055,106140.6015625,3886.76611328125,85.17102813720703
2024-12-18,575.9584350585938,115.06926727294922,46.53746795654297,40.066532135009766,239.25999450683594,26.850000381469727,21.190000534057617,100041.5390625,3618.791259765625,84.10601043701172
2024-12-19,575.7815551757812,115.19313049316406,46.70356369018555,39.718544006347656,239.60000610351562,26.520000457763672,21.139999389648438,97490.953125,3417.927978515625,82.83253479003906
2024-12-20,582.6973266601562,116.91242980957031,47.39727783203125,40.109432220458984,242.10000610351562,26.920000076293945,21.510000228881836,97755.9296875,3472.553466796875,83.30419158935547
2024-12-21,,,,,,,,97224.7265625,3337.222412109375,
2024-12-22,,,,,,,,95104.9375,3277.53515625,
2024-12-23,586.1865844726562,118.15115356445312,47.51110076904297,40.34497833251953,240.9600067138672,26.989999771118164,21.280000686645508,94686.2421875,3415.785400390625,82.54010772705078
2024-12-24,592.7020263671875,119.37202453613281,48.070404052734375,40.686275482177734,241.44000244140625,27.020000457763672,21.389999389648438,98676.09375,3492.0498046875,82.88912963867188
2024-12-25,,,,,,,,99299.1953125,3493.2353515625,
2024-12-26,592.7415161132812,119.45143127441406,48.18815231323242,40.65262222290039,243.07000732421875,27.139999389648438,21.34000015258789,95795.515625,3331.225830078125,82.84196472167969
2024-12-27,586.5020751953125,117.8633041381836,47.834903717041016,40.64781188964844,241.39999389648438,26.760000228881836,21.420000076293945,94164.859375,3328.9169921875,82.16278839111328
2024-12-28,,,,,,,,95163.9296875,3397.90234375,
2024-12-29,,,,,,,,93530.2265625,3349.513427734375,
2024-12-30,579.80908203125,116.3645248413086,47.37372970581055,40.64301300048828,240.6300048828125,26.43000030517578,21.65999984741211,92643.2109375,3356.392578125,82.82310485839844
2024-12-31,577.69970703125,115.39676666259766,47.422794342041016,41.17658996582031,242.1300048828125,26.329999923706055,21.770000457763672,93429.203125,3332.53173828125,82.37975311279297
2025-01-01,,,,,,,,94419.7578125,3353.504150390625,
2025-01-02,576.2803344726562,115.1238021850586,47.3050422668457,41.657283782958984,245.4199981689453,26.93000030517578,21.989999771118164,96886.875,3451.392578125,82.60613250732422
2025-01-03,583.4857788085938,116.99977111816406,47.677913665771484,42.046653747558594,243.49000549316406,26.979999542236328,21.950000762939453,98107.4296875,3605.009765625,82.34201049804688
2025-01-04,,,,,,,,98236.2265625,3657.706787109375,
2025-01-05,,,,,,,,98314.9609375,3634.103759765625,
2025-01-06,586.8469848632812,118.48863220214844,47.530723571777344,41.854373931884766,243.19000244140625,27.239999771118164,21.969999313354492,102078.0859375,3688.611328125,81.9741439819336
2025-01-07,580.2133178710938,116.11141204833984,47.422794342041016,42.272579193115234,244.55999755859375,27.329999923706055,22.06999969482422,96922.703125,3381.577392578125,81.04966735839844
2025-01-08,581.0609130859375,116.07170867919922,47.57978820800781,42.31584167480469,245.86000061035156,27.399999618530273,21.989999771118164,95043.5234375,3326.329345703125,81.15343475341797
2025-01-09,,,,,,,,92484.0390625,3219.4306640625,
2025-01-10,572.189697265625,113.5406494140625,46.4317512512207,42.488887786865234,248.2100067138672,27.610000610351562,22.709999084472656,94701.453125,3267.489990234375,80.61576080322266
2025-01-11,,,,,,,,94566.59375,3282.2177734375,
2025-01-12,,,,,,,,94488.4375,3265.951171875,
2025-01-13,573.0768432617188,112.73666381835938,46.76536178588867,43.382991790771484,245.74000549316406,26.959999084472656,22.899999618530273,94516.5234375,3135.499755859375,80.58744812011719
2025-01-14,573.8653564453125,113.034423828125,47.34429168701172,43.849266052246094,247.02999877929688,27.200000762939453,22.84000015258789,96534.046875,3223.6845703125,80.45537567138672
2025-01-15,584.303955078125,115.28260803222656,48.551204681396484,44.498207092285156,248.8800048828125,27.959999084472656,23.309999465942383,100504.4921875,3450.53759765625,81.84205627441406
2025-01-16,583.1802368164062,114.39425659179688,48.87500762939453,44.820274353027344,250.60000610351562,28.040000915527344,23.1299991607666,99756.90625,3308.34521484375,82.10616302490234
2025-01-17,589.0353393554688,116.18585205078125,49.28712463378906,45.1663818359375,249.27000427246094,27.610000610351562,23.049999237060547,104462.0390625,3474.107177734375,82.24769592285156
2025-01-18,,,,,,,,104408.0703125,3305.78955078125,
2025-01-19,,,,,,,,101089.609375,3208.96435546875,
2025-01-20,,,,,,,,102016.6640625,3278.035400390625,
2025-01-21,594.4270629882812,117.15361022949219,49.699241638183594,44.93564224243164,253.1300048828125,28.040000915527344,22.899999618530273,106146.265625,3327.40625,82.98346710205078
2025-01-22,597.7686767578125,119.79883575439453,49.463748931884766,44.11845779418945,254.42999267578125,28.049999237060547,22.81999969482422,103653.0703125,3240.224609375,82.54954528808594
2025-01-23,601.0313110351562,120.01223754882812,49.7483024597168,44.32034683227539,254.07000732421875,27.770000457763672,22.729999542236328,103960.171875,3334.714111328125,81.90808868408203
2025-01-24,599.2767944335938,118.7615966796875,49.895484924316406,43.89252471923828,255.64999389648438,27.90999984741211,22.790000915527344,104819.484375,3309.554931640625,82.2759780883789
2025-01-25,,,,,,,,104714.6484375,3317.26953125,
2025-01-26,,,,,,,,102682.5,3236.13427734375,
2025-01-27,590.7996826171875,112.94013214111328,50.444976806640625,43.43586730957031,252.99000549316406,27.459999084472656,22.469999313354492,102087.6875,3178.92041015625,83.24758911132812
2025-01-28,595.8760986328125,115.95260620117188,50.356666564941406,43.02246856689453,255.17999267578125,27.6299991607666,22.56999969482422,101332.4765625,3077.112548828125,83.19100952148438
2025-01-29,593.2047729492188,115.00965881347656,50.317413330078125,43.11861038208008,254.1999969482422,28.0,22.559999465942383,103703.2109375,3112.9990234375,83.0212173461914
2025-01-30,596.3886108398438,115.22306823730469,50.7982177734375,43.33972930908203,258.04998779296875,28.719999313354492,22.56999969482422,104735.3046875,3247.780029296875,83.33251190185547
2025-01-31,593.2146606445312,114.5481185913086,50.503849029541016,42.12836837768555,258.55999755859375,28.510000228881836,22.520000457763672,102405.0234375,3298.26513671875,82.78538513183594
2025-02-01,,,,,,,,100655.90625,3118.32861328125,
2025-02-02,,,,,,,,97688.9765625,2868.69287109375,
2025-02-03,589.2225952148438,113.00465393066406,50.29779052734375,42.39275360107422,259.94000244140625,28.670000076293945,22.649999618530273,101405.421875,2884.566650390625,83.45941162109375
2025-02-04,593.17529296875,114.63248443603516,50.1800422668457,43.282047271728516,262.5,29.219999313354492,22.670000076293945,97871.8203125,2735.05126953125,83.71502685546875
2025-02-05,595.580322265625,116.2255630493164,50.70990753173828,43.37337875366211,264.1300048828125,29.350000381469727,22.540000915527344,96615.4453125,2787.779052734375,85.09717559814453
2025-02-06,597.6503295898438,116.54318237304688,51.1318359375,42.57542037963867,263.42999267578125,29.3799991607666,22.459999084472656,96593.296875,2688.40087890625,85.0593032836914
2025-02-07,592.1796875,115.54563903808594,50.84727478027344,42.57060623168945,263.8999938964844,29.030000686645508,22.5,96529.0859375,2622.211181640625,84.51021575927734
2025-02-08,,,,,,,,96482.453125,2632.308349609375,
2025-02-09,,,,,,,,96500.09375,2628.72119140625,
2025-02-10,596.2012939453125,117.23302459716797,50.444976806640625,43.50797653198242,268.3699951171875,29.200000762939453,22.829999923706055,97437.5546875,2661.166748046875,84.2546157836914
2025-02-11,596.65478515625,117.2876205444336,50.57253646850586,43.858882904052734,267.3900146484375,29.0,22.920000076293945,95747.4296875,2602.781982421875,83.71502685546875
2025-02-12,594.7325439453125,117.03450775146484,50.395912170410156,42.80134963989258,267.6700134277344,29.34000015258789,22.670000076293945,97885.859375,2736.902099609375,82.57899475097656
2025-02-13,601.0115356445312,118.6921157836914,50.729530334472656,43.1234130859375,270.30999755859375,29.459999084472656,22.799999237060547,96623.8671875,2675.902587890625,83.95169067382812
2025-02-14,600.9819946289062,119.09410095214844,50.82765197753906,43.29646682739258,266.2900085449219,29.309999465942383,22.700000762939453,97508.96875,2726.091552734375,84.3966293334961
2025-02-15,,,,,,,,97580.3515625,2693.559814453125,
2025-02-16,,,,,,,,96175.03125,2663.31591796875,
2025-02-17,,,,,,,,95773.3828125,2743.19970703125,
2025-02-18,602.746337890625,120.18097686767578,51.19070816040039,43.88772201538086,270.70001220703125,29.90999984741211,23.010000228881836,95539.546875,2669.3388671875,83.4026107788086
2025-02-19,604.165771484375,120.19090270996094,51.210330963134766,44.233821868896484,270.8500061035156,29.809999465942383,23.110000610351562,96635.609375,2715.77099609375,83.50675201416016
2025-02-20,601.6522216796875,119.80875396728516,50.425350189208984,44.637611389160156,270.989990234375,29.950000762939453,23.09000015258789,98333.9375,2740.386474609375,83.81913757324219
2025-02-21,591.361572265625,116.56302642822266,49.797367095947266,43.70986557006836,270.739990234375,29.59000015258789,22.700000762939453,96125.546875,2659.655517578125,84.83209228515625
2025-02-22,,,,,,,,96577.7578125,2764.029296875,
2025-02-23,,,,,,,,96273.921875,2821.310302734375,
2025-02-24,588.6707153320312,114.8955078125,50.01323699951172,43.71947479248047,272.2099914550781,29.440000534057617,22.690000534057617,91418.171875,2513.8212890625,85.07823944091797
2025-02-25,585.7430419921875,113.40664672851562,50.003421783447266,43.089759826660156,268.6199951171875,28.829999923706055,22.40999984741211,88736.171875,2493.592529296875,86.54560089111328
2025-02-26,586.0387573242188,114.64240264892578,49.895484924316406,42.8446044921875,269.0299987792969,28.940000534057617,22.299999237060547,84347.0234375,2331.45263671875,87.05680084228516
2025-02-27,576.6844482421875,110.46862030029297,50.17023468017578,43.07534408569336,264.92999267578125,28.399999618530273,22.329999923706055,84704.2265625,2305.484375,86.44145965576172
2025-02-28,585.6838989257812,111.9277114868164,51.20052719116211,43.74351119995117,263.2699890136719,28.309999465942383,22.190000534057617,84373.0078125,2237.9052734375,87.50173950195312
2025-03-01,,,,,,,,86031.9140625,2216.643310546875,
2025-03-02,,,,,,,,94248.3515625,2519.694580078125,
2025-03-03,575.4227294921875,108.52318572998047,50.76878356933594,42.21489334106445,266.739990234375,28.75,21.969999313354492,86065.671875,2145.573974609375,87.91009521484375
2025-03-04,568.611572265625,108.43881225585938,48.98294448852539,41.806297302246094,269.05999755859375,29.0,22.030000686645508,87222.1953125,2170.01513671875,86.8274917602539
2025-03-05,574.722900390625,109.96240997314453,49.26750183105469,41.1958122253418,269.6199951171875,29.770000457763672,21.920000076293945,90623.5625,2241.977294921875,86.13423156738281
2025-03-06,564.5209350585938,106.91024780273438,48.45308303833008,41.320796966552734,268.25,29.690000534057617,21.84000015258789,89961.7265625,2202.476806640625,85.8493423461914
2025-03-07,567.6849975585938,108.45865631103516,48.19796371459961,42.02742385864258,268.3900146484375,29.59000015258789,22.059999465942383,86742.671875,2138.987548828125,85.57392883300781
2025-03-08,,,,,,,,86154.59375,2201.51025390625,
2025-03-09,,,,,,,,80601.0390625,2015.5091552734375,
2025-03-10,552.5643920898438,103.84814453125,47.11861038208008,42.33987808227539,266.0400085449219,29.110000610351562,21.8700008392334,78532.0,1861.1513671875,86.46662139892578
2025-03-11,547.9708862304688,103.42630767822266,46.716304779052734,42.003387451171875,269.1600036621094,29.959999084472656,21.989999771118164,82862.2109375,1919.844970703125,85.8493423461914
2025-03-12,550.8788452148438,105.05413055419922,46.78499221801758,42.1956672668457,270.3299865722656,30.219999313354492,22.079999923706055,83722.359375,1908.982666015625,85.33651733398438
2025-03-13,543.5353393554688,103.05905151367188,46.52987289428711,41.90724563598633,275.1300048828125,30.739999771118164,21.950000762939453,81066.703125,1862.9696044921875,86.08675384521484
2025-03-14,554.7625732421875,106.17574310302734,47.60922622680664,43.1474494934082,275.239990234375,30.709999084472656,22.06999969482422,83969.1015625,1909.467529296875,85.63092041015625
2025-03-15,,,,,,,,84343.109375,1937.3946533203125,
2025-03-16,,,,,,,,82579.6875,1887.43505859375,
2025-03-17,559.0404052734375,106.91521453857422,48.16852569580078,43.83484649658203,276.7300109863281,30.809999465942383,22.239999771118164,84075.6875,1927.0029296875,86.05826568603516
2025-03-18,552.9981079101562,105.28738403320312,48.109649658203125,43.906944274902344,279.9599914550781,30.850000381469727,22.139999389648438,82718.5,1932.54345703125,86.14372253417969
2025-03-19,559.0206909179688,106.65714263916016,48.6395149230957,44.62319564819336,281.1099853515625,30.75,22.309999465942383,86854.2265625,2057.7490234375,86.59007263183594
2025-03-20,557.4041137695312,105.89781951904297,48.70819854736328,44.7866325378418,280.75,30.5,22.399999618530273,84167.1953125,1982.099853515625,86.64705657958984
2025-03-21,557.5880126953125,106.1856689453125,48.531578063964844,44.47417068481445,278.489990234375,30.020000457763672,22.299999237060547,84043.2421875,1964.8475341796875,86.13423156738281
2025-03-22,,,,,,,,83832.484375,1980.037841796875,
2025-03-23,,,,,,,,86054.375,2005.2991943359375,
2025-03-24,567.5736083984375,108.1966781616211,49.38736343383789,44.98090362548828,277.25,29.959999084472656,22.440000534057617,87498.9140625,2077.47900390625,85.25104522705078
2025-03-25,568.93798828125,108.55463409423828,49.66310501098633,45.165000915527344,278.4700012207031,30.579999923706055,22.459999084472656,87471.703125,2067.76416015625,85.2415542602539
2025-03-26,562.1458129882812,106.13346099853516,49.51538848876953,45.43144226074219,278.239990234375,30.530000686645508,22.440000534057617,86900.8828125,2009.1893310546875,84.68125915527344
2025-03-27,560.6529541015625,105.15406036376953,49.416908264160156,44.99059295654297,281.9700012207031,31.31999969482422,22.5,87177.1015625,2002.357421875,84.4343490600586
2025-03-28,549.3623657226562,102.6036376953125,48.46165466308594,44.77743911743164,284.05999755859375,31.0,22.389999389648438,84353.1484375,1895.5029296875,85.60242462158203
2025-03-29,,,,,,,,82597.5859375,1827.3203125,
2025-03-30,,,,,,,,82334.5234375,1806.2186279296875,
2025-03-31,553.0501098632812,102.6533432006836,49.05253601074219,45.271575927734375,288.1400146484375,30.989999771118164,22.770000457763672,82548.9140625,1823.47998046875,86.44762420654297
2025-04-01,554.6121826171875,103.40406799316406,48.99345016479492,45.538021087646484,287.57000732421875,30.6299991607666,22.770000457763672,85169.171875,1905.491455078125,87.19673919677734
2025-04-02,558.1219482421875,104.16969299316406,49.397212982177734,45.60099792480469,288.1600036621094,30.760000228881836,22.920000076293945,82485.7109375,1795.313232421875,87.1395492553711
2025-04-03,530.6173095703125,97.06031799316406,46.96477508544922,42.02093505859375,286.4200134277344,28.889999389648438,21.969999313354492,83102.828125,1815.63720703125,87.53984069824219
2025-04-04,499.5533447265625,90.66685485839844,43.5278434753418,38.155052185058594,279.7200012207031,27.079999923706055,21.030000686645508,83843.8046875,1815.335205078125,88.49291229248047
2025-04-05,,,,,,,,83504.796875,1805.9732666015625,
2025-04-06,,,,,,,,78214.484375,1576.72802734375,
2025-04-07,498.6635437011719,91.20875549316406,43.41952133178711,37.907981872558594,273.7099914550781,27.139999389648438,20.6299991607666,79235.3359375,1555.240966796875,85.82431030273438
2025-04-08,490.8531188964844,89.35435485839844,43.25210189819336,37.031131744384766,275.20001220703125,27.139999389648438,20.190000534057617,76271.953125,1472.5531005859375,84.2040786743164
2025-04-09,542.4021606445312,101.35079956054688,46.51176834106445,39.8990592956543,285.3800048828125,28.059999465942383,21.139999389648438,82573.953125,1668.0400390625,84.69969940185547
2025-04-10,518.6346435546875,96.63275909423828,45.21184539794922,37.29273223876953,292.3500061035156,28.280000686645508,20.75,79626.140625,1522.518798828125,82.36463928222656
2025-04-11,527.8884887695312,98.6114501953125,45.96028137207031,38.21802520751953,297.92999267578125,29.190000534057617,21.1200008392334,83404.8359375,1567.1497802734375,82.8125991821289
2025-04-12,,,,,,,,85287.109375,1643.528564453125,
2025-04-13,,,,,,,,83684.9765625,1596.685791015625,
2025-04-14,533.0098266601562,99.51131439208984,46.432987213134766,38.35367202758789,296.2300109863281,29.3799991607666,21.1200008392334,84542.390625,1622.7698974609375,83.40350341796875
2025-04-15,531.5169067382812,99.87423706054688,46.55116271972656,38.29553985595703,297.7799987792969,29.40999984741211,21.059999465942383,83668.9921875,1588.6324462890625,83.69894409179688
2025-04-16,519.7022705078125,96.40406799316406,45.82240676879883,38.61042785644531,307.4700012207031,29.760000228881836,21.360000610351562,84033.8671875,1578.1053466796875,84.16596221923828
2025-04-17,520.44384765625,95.88204193115234,45.940589904785156,39.4824333190918,306.1199951171875,29.549999237060547,21.59000015258789,84895.75,1582.54833984375,83.42254638671875
2025-04-18,,,,,,,,84450.8046875,1588.9246826171875,
2025-04-19,,,,,,,,85063.4140625,1612.9228515625,
2025-04-20,,,,,,,,85174.3046875,1587.5142822265625,
2025-04-21,508.0558776855469,93.40620422363281,44.95579528808594,38.4505615234375,315.5899963378906,29.790000915527344,21.40999984741211,87518.90625,1579.7344970703125,81.96434783935547
2025-04-22,521.2743530273438,95.68318939208984,46.44283676147461,39.42914581298828,311.1099853515625,29.5,21.559999465942383,93441.890625,1757.3316650390625,82.42182922363281
2025-04-23,529.3516845703125,98.45732879638672,46.99431610107422,39.356475830078125,303.6499938964844,30.559999465942383,21.399999618530273,93699.109375,1796.104248046875,83.22240447998047
2025-04-24,540.4940185546875,102.13133239746094,47.51625442504883,39.98625946044922,308.07000732421875,30.559999465942383,21.579999923706055,93943.796875,1769.8316650390625,84.09923553466797
2025-04-25,544.3992919921875,103.6427001953125,47.289756774902344,39.91358947753906,304.7300109863281,30.049999237060547,21.600000381469727,94720.5,1786.634521484375,84.71875
2025-04-26,,,,,,,,94646.9296875,1821.881103515625,
2025-04-27,,,,,,,,93754.84375,1792.864990234375,
2025-04-28,544.6068115234375,103.47367095947266,47.437469482421875,40.19457244873047,309.07000732421875,30.190000534057617,21.510000228881836,94978.75,1798.851806640625,85.2524642944336
2025-04-29,548.0375366210938,103.9559097290039,47.929866790771484,40.078304290771484,306.05999755859375,29.829999923706055,21.18000030517578,94284.7890625,1799.1756591796875,85.96726989746094
2025-04-30,548.2550659179688,104.38843536376953,48.01850128173828,38.99798583984375,303.7699890136719,29.600000381469727,20.75,94207.3125,1793.775390625,85.27153015136719
2025-05-01,552.1404418945312,105.91969299316406,48.00865173339844,39.14331817626953,297.4599914550781,29.389999389648438,20.8799991607666,96492.3359375,1839.2215576171875,84.83915710449219
2025-05-02,560.3365478515625,107.68956756591797,49.003292083740234,39.714969635009766,297.9800109863281,29.1200008392334,20.969999313354492,96910.0703125,1842.7078857421875,83.92084503173828
2025-05-03,,,,,,,,95891.796875,1833.8397216796875,
2025-05-04,,,,,,,,94315.9765625,1808.59423828125,
2025-05-05,557.1234130859375,107.11783599853516,48.68815994262695,38.99798583984375,306.8800048828125,29.479999542236328,20.780000686645508,94748.0546875,1819.697509765625,83.45211029052734
2025-05-06,552.4667358398438,106.22793579101562,48.41241455078125,39.00767517089844,315.4800109863281,30.219999313354492,21.079999923706055,96802.4765625,1815.0875244140625,83.72949981689453
2025-05-07,554.7901611328125,107.29185485839844,48.69801330566406,39.02220916748047,310.75,29.489999771118164,20.84000015258789,97032.3203125,1811.606689453125,84.08345031738281
2025-05-08,558.6558227539062,108.31598663330078,49.101776123046875,39.53572463989258,304.6300048828125,29.459999084472656,21.149999618530273,103241.4609375,2206.5146484375,83.14598846435547
2025-05-09,557.9439697265625,108.1817626953125,49.101776123046875,39.93296813964844,306.8399963378906,29.799999237060547,21.350000381469727,102970.8515625,2345.50732421875,83.27034759521484
2025-05-10,,,,,,,,104696.328125,2582.422607421875,
2025-05-11,,,,,,,,104106.359375,2510.23779296875,
2025-05-12,576.382568359375,113.20306396484375,50.09640884399414,40.97452926635742,298.19000244140625,29.6299991607666,21.489999771118164,102812.953125,2496.397705078125,82.49553680419922
2025-05-13,580.18896484375,115.64908599853516,50.303226470947266,41.55101776123047,299.4599914550781,29.93000030517578,21.770000457763672,104169.8125,2680.129638671875,82.16072845458984
2025-05-14,580.9304809570312,116.3998031616211,50.165348052978516,41.299110412597656,293.1600036621094,29.25,21.600000381469727,103539.4140625,2610.063232421875,81.61546325683594
2025-05-15,583.7680053710938,116.55888366699219,50.50017547607422,41.4735107421875,297.8399963378906,29.610000610351562,21.469999313354492,103744.640625,2546.85693359375,82.33291625976562
2025-05-16,587.4655151367188,116.77763366699219,50.80546569824219,41.41053009033203,294.239990234375,29.299999237060547,21.440000534057617,103489.2890625,2536.297607421875,82.55291748046875
2025-05-17,,,,,,,,103191.0859375,2475.75439453125,
2025-05-18,,,,,,,,106446.0078125,2498.233642578125,
2025-05-19,588.108154296875,116.60860443115234,50.83500671386719,40.87279510498047,298.0299987792969,29.420000076293945,21.459999084472656,105606.1796875,2529.166748046875,82.31378936767578
2025-05-20,586.1307983398438,116.17109680175781,50.55926513671875,40.49492263793945,303.5799865722656,30.1299991607666,21.65999984741211,106791.0859375,2524.173095703125,81.72069549560547
2025-05-21,576.2540893554688,113.98857879638672,49.52523422241211,39.748878479003906,305.82000732421875,30.510000228881836,21.540000915527344,109678.078125,2552.34716796875,80.32408905029297
2025-05-22,576.4815063476562,114.01840209960938,49.46614456176758,39.5938606262207,303.1099853515625,30.030000686645508,21.389999389648438,111673.28125,2664.156982421875,80.7449951171875
2025-05-23,572.5465087890625,112.76058959960938,49.288883209228516,39.719810485839844,309.75,30.450000762939453,21.559999465942383,107287.796875,2526.44189453125,80.87890625
2025-05-24,,,,,,,,107791.15625,2530.646240234375,
2025-05-25,,,,,,,,109035.390625,2551.763916015625,
2025-05-26,,,,,,,,109440.3671875,2564.138427734375,
2025-05-27,584.4500732421875,115.44027709960938,50.15550231933594,40.06377029418945,304.5,30.229999542236328,21.40999984741211,108994.640625,2663.06982421875,82.0076675415039
2025-05-28,581.0689086914062,114.9630126953125,49.82067108154297,39.55509948730469,303.80999755859375,29.979999542236328,21.329999923706055,107802.328125,2682.212890625,81.65374755859375
2025-05-29,583.362548828125,115.15689849853516,50.076717376708984,39.85061264038086,305.6099853515625,30.299999237060547,21.260000228881836,105641.7578125,2632.65478515625,82.40943908691406
2025-05-30,582.7100830078125,114.79894256591797,50.18504333496094,39.49696731567383,303.6000061035156,30.0,21.170000076293945,103998.5703125,2529.943603515625,82.53378295898438
2025-05-31,,,,,,,,104638.09375,2529.08740234375,
2025-06-01,,,,,,,,105652.1015625,2536.266357421875,
2025-06-02,585.992431640625,115.81314086914062,50.204742431640625,40.01532745361328,311.6700134277344,31.59000015258789,21.600000381469727,105881.53125,2607.097412109375,81.76567840576172
2025-06-03,589.3341064453125,117.5531997680664,50.303226470947266,40.49008560180664,308.9100036621094,31.440000534057617,21.700000762939453,105432.46875,2593.2802734375,81.62165069580078
2025-06-04,589.1759643554688,117.72721099853516,50.01763153076172,39.70043182373047,310.8999938964844,31.34000015258789,21.639999389648438,104731.984375,2608.64306640625,82.9466552734375
2025-06-05,586.3285522460938,117.39411163330078,49.879764556884766,39.661678314208984,309.3299865722656,32.45000076293945,21.760000228881836,101575.953125,2416.28564453125,83.00425720214844
2025-06-06,592.349609375,118.50277709960938,50.50017547607422,40.4077262878418,305.17999267578125,32.689998626708984,21.979999542236328,104390.34375,2477.19482421875,81.94810485839844
2025-06-07,,,,,,,,105615.625,2526.50537109375,
2025-06-08,,,,,,,,105793.6484375,2510.787109375,
2025-06-09,592.8834228515625,119.0844497680664,50.22443771362305,40.48523712158203,306.6199951171875,33.38999938964844,22.040000915527344,110294.1015625,2681.51708984375,82.03451538085938
2025-06-10,596.2449951171875,119.75064086914062,50.28352737426758,41.20706558227539,306.7099914550781,33.22999954223633,21.979999542236328,110257.234375,2813.517578125,82.45697784423828
2025-06-11,594.5443725585938,119.48714447021484,50.22443771362305,41.80293655395508,308.3699951171875,32.95000076293945,22.3700008392334,108686.625,2773.529296875,82.70662689208984
2025-06-12,596.9073486328125,120.59581756591797,50.22443771362305,41.948265075683594,312.20001220703125,33.060001373291016,22.3799991607666,105929.0546875,2651.795166015625,83.695556640625
2025-06-13,590.23388671875,118.90547943115234,49.20024871826172,42.679786682128906,316.2900085449219,32.970001220703125,23.040000915527344,106090.96875,2579.486083984375,82.88904571533203
2025-06-14,,,,,,,,105472.40625,2533.444091796875,
2025-06-15,,,,,,,,105552.0234375,2546.837158203125,
2025-06-16,595.8494262695312,120.82947540283203,49.76158142089844,42.55382537841797,311.7799987792969,33.029998779296875,22.989999771118164,106796.7578125,2540.60498046875,82.05371856689453
2025-06-17,590.7578125,119.97437286376953,49.47599792480469,42.951072692871094,311.94000244140625,33.7400016784668,23.479999542236328,104601.1171875,2510.761474609375,83.0522689819336
2025-06-18,590.6688232421875,120.11853790283203,49.456302642822266,42.67009735107422,310.260009765625,33.27000045776367,23.520000457763672,104883.328125,2524.301513671875,83.1962890625
2025-06-19,,,,,,,,104684.2890625,2521.653564453125,
2025-06-20,589.2816162109375,119.58657836914062,49.59416961669922,43.106101989746094,310.1300048828125,32.720001220703125,23.59000015258789,103309.6015625,2407.30419921875,83.04267120361328
2025-06-21,,,,,,,,102257.40625,2300.49560546875,
2025-06-22,,,,,,,,100987.140625,2228.213134765625,
2025-06-23,595.1021728515625,120.95006561279297,50.21868896484375,42.016014099121094,311.0799865722656,32.959999084472656,22.68000030517578,105577.7734375,2421.824951171875,83.3115005493164
2025-06-24,601.676513671875,123.12126922607422,50.96969985961914,41.469024658203125,306.19000244140625,32.61000061035156,22.110000610351562,106045.6328125,2448.0087890625,83.91638946533203
2025-06-25,602.0135498046875,124.17201232910156,50.80171203613281,41.2883186340332,307.1199951171875,33.0099983215332,22.059999465942383,107361.2578125,2419.310302734375,84.02200317382812
2025-06-26,606.7236328125,125.0285415649414,51.177215576171875,41.87926483154297,306.7799987792969,33.34000015258789,22.1299991607666,106960.0,2416.146728515625,84.44447326660156
2025-06-27,609.7380981445312,124.879150390625,51.325435638427734,41.65949630737305,301.2200012207031,32.619998931884766,22.100000381469727,107088.4296875,2423.866943359375,83.90678405761719
2025-06-28,,,,,,,,107327.703125,2437.109375,
2025-06-29,,,,,,,,108385.5703125,2500.9599609375,
2025-06-30,612.6533203125,126.10417938232422,51.75035095214844,41.42018127441406,304.8299865722656,32.810001373291016,22.040000915527344,107135.3359375,2486.46435546875,84.7325210571289
2025-07-01,612.455078125,124.9787368774414,52.03691864013672,41.737632751464844,307.54998779296875,32.72999954223633,22.15999984741211,105698.28125,2405.792724609375,84.9426040649414
2025-07-02,615.2315063476562,126.29839324951172,51.99739456176758,42.455562591552734,309.25,33.2400016784668,22.530000686645508,108859.3203125,2571.33544921875,84.40292358398438
2025-07-03,620.0803833007812,127.96165466308594,52.56064987182617,42.50440216064453,307.1400146484375,33.5099983215332,22.459999084472656,109647.9765625,2591.00732421875,83.8150634765625
2025-07-04,,,,,,,,108034.3359375,2508.518310546875,
2025-07-05,,,,,,,,108231.1796875,2517.280029296875,
2025-07-06,,,,,,,,109232.0703125,2571.236572265625,
2025-07-07,615.4595336914062,126.9457778930664,52.05668640136719,42.09415817260742,307.3699951171875,33.43000030517578,22.5,108299.8515625,2543.01318359375,83.01516723632812
2025-07-08,615.1224365234375,127.62802124023438,51.592247009277344,43.22721862792969,304.1600036621094,33.290000915527344,22.549999237060547,108950.2734375,2615.505859375,82.90914154052734
2025-07-09,618.8110961914062,128.3948974609375,51.779998779296875,43.007442474365234,305.5199890136719,33.0,22.549999237060547,111326.5546875,2770.777587890625,83.77649688720703
2025-07-10,620.5563354492188,127.97162628173828,52.08633041381836,43.33466339111328,306.20001220703125,33.75,22.389999389648438,115987.203125,2954.84521484375,83.83432006835938
2025-07-11,618.3748168945312,127.40889739990234,51.5428352355957,43.53001403808594,309.1400146484375,35.029998779296875,22.68000030517578,117516.9921875,2957.88623046875,82.6778564453125
2025-07-12,,,,,,,,117435.2265625,2942.91162109375,
2025-07-13,,,,,,,,119116.1171875,2973.35888671875,
2025-07-14,619.5548095703125,127.30431365966797,51.928218841552734,43.05139923095703,308.010009765625,34.630001068115234,22.450000762939453,119849.703125,3013.350830078125,82.50437927246094
2025-07-15,616.9072875976562,128.43475341796875,51.038875579833984,42.4311408996582,306.7300109863281,34.2599983215332,22.40999984741211,117777.1875,3139.8896484375,81.9261474609375
2025-07-16,618.9697265625,128.83311462402344,51.39461135864258,42.064849853515625,308.260009765625,34.40999984741211,22.479999542236328,118738.5078125,3371.5068359375,82.04179382324219
2025-07-17,622.7576293945312,130.00338745117188,51.888694763183594,42.323699951171875,307.5899963378906,34.650001525878906,22.649999618530273,119289.84375,3476.784423828125,82.02252197265625
2025-07-18,622.301513671875,129.91873168945312,51.91834259033203,41.98182678222656,308.3900146484375,34.61000061035156,22.709999084472656,118003.2265625,3549.016357421875,82.14781188964844
2025-07-19,,,,,,,,117939.9765625,3595.273681640625,
2025-07-20,,,,,,,,117300.7890625,3759.471435546875,
2025-07-21,623.4815063476562,130.0880584716797,51.77011489868164,41.54716110229492,313.1300048828125,35.349998474121094,22.670000076293945,117439.5390625,3763.371337890625,82.88023376464844
2025-07-22,623.5706787109375,128.8829345703125,52.05668640136719,41.742515563964844,316.1000061035156,35.720001220703125,22.610000610351562,119995.4140625,3749.1455078125,83.38137817382812
2025-07-23,628.8757934570312,129.6199493408203,52.471710205078125,42.39695739746094,312.17999267578125,35.689998626708984,22.600000381469727,118754.9609375,3629.70361328125,82.91879272460938
2025-07-24,629.083984375,130.167724609375,52.44206619262695,42.69976043701172,310.2699890136719,35.4900016784668,22.6299991607666,118368.0,3708.005615234375,82.77423095703125
2025-07-25,631.741455078125,130.4665069580078,52.80768966674805,42.5385856628418,307.3999938964844,34.65999984741211,22.420000076293945,117635.8828125,3727.266845703125,83.29462432861328
2025-07-26,,,,,,,,117947.3671875,3741.39599609375,
2025-07-27,,,,,,,,119448.4921875,3875.24658203125,
2025-07-28,631.582763671875,131.5072784423828,52.44206619262695,43.0220947265625,305.4100036621094,34.63999938964844,22.709999084472656,117924.4765625,3787.42578125,82.75496673583984
2025-07-29,629.9169311523438,131.5122833251953,52.175262451171875,43.44210433959961,306.25,34.65999984741211,23.0,117922.1484375,3793.454833984375,84.15235137939453
2025-07-30,629.1236572265625,131.80609130859375,52.076446533203125,42.82185745239258,300.9599914550781,33.5099983215332,23.049999237060547,117831.1875,3808.20166015625,83.71868133544922
2025-07-31,626.763671875,130.8400115966797,51.75035095214844,42.592315673828125,302.9599914550781,33.31999969482422,22.799999237060547,115758.203125,3696.707763671875,83.76685333251953
2025-08-01,616.4907836914062,128.01644897460938,50.791831970214844,41.80112075805664,309.1099853515625,33.59000015258789,22.510000228881836,113320.0859375,3488.365966796875,84.95774841308594
2025-08-02,,,,,,,,112526.9140625,3392.7412109375,
2025-08-03,,,,,,,,114217.671875,3497.379150390625,
2025-08-04,625.8612670898438,130.61590576171875,51.29579162597656,41.70833206176758,310.9100036621094,33.97999954223633,22.3799991607666,115071.8828125,3718.986083984375,85.18992614746094
2025-08-05,622.6881713867188,129.53529357910156,51.08828353881836,41.762054443359375,311.1600036621094,34.349998474121094,22.229999542236328,114141.4453125,3611.8994140625,85.45112609863281
2025-08-06,627.4578247070312,130.99435424804688,51.335323333740234,41.37622833251953,310.5,34.349998474121094,22.190000534057617,115028.0,3683.920654296875,84.95774841308594
2025-08-07,626.9322509765625,131.11387634277344,50.76218032836914,41.21506118774414,313.1199951171875,34.7599983215332,22.229999542236328,117496.8984375,3914.325927734375,84.81262969970703
2025-08-08,631.82080078125,132.42359924316406,51.236507415771484,41.478790283203125,313.04998779296875,34.880001068115234,22.18000030517578,116688.7265625,4009.848876953125,84.44502258300781
2025-08-09,,,,,,,,116500.359375,4263.59912109375,
2025-08-10,,,,,,,,119306.7578125,4254.2177734375,
2025-08-11,630.5712890625,131.52720642089844,51.21674346923828,41.14668655395508,308.54998779296875,34.18000030517578,22.25,118731.4453125,4226.966796875,84.541748046875
2025-08-12,637.284423828125,133.56396484375,51.83928680419922,41.346927642822266,308.2699890136719,34.40999984741211,22.1200008392334,120172.90625,4590.9248046875,84.11609649658203
2025-08-13,639.4659423828125,133.61376953125,52.135738372802734,41.82554244995117,309.2099914550781,35.0,22.079999923706055,123344.0625,4756.27587890625,84.81262969970703
2025-08-14,639.5254516601562,133.32493591308594,52.382781982421875,41.78647232055664,307.25,34.5,22.149999618530273,118359.578125,4548.16650390625,84.18379974365234
2025-08-15,638.0281372070312,132.3140411376953,51.83928680419922,41.78647232055664,307.42999267578125,34.5,22.1299991607666,117398.3515625,4439.98876953125,83.58402252197266
2025-08-16,,,,,,,,117491.3515625,4426.18017578125,
2025-08-17,,,,,,,,117453.0625,4473.271484375,
2025-08-18,637.8892822265625,132.59786987304688,51.87881088256836,41.53739929199219,306.95001220703125,34.54999923706055,22.18000030517578,116252.3125,4312.5048828125,83.34217071533203
2025-08-19,634.4286499023438,130.28225708007812,51.977630615234375,41.55204772949219,305.2699890136719,33.869998931884766,22.059999465942383,112831.1796875,4073.464111328125,83.82586669921875
2025-08-20,632.7429809570312,129.4008331298828,52.24443435668945,41.8988037109375,308.3599853515625,34.43000030517578,22.299999237060547,114274.7421875,4334.50048828125,84.00967407226562
2025-08-21,630.2044677734375,128.9327392578125,52.076446533203125,42.186946868896484,307.2900085449219,34.61000061035156,22.459999084472656,112419.03125,4223.2099609375,83.59369659423828
2025-08-22,639.88232421875,130.6806640625,52.936153411865234,43.046512603759766,310.5799865722656,35.34000015258789,22.56999969482422,116874.0859375,4831.3486328125,84.21282958984375
2025-08-23,,,,,,,,115374.328125,4776.09033203125,
2025-08-24,,,,,,,,113458.4296875,4779.6474609375,
2025-08-25,637.0662231445312,130.3868408203125,52.62982177734375,43.158843994140625,309.8299865722656,35.02000045776367,22.709999084472656,110124.3515625,4372.98779296875,83.97098541259766
2025-08-26,639.733642578125,130.98440551757812,53.034969329833984,43.09047317504883,312.0799865722656,35.02000045776367,22.520000457763672,111802.65625,4600.4267578125,83.92261505126953
2025-08-27,641.1912841796875,131.69155883789062,53.1436653137207,43.573974609375,312.7099914550781,34.9900016784668,22.59000015258789,111222.0625,4503.39306640625,83.82586669921875
2025-08-28,643.4620361328125,132.73233032226562,53.21283721923828,43.90607452392578,315.0299987792969,35.52000045776367,22.719999313354492,112544.8046875,4507.177734375,84.37730407714844
2025-08-29,639.6245727539062,130.69558715820312,53.3511848449707,44.145389556884766,318.07000732421875,36.189998626708984,22.770000457763672,108410.8359375,4360.15283203125,83.77751159667969
2025-08-30,,,,,,,,108808.0703125,4374.1533203125,
2025-08-31,,,,,,,,108236.7109375,4390.01904296875,
2025-09-01,,,,,,,,109250.59375,4314.47021484375,
2025-09-02,634.884765625,129.37591552734375,52.95591735839844,44.20887756347656,325.5899963378906,37.150001525878906,23.1200008392334,111200.5859375,4325.36572265625,83.15406036376953
2025-09-03,638.3255615234375,130.14781188964844,52.866981506347656,43.21744918823242,328.1400146484375,37.34000015258789,22.8799991607666,111723.2109375,4450.38916015625,84.06688690185547
2025-09-04,643.6603393554688,130.79022216796875,53.42036056518555,43.50559997558594,326.69000244140625,36.93000030517578,22.75,110723.6015625,4298.744140625,84.70780181884766
2025-09-05,641.7960815429688,130.89974975585938,52.44206619262695,42.66557312011719,331.04998779296875,37.209999084472656,22.549999237060547,110650.984375,4306.98876953125,85.99934387207031
2025-09-06,,,,,,,,110224.6953125,4274.2421875,
2025-09-07,,,,,,,,111167.6171875,4305.34765625,
2025-09-08,643.372802734375,131.8807830810547,52.481597900390625,42.56789779663086,334.82000732421875,37.5099983215332,22.709999084472656,112071.4296875,4308.072265625,87.14521789550781
2025-09-09,644.8601684570312,132.13475036621094,52.70887756347656,42.77301788330078,334.05999755859375,37.18000030517578,22.700000762939453,111530.546875,4309.04150390625,86.64997100830078
2025-09-10,646.724365234375,134.53004455566406,52.531005859375,43.5202522277832,335.260009765625,37.40999984741211,22.860000610351562,113955.359375,4349.14599609375,87.14521789550781
2025-09-11,652.0987548828125,134.98321533203125,53.390708923339844,43.53001403808594,334.760009765625,37.790000915527344,22.670000076293945,115507.5390625,4461.2333984375,87.72787475585938
2025-09-12,651.8805541992188,134.89356994628906,53.163429260253906,43.27117156982422,335.4200134277344,38.34000015258789,22.760000228881836,116101.578125,4715.24609375,87.34916687011719
2025-09-13,,,,,,,,115950.5078125,4668.1796875,
2025-09-14,,,,,,,,115407.65625,4609.59765625,
2025-09-15,655.3511352539062,136.10865783691406,53.04484939575195,43.124656677246094,338.9100036621094,38.7599983215332,23.030000686645508,115444.875,4526.8203125,87.55308532714844
2025-09-16,654.4488525390625,135.6355743408203,52.92627716064453,43.84746551513672,339.5899963378906,38.599998474121094,23.239999771118164,116843.1875,4503.564453125,87.73758697509766
2025-09-17,653.6357421875,135.16746520996094,53.440120697021484,43.95003128051758,336.9700012207031,37.790000915527344,22.979999542236328,116468.5078125,4592.7333984375,87.51425170898438
2025-09-18,656.6898193359375,137.50302124023438,53.48952865600586,43.81328201293945,335.6199951171875,37.9900016784668,22.8799991607666,117137.203125,4589.9189453125,86.61112976074219
2025-09-19,659.9423217773438,138.89736938476562,53.60810852050781,43.23209762573242,339.17999267578125,39.040000915527344,22.709999084472656,115688.859375,4470.9169921875,86.44603729248047
2025-09-20,,,,,,,,115721.9609375,4482.265625,
2025-09-21,,,,,,,,115306.09375,4451.3291015625,
2025-09-22,663.0645751953125,140.9407196044922,53.53672409057617,43.182350158691406,345.04998779296875,40.040000915527344,22.75,112748.5078125,4202.87744140625,86.13529205322266
2025-09-23,659.4551391601562,139.72409057617188,53.29878234863281,43.926109313964844,346.4599914550781,39.959999084472656,23.0,112014.5,4165.50390625,86.73737335205078
2025-09-24,657.3569946289062,138.8614501953125,53.15007400512695,44.497474670410156,343.32000732421875,39.81999969482422,23.15999984741211,113328.6328125,4153.46923828125,86.40721130371094
2025-09-25,654.3242797851562,138.6171417236328,53.01127624511719,44.89645004272461,344.75,41.029998779296875,23.270000457763672,109049.2890625,3868.333984375,86.40721130371094
2025-09-26,658.072998046875,139.03598022460938,53.397926330566406,45.3101921081543,346.739990234375,41.86000061035156,23.309999465942383,109712.828125,4035.887939453125,86.32951354980469
2025-09-27,,,,,,,,109681.9453125,4018.658203125,
2025-09-28,,,,,,,,112122.640625,4141.4765625,
2025-09-29,659.9224243164062,139.77891540527344,53.665611267089844,44.47777557373047,352.4599914550781,42.5,23.030000686645508,114400.3828125,4217.341796875,87.03840637207031
2025-09-30,662.4082641601562,140.54180908203125,53.407840728759766,44.004920959472656,355.4700012207031,42.369998931884766,22.969999313354492,114056.0859375,4145.95751953125,86.78592681884766
2025-10-01,664.6654052734375,141.9180145263672,52.93195724487305,44.004920959472656,356.0299987792969,42.90999984741211,22.920000076293945,118648.9296875,4351.1123046875,87.01006317138672
2025-10-02,665.4309692382812,142.68589782714844,52.892303466796875,43.561622619628906,354.7900085449219,42.529998779296875,22.690000534057617,120681.2578125,4487.923828125,87.263427734375
2025-10-03,665.421142578125,141.96788024902344,53.259132385253906,43.793121337890625,357.6400146484375,43.52000045776367,22.75,122266.53125,4514.87060546875,87.09776306152344
2025-10-04,,,,,,,,122425.4296875,4489.197265625,
2025-10-05,,,,,,,,123513.4765625,4515.4228515625,
2025-10-06,667.8074951171875,143.40391540527344,53.23929977416992,44.00984573364258,364.3800048828125,44.060001373291016,22.969999313354492,124752.53125,4687.771484375,86.4058837890625
2025-10-07,665.3316040039062,142.44656372070312,53.30870056152344,44.07880401611328,366.260009765625,43.38999938964844,23.049999237060547,121451.3828125,4451.15185546875,86.90287017822266
2025-10-08,669.2990112304688,144.9446563720703,53.050926208496094,43.82267761230469,372.29998779296875,44.560001373291016,23.149999618530273,123354.8671875,4527.64794921875,86.9710693359375
2025-10-09,667.3600463867188,144.70033264160156,52.8625602722168,43.226680755615234,365.42999267578125,44.709999084472656,22.93000030517578,121705.5859375,4369.1435546875,86.90287017822266
2025-10-10,649.32275390625,138.8115997314453,51.7125129699707,41.975589752197266,369.1199951171875,45.43000030517578,22.450000762939453,113214.3671875,3843.0087890625,88.30610656738281
2025-10-11,,,,,,,,110807.8828125,3750.611572265625,
2025-10-12,,,,,,,,115169.765625,4164.427734375,
2025-10-13,659.2860107421875,142.19227600097656,52.208221435546875,42.54695510864258,378.0899963378906,47.2599983215332,22.75,115271.078125,4245.4677734375,88.25736999511719
2025-10-14,658.4805908203125,140.3673095703125,52.78324890136719,42.542030334472656,380.7900085449219,46.79999923706055,22.520000457763672,113118.6640625,4125.412109375,88.53997039794922
2025-10-15,661.4039306640625,141.75845336914062,52.78324890136719,42.51740264892578,387.3900146484375,48.33000183105469,22.59000015258789,110783.1640625,3987.45947265625,88.34507751464844
2025-10-16,656.8995971679688,141.86317443847656,51.315940856933594,42.00514602661133,396.45001220703125,49.16999816894531,22.540000915527344,108186.0390625,3894.75439453125,89.00770568847656
2025-10-17,660.62841796875,142.11248779296875,51.732337951660156,42.34993362426758,388.989990234375,46.9900016784668,22.5,106467.7890625,3832.558837890625,88.87127685546875
2025-10-18,,,,,,,,107198.265625,3890.34619140625,
2025-10-19,,,,,,,,108666.7109375,3984.649658203125,
2025-10-20,667.499267578125,143.69810485839844,52.33710479736328,42.79815673828125,403.1499938964844,47.720001220703125,22.690000534057617,110588.9296875,3980.76025390625,89.21234130859375
2025-10-21,667.4893188476562,143.7729034423828,52.27762222290039,42.699649810791016,377.239990234375,43.790000915527344,22.600000381469727,108476.890625,3876.76416015625,89.65086364746094
2025-10-22,664.0191040039062,142.35182189941406,51.980194091796875,43.24638748168945,377.2799987792969,43.880001068115234,22.90999984741211,107688.5859375,3808.122314453125,89.7093276977539
2025-10-23,667.9566650390625,144.1468505859375,52.08925247192383,43.82267761230469,378.7900085449219,44.18000030517578,23.34000015258789,110069.7265625,3856.0263671875,89.09541320800781
2025-10-24,673.4155883789062,146.38568115234375,52.654361724853516,43.37937545776367,377.5199890136719,43.9900016784668,23.25,111033.921875,3934.5673828125,89.1343994140625
2025-10-25,,,,,,,,111641.7265625,3953.470947265625,
2025-10-26,,,,,,,,114472.4453125,4157.9892578125,
2025-10-27,681.3603515625,149.08822631835938,52.872474670410156,43.482810974121094,367.010009765625,42.400001525878906,23.18000030517578,114119.328125,4120.1220703125,89.43647003173828
2025-10-28,683.1700439453125,150.5641326904297,52.53539276123047,43.029659271240234,364.3800048828125,42.70000076293945,22.8799991607666,112956.1640625,3982.262451171875,89.67034149169922
2025-10-29,683.4982299804688,151.64614868164062,51.64311218261719,43.349822998046875,363.0,43.22999954223633,23.040000915527344,110055.3046875,3903.35302734375,88.76408386230469
2025-10-30,675.9810180664062,149.78131103515625,51.78190994262695,43.09368896484375,370.1300048828125,44.34000015258789,23.049999237060547,108305.546875,3804.375244140625,88.24761962890625
2025-10-31,678.1983032226562,149.92588806152344,51.92070770263672,43.4089241027832,368.1199951171875,44.0099983215332,23.209999084472656,109556.1640625,3847.080322265625,87.98452758789062
2025-11-01,,,,,,,,110064.015625,3874.18798828125,
2025-11-02,,,,,,,,110639.625,3911.063232421875,
2025-11-03,679.4711303710938,150.53919982910156,51.702598571777344,43.41385269165039,368.7799987792969,43.7599983215332,23.40999984741211,106547.5234375,3602.30810546875,87.76446533203125
2025-11-04,671.4169921875,146.565185546875,51.97027587890625,42.945926666259766,362.32000732421875,42.7400016784668,23.170000076293945,101590.5234375,3292.574462890625,87.96007537841797
2025-11-05,673.7437133789062,147.13861083984375,52.14873504638672,43.05921173095703,366.510009765625,43.650001525878906,23.049999237060547,103891.8359375,3425.171142578125,87.00164031982422
2025-11-06,666.514892578125,144.1817626953125,51.96036911010742,43.477882385253906,366.07000732421875,43.54999923706055,23.049999237060547,101301.2890625,3312.2578125,87.78404235839844
2025-11-07,667.1710815429688,143.68313598632812,52.32719039916992,44.103431701660156,368.30999755859375,43.91999816894531,23.079999923706055,103372.40625,3435.301025390625,87.59822082519531
2025-11-08,,,,,,,,102282.1171875,3400.3759765625,
2025-11-09,,,,,,,,104719.640625,3582.621337890625,
2025-11-10,677.5818481445312,147.35800170898438,52.51556396484375,44.50239944458008,378.3800048828125,45.790000915527344,23.43000030517578,105996.59375,3568.4599609375,87.57865905761719
2025-11-11,679.1329956054688,146.10147094726562,52.753501892089844,45.0836181640625,379.8699951171875,46.45000076293945,23.6299991607666,102997.46875,3415.2822265625,87.9796371459961
2025-11-12,679.5109252929688,146.5552215576172,53.209556579589844,44.453147888183594,385.989990234375,48.31999969482422,23.229999542236328,101663.1875,3413.09423828125,88.13611602783203
2025-11-13,668.235107421875,142.90029907226562,52.52547836303711,44.566436767578125,382.8699951171875,47.41999816894531,23.149999618530273,99697.4921875,3232.757080078125,87.41239166259766
2025-11-14,668.1256713867188,143.67816162109375,52.000022888183594,45.32497024536133,375.9599914550781,45.959999084472656,23.25,94397.7890625,3103.78564453125,86.91362762451172
2025-11-15,,,,,,,,95549.1484375,3166.63134765625,
2025-11-16,,,,,,,,94177.078125,3092.847412109375,
2025-11-17,661.901123046875,141.42938232421875,51.00860595703125,44.497474670410156,371.6499938964844,45.470001220703125,23.229999542236328,92093.875,3024.538818359375,87.1287841796875
2025-11-18,656.3427734375,139.13072204589844,50.92928695678711,44.85211181640625,374.3500061035156,46.099998474121094,23.459999084472656,92948.875,3122.97900390625,87.09944152832031
2025-11-19,658.8783569335938,140.09803771972656,51.11766052246094,44.27090072631836,374.9599914550781,46.45000076293945,23.18000030517578,91465.9921875,3023.07080078125,86.92340850830078
2025-11-20,648.8355712890625,135.7001953125,50.6715202331543,43.76849365234375,374.8500061035156,45.779998779296875,22.920000076293945,86631.8984375,2831.777587890625,87.26569366455078
2025-11-21,655.2987670898438,136.2237548828125,51.226715087890625,44.0443229675293,374.2699890136719,45.29999923706055,22.770000457763672,85090.6875,2765.69921875,87.52976989746094
2025-11-22,,,,,,,,84648.359375,2767.607421875,
2025-11-23,,,,,,,,86805.0078125,2801.676025390625,
2025-11-24,664.9437866210938,139.4697723388672,51.444828033447266,43.92118453979492,380.20001220703125,46.630001068115234,22.8799991607666,88270.5625,2952.71337890625,88.02852630615234
2025-11-25,671.1982421875,139.84375,52.08925247192383,43.645355224609375,380.0799865722656,46.66999816894531,22.670000076293945,87341.890625,2957.936279296875,88.25346374511719
2025-11-26,675.8318481445312,141.49917602539062,52.49573516845703,43.975364685058594,383.1199951171875,48.400001525878906,22.979999542236328,90518.3671875,3027.81201171875,88.64466094970703
2025-11-27,,,,,,,,91285.375,3014.542236328125,
2025-11-28,679.5208129882812,142.7158203125,52.872474670410156,44.55165481567383,387.8800048828125,51.209999084472656,23.270000457763672,90919.265625,3032.304443359375,88.22412872314453
2025-11-29,,,,,,,,90851.7578125,2991.685302734375,
2025-11-30,,,,,,,,90394.3125,2992.112548828125,
2025-12-01,676.41845703125,142.7806396484375,52.436248779296875,44.98017883300781,389.75,52.52000045776367,23.290000915527344,86321.5703125,2800.18896484375,87.12584686279297
2025-12-02,677.67138671875,144.25157165527344,52.38667678833008,44.39896774291992,387.239990234375,53.130001068115234,23.15999984741211,91350.203125,2997.939697265625,87.16510009765625
2025-12-03,680.0180053710938,144.5956268310547,53.0905876159668,45.23138427734375,386.8800048828125,53.06999969482422,23.309999465942383,93527.8046875,3191.57177734375,87.41046905517578
2025-12-04,680.51513671875,145.13414001464844,53.199642181396484,45.42348098754883,387.1300048828125,51.7599983215332,23.440000534057617,92141.625,3134.31640625,86.93936157226562
2025-12-05,681.8078002929688,146.19619750976562,53.2194709777832,45.236305236816406,386.44000244140625,52.95000076293945,23.639999389648438,89387.7578125,3024.432861328125,86.53695678710938
2025-12-06,,,,,,,,89272.375,3040.207763671875,
2025-12-07,,,,,,,,90405.640625,3061.3017578125,
2025-12-08,679.7594604492188,147.22337341308594,53.02118682861328,44.743751525878906,385.4200134277344,52.709999084472656,23.260000228881836,90640.203125,3125.197998046875,86.25232696533203
2025-12-09,679.1727905273438,147.61228942871094,52.82290267944336,45.019588470458984,387.3999938964844,55.16999816894531,23.100000381469727,92691.7109375,3321.114990234375,86.34066772460938
2025-12-10,683.6771850585938,148.32032775878906,53.427669525146484,45.49243927001953,389.04998779296875,56.06999969482422,23.260000228881836,92020.9453125,3325.39013671875,86.67436981201172
2025-12-11,685.26806640625,147.5624237060547,54.399261474609375,45.27571487426758,393.239990234375,57.619998931884766,23.170000076293945,92511.3359375,3237.056884765625,86.55660247802734
2025-12-12,677.9000854492188,143.29421997070312,54.47857666015625,44.83241271972656,395.44000244140625,56.099998474121094,22.940000534057617,90270.4140625,3084.172607421875,85.72232818603516
2025-12-13,,,,,,,,90298.7109375,3116.6953125,
2025-12-14,,,,,,,,88175.1796875,3060.5947265625,
2025-12-15,676.8758544921875,141.90805053710938,54.51823425292969,44.51717758178711,395.79998779296875,58.11000061035156,22.780000686645508,86419.78125,2964.18310546875,85.7812271118164
2025-12-16,675.0264282226562,142.16732788085938,54.171234130859375,43.1577262878418,395.8900146484375,57.72999954223633,22.479999542236328,87843.984375,2964.180908203125,86.25232696533203
2025-12-17,667.5986938476562,139.0060577392578,54.16132354736328,44.11328125,399.2900085449219,60.2599983215332,22.799999237060547,86143.7578125,2831.403564453125,86.17381286621094
2025-12-18,672.6399536132812,141.150146484375,54.07209396362305,43.47296142578125,398.57000732421875,59.31999969482422,22.6200008392334,85462.5078125,2827.069091796875,86.58604431152344
2025-12-19,678.7363891601562,144.20172119140625,54.3695182800293,43.47296142578125,399.0199890136719,60.93000030517578,22.81999969482422,88103.3828125,2977.970703125,86.26287078857422
2025-12-20,,,,,,,,88344.0,2977.58251953125,
2025-12-21,,,,,,,,88621.75,3001.61376953125,
2025-12-22,682.96484375,144.979736328125,55.03709030151367,43.92301940917969,408.2300109863281,62.470001220703125,23.139999389648438,88490.015625,3006.07373046875,86.07565307617188
2025-12-23,686.0863037109375,145.7687530517578,55.14652633666992,44.21113586425781,413.6400146484375,64.83999633789062,23.3700008392334,87414.0,2963.3740234375,86.21359252929688
2025-12-24,688.4996948242188,146.1183319091797,55.44499206542969,44.08198165893555,411.92999267578125,65.22000122070312,23.31999969482422,87611.9609375,2945.590576171875,86.73580169677734
2025-12-25,,,,,,,,87234.7421875,2903.57958984375,
2025-12-26,688.4298706054688,146.34803771972656,55.33555221557617,43.9130859375,416.739990234375,71.12000274658203,23.219999313354492,87301.4296875,2925.74560546875,86.45006561279297
2025-12-27,,,,,,,,87802.15625,2947.998291015625,
2025-12-28,,,,,,,,87835.8359375,2948.568115234375,
2025-12-29,685.9765625,145.68885803222656,55.03709030151367,44.33035659790039,398.6000061035156,66.01000213623047,23.170000076293945,87138.140625,2934.538330078125,86.77521514892578
2025-12-30,685.138916015625,145.22943115234375,54.897804260253906,44.66815185546875,398.8900146484375,68.9800033569336,23.299999237060547,88430.1328125,2971.416748046875,86.56830596923828
2025-12-31,680.062744140625,143.7912139892578,54.48990249633789,44.41977310180664,396.30999755859375,64.41999816894531,23.059999465942383,87508.828125,2967.03759765625,85.87860107421875
