Date,Index,D12,E12,b/m,tbl,AAA,BAA,lty,ntis,Rfree,infl,ltr,corpr,svar,csp,CRSP_SPvw,CRSP_SPvwx
1871-01-01,4.44,0.26,0.4,NaN,NaN,NaN,NaN,NaN,NaN,0.00495512452,NaN,NaN,NaN,NaN,NaN,NaN,NaN
1871-02-01,4.5,0.26,0.4,NaN,NaN,NaN,NaN,NaN,NaN,0.004514457646,NaN,NaN,NaN,NaN,NaN,NaN,NaN
1871-03-01,4.61,0.26,0.4,NaN,NaN,NaN,NaN,NaN,NaN,0.004242616246,NaN,NaN,NaN,NaN,NaN,NaN,NaN
1871-04-01,4.74,0.26,0.4,NaN,NaN,NaN,NaN,NaN,NaN,0.004631987801,NaN,NaN,NaN,NaN,NaN,NaN,NaN
1871-05-01,4.86,0.26,0.4,NaN,NaN,NaN,NaN,NaN,NaN,0.003691359562,NaN,NaN,NaN,NaN,NaN,NaN,NaN
1871-06-01,4.82,0.26,0.4,NaN,NaN,NaN,NaN,NaN,NaN,0.00336781415,NaN,NaN,NaN,NaN,NaN,NaN,NaN
1871-07-01,4.73,0.26,0.4,NaN,NaN,NaN,NaN,NaN,NaN,0.003250135314,NaN,NaN,NaN,NaN,NaN,NaN,NaN
1871-08-01,4.79,0.26,0.4,NaN,NaN,NaN,NaN,NaN,NaN,0.003706063685,NaN,NaN,NaN,NaN,NaN,NaN,NaN
1871-09-01,4.84,0.26,0.4,NaN,NaN,NaN,NaN,NaN,NaN,0.00454384148,NaN,NaN,NaN,NaN,NaN,NaN,NaN
1871-10-01,4.59,0.26,0.4,NaN,NaN,NaN,NaN,NaN,NaN,0.007016333969,NaN,NaN,NaN,NaN,NaN,NaN,NaN
1871-11-01,4.64,0.26,0.4,NaN,NaN,NaN,NaN,NaN,NaN,0.006466604617,NaN,NaN,NaN,NaN,NaN,NaN,NaN
1871-12-01,4.74,0.26,0.4,NaN,NaN,NaN,NaN,NaN,NaN,0.006950382401,NaN,NaN,NaN,NaN,NaN,NaN,NaN
1872-01-01,4.86,0.2633,0.4025,NaN,NaN,NaN,NaN,NaN,NaN,0.00574783587,NaN,NaN,NaN,NaN,NaN,NaN,NaN
1872-02-01,4.88,0.2667,0.405,NaN,NaN,NaN,NaN,NaN,NaN,0.005204749577,NaN,NaN,NaN,NaN,NaN,NaN,NaN
1872-03-01,5.04,0.27,0.4075,NaN,NaN,NaN,NaN,NaN,NaN,0.005982592679,NaN,NaN,NaN,NaN,NaN,NaN,NaN
1872-04-01,5.18,0.2733,0.41,NaN,NaN,NaN,NaN,NaN,NaN,0.006011933406,NaN,NaN,NaN,NaN,NaN,NaN,NaN
1872-05-01,5.18,0.2767,0.4125,NaN,NaN,NaN,NaN,NaN,NaN,0.004940438752,NaN,NaN,NaN,NaN,NaN,NaN,NaN
1872-06-01,5.13,0.28,0.415,NaN,NaN,NaN,NaN,NaN,NaN,0.004058897781,NaN,NaN,NaN,NaN,NaN,NaN,NaN
1872-07-01,5.1,0.2833,0.4175,NaN,NaN,NaN,NaN,NaN,NaN,0.00438956672,NaN,NaN,NaN,NaN,NaN,NaN,NaN
1872-08-01,5.04,0.2867,0.42,NaN,NaN,NaN,NaN,NaN,NaN,0.005204749577,NaN,NaN,NaN,NaN,NaN,NaN,NaN
1872-09-01,4.95,0.29,0.4225,NaN,NaN,NaN,NaN,NaN,NaN,0.006994350596,NaN,NaN,NaN,NaN,NaN,NaN,NaN
1872-10-01,4.97,0.2933,0.425,NaN,NaN,NaN,NaN,NaN,NaN,0.007580408548,NaN,NaN,NaN,NaN,NaN,NaN,NaN
1872-11-01,4.95,0.2967,0.4275,NaN,NaN,NaN,NaN,NaN,NaN,0.00818076171,NaN,NaN,NaN,NaN,NaN,NaN,NaN
1872-12-01,5.07,0.3,0.43,NaN,NaN,NaN,NaN,NaN,NaN,0.007602379041,NaN,NaN,NaN,NaN,NaN,NaN,NaN
1873-01-01,5.11,0.3025,0.4325,NaN,NaN,NaN,NaN,NaN,NaN,0.006466604617,NaN,NaN,NaN,NaN,NaN,NaN,NaN
1873-02-01,5.15,0.305,0.435,NaN,NaN,NaN,NaN,NaN,NaN,0.006539919327,NaN,NaN,NaN,NaN,NaN,NaN,NaN
1873-03-01,5.11,0.3075,0.4375,NaN,NaN,NaN,NaN,NaN,NaN,0.007082281188,NaN,NaN,NaN,NaN,NaN,NaN,NaN
1873-04-01,5.04,0.31,0.44,NaN,NaN,NaN,NaN,NaN,NaN,0.008019726724,NaN,NaN,NaN,NaN,NaN,NaN,NaN
1873-05-01,5.05,0.3125,0.4425,NaN,NaN,NaN,NaN,NaN,NaN,0.005615760942,NaN,NaN,NaN,NaN,NaN,NaN,NaN
1873-06-01,4.98,0.315,0.445,NaN,NaN,NaN,NaN,NaN,NaN,0.004668713142,NaN,NaN,NaN,NaN,NaN,NaN,NaN
1873-07-01,4.97,0.3175,0.4475,NaN,NaN,NaN,NaN,NaN,NaN,0.004382219709,NaN,NaN,NaN,NaN,NaN,NaN,NaN
1873-08-01,4.97,0.32,0.45,NaN,NaN,NaN,NaN,NaN,NaN,0.004837632339,NaN,NaN,NaN,NaN,NaN,NaN,NaN
1873-09-01,4.59,0.3225,0.4525,NaN,NaN,NaN,NaN,NaN,NaN,0.01012577156,NaN,NaN,NaN,NaN,NaN,NaN,NaN
1873-10-01,4.19,0.325,0.455,NaN,NaN,NaN,NaN,NaN,NaN,0.0117461593,NaN,NaN,NaN,NaN,NaN,NaN,NaN
1873-11-01,4.04,0.3275,0.4575,NaN,NaN,NaN,NaN,NaN,NaN,0.01028646779,NaN,NaN,NaN,NaN,NaN,NaN,NaN
1873-12-01,4.42,0.33,0.46,NaN,NaN,NaN,NaN,NaN,NaN,0.006847782426,NaN,NaN,NaN,NaN,NaN,NaN,NaN
1874-01-01,4.66,0.33,0.46,NaN,NaN,NaN,NaN,NaN,NaN,0.005116653731,NaN,NaN,NaN,NaN,NaN,NaN,NaN
1874-02-01,4.8,0.33,0.46,NaN,NaN,NaN,NaN,NaN,NaN,0.004058897781,NaN,NaN,NaN,NaN,NaN,NaN,NaN
1874-03-01,4.73,0.33,0.46,NaN,NaN,NaN,NaN,NaN,NaN,0.004161784279,NaN,NaN,NaN,NaN,NaN,NaN,NaN
1874-04-01,4.6,0.33,0.46,NaN,NaN,NaN,NaN,NaN,NaN,0.004242616246,NaN,NaN,NaN,NaN,NaN,NaN,NaN
1874-05-01,4.48,0.33,0.46,NaN,NaN,NaN,NaN,NaN,NaN,0.00380898649,NaN,NaN,NaN,NaN,NaN,NaN,NaN
1874-06-01,4.46,0.33,0.46,NaN,NaN,NaN,NaN,NaN,NaN,0.003735471282,NaN,NaN,NaN,NaN,NaN,NaN,NaN
1874-07-01,4.46,0.33,0.46,NaN,NaN,NaN,NaN,NaN,NaN,0.003772229561,NaN,NaN,NaN,NaN,NaN,NaN,NaN
1874-08-01,4.47,0.33,0.46,NaN,NaN,NaN,NaN,NaN,NaN,0.003647245897,NaN,NaN,NaN,NaN,NaN,NaN,NaN
1874-09-01,4.54,0.33,0.46,NaN,NaN,NaN,NaN,NaN,NaN,0.004242616246,NaN,NaN,NaN,NaN,NaN,NaN,NaN
1874-10-01,4.53,0.33,0.46,NaN,NaN,NaN,NaN,NaN,NaN,0.00391924917,NaN,NaN,NaN,NaN,NaN,NaN,NaN
1874-11-01,4.57,0.33,0.46,NaN,NaN,NaN,NaN,NaN,NaN,0.003779581055,NaN,NaN,NaN,NaN,NaN,NaN,NaN
1874-12-01,4.54,0.33,0.46,NaN,NaN,NaN,NaN,NaN,NaN,0.004058897781,NaN,NaN,NaN,NaN,NaN,NaN,NaN
1875-01-01,4.54,0.3275,0.4517,NaN,NaN,NaN,NaN,NaN,NaN,0.003507539784,NaN,NaN,NaN,NaN,NaN,NaN,NaN
1875-02-01,4.53,0.325,0.4433,NaN,NaN,NaN,NaN,NaN,NaN,0.003463418009,NaN,NaN,NaN,NaN,NaN,NaN,NaN
1875-03-01,4.59,0.3225,0.435,NaN,NaN,NaN,NaN,NaN,NaN,0.003985400943,NaN,NaN,NaN,NaN,NaN,NaN,NaN
1875-04-01,4.65,0.32,0.4267,NaN,NaN,NaN,NaN,NaN,NaN,0.003647245897,NaN,NaN,NaN,NaN,NaN,NaN,NaN
1875-05-01,4.47,0.3175,0.4183,NaN,NaN,NaN,NaN,NaN,NaN,0.003000021798,NaN,NaN,NaN,NaN,NaN,NaN,NaN
1875-06-01,4.38,0.315,0.41,NaN,NaN,NaN,NaN,NaN,NaN,0.002992664571,NaN,NaN,NaN,NaN,NaN,NaN,NaN
1875-07-01,4.39,0.3125,0.4017,NaN,NaN,NaN,NaN,NaN,NaN,0.002816074882,NaN,NaN,NaN,NaN,NaN,NaN,NaN
1875-08-01,4.41,0.31,0.3933,NaN,NaN,NaN,NaN,NaN,NaN,0.003279556322,NaN,NaN,NaN,NaN,NaN,NaN,NaN
1875-09-01,4.37,0.3075,0.385,NaN,NaN,NaN,NaN,NaN,NaN,0.003978050962,NaN,NaN,NaN,NaN,NaN,NaN,NaN
1875-10-01,4.3,0.305,0.3767,NaN,NaN,NaN,NaN,NaN,NaN,0.004286703655,NaN,NaN,NaN,NaN,NaN,NaN,NaN
1875-11-01,4.37,0.3025,0.3683,NaN,NaN,NaN,NaN,NaN,NaN,0.004345483845,NaN,NaN,NaN,NaN,NaN,NaN,NaN
1875-12-01,4.37,0.3,0.36,NaN,NaN,NaN,NaN,NaN,NaN,0.004507111553,NaN,NaN,NaN,NaN,NaN,NaN,NaN
1876-01-01,4.46,0.3,0.3533,NaN,NaN,NaN,NaN,NaN,NaN,0.004382219709,NaN,NaN,NaN,NaN,NaN,NaN,NaN
1876-02-01,4.52,0.3,0.3467,NaN,NaN,NaN,NaN,NaN,NaN,0.003566365789,NaN,NaN,NaN,NaN,NaN,NaN,NaN
1876-03-01,4.51,0.3,0.34,NaN,NaN,NaN,NaN,NaN,NaN,0.003610483023,NaN,NaN,NaN,NaN,NaN,NaN,NaN
1876-04-01,4.34,0.3,0.3333,NaN,NaN,NaN,NaN,NaN,NaN,0.003691359562,NaN,NaN,NaN,NaN,NaN,NaN,NaN
1876-05-01,4.18,0.3,0.3267,NaN,NaN,NaN,NaN,NaN,NaN,0.003360459629,NaN,NaN,NaN,NaN,NaN,NaN,NaN
1876-06-01,4.15,0.3,0.32,NaN,NaN,NaN,NaN,NaN,NaN,0.003139798827,NaN,NaN,NaN,NaN,NaN,NaN,NaN
1876-07-01,4.1,0.3,0.3133,NaN,NaN,NaN,NaN,NaN,NaN,0.002448079511,NaN,NaN,NaN,NaN,NaN,NaN,NaN
1876-08-01,3.93,0.3,0.3067,NaN,NaN,NaN,NaN,NaN,NaN,0.002293481064,NaN,NaN,NaN,NaN,NaN,NaN,NaN
1876-09-01,3.69,0.3,0.3,NaN,NaN,NaN,NaN,NaN,NaN,0.003139798827,NaN,NaN,NaN,NaN,NaN,NaN,NaN
1876-10-01,3.67,0.3,0.2933,NaN,NaN,NaN,NaN,NaN,NaN,0.003816337714,NaN,NaN,NaN,NaN,NaN,NaN,NaN
1876-11-01,3.6,0.3,0.2867,NaN,NaN,NaN,NaN,NaN,NaN,0.003647245897,NaN,NaN,NaN,NaN,NaN,NaN,NaN
1876-12-01,3.58,0.3,0.28,NaN,NaN,NaN,NaN,NaN,NaN,0.003970700927,NaN,NaN,NaN,NaN,NaN,NaN,NaN
1877-01-01,3.55,0.2908,0.2817,NaN,NaN,NaN,NaN,NaN,NaN,0.003728119463,NaN,NaN,NaN,NaN,NaN,NaN,NaN
1877-02-01,3.34,0.2817,0.2833,NaN,NaN,NaN,NaN,NaN,NaN,0.002955877624,NaN,NaN,NaN,NaN,NaN,NaN,NaN
1877-03-01,3.17,0.2725,0.285,NaN,NaN,NaN,NaN,NaN,NaN,0.002911731501,NaN,NaN,NaN,NaN,NaN,NaN,NaN
1877-04-01,2.94,0.2633,0.2867,NaN,NaN,NaN,NaN,NaN,NaN,0.00286758343,NaN,NaN,NaN,NaN,NaN,NaN,NaN
1877-05-01,2.94,0.2542,0.2883,NaN,NaN,NaN,NaN,NaN,NaN,0.002587933705,NaN,NaN,NaN,NaN,NaN,NaN,NaN
1877-06-01,2.73,0.245,0.29,NaN,NaN,NaN,NaN,NaN,NaN,0.002632094124,NaN,NaN,NaN,NaN,NaN,NaN,NaN
1877-07-01,2.85,0.2358,0.2917,NaN,NaN,NaN,NaN,NaN,NaN,0.00269097165,NaN,NaN,NaN,NaN,NaN,NaN,NaN
1877-08-01,3.05,0.2267,0.2933,NaN,NaN,NaN,NaN,NaN,NaN,0.003794283881,NaN,NaN,NaN,NaN,NaN,NaN,NaN
1877-09-01,3.24,0.2175,0.295,NaN,NaN,NaN,NaN,NaN,NaN,0.00433813651,NaN,NaN,NaN,NaN,NaN,NaN,NaN
1877-10-01,3.31,0.2083,0.2967,NaN,NaN,NaN,NaN,NaN,NaN,0.004977152767,NaN,NaN,NaN,NaN,NaN,NaN,NaN
1877-11-01,3.26,0.1992,0.2983,NaN,NaN,NaN,NaN,NaN,NaN,0.004198526892,NaN,NaN,NaN,NaN,NaN,NaN,NaN
1877-12-01,3.25,0.19,0.3,NaN,NaN,NaN,NaN,NaN,NaN,0.003779581055,NaN,NaN,NaN,NaN,NaN,NaN,NaN
1878-01-01,3.25,0.1892,0.3008,NaN,NaN,NaN,NaN,NaN,NaN,0.003948650498,NaN,NaN,NaN,NaN,NaN,NaN,NaN
1878-02-01,3.18,0.1883,0.3017,NaN,NaN,NaN,NaN,NaN,NaN,0.003551659612,NaN,NaN,NaN,NaN,NaN,NaN,NaN
1878-03-01,3.24,0.1875,0.3025,NaN,NaN,NaN,NaN,NaN,NaN,0.003411940144,NaN,NaN,NaN,NaN,NaN,NaN,NaN
1878-04-01,3.33,0.1867,0.3033,NaN,NaN,NaN,NaN,NaN,NaN,0.003588424649,NaN,NaN,NaN,NaN,NaN,NaN,NaN
1878-05-01,3.34,0.1858,0.3042,NaN,NaN,NaN,NaN,NaN,NaN,0.002977949955,NaN,NaN,NaN,NaN,NaN,NaN,NaN
1878-06-01,3.41,0.185,0.305,NaN,NaN,NaN,NaN,NaN,NaN,0.002448079511,NaN,NaN,NaN,NaN,NaN,NaN,NaN
1878-07-01,3.48,0.1842,0.3058,NaN,NaN,NaN,NaN,NaN,NaN,0.002293481064,NaN,NaN,NaN,NaN,NaN,NaN,NaN
1878-08-01,3.45,0.1833,0.3067,NaN,NaN,NaN,NaN,NaN,NaN,0.002448079511,NaN,NaN,NaN,NaN,NaN,NaN,NaN
1878-09-01,3.52,0.1825,0.3075,NaN,NaN,NaN,NaN,NaN,NaN,0.003044164023,NaN,NaN,NaN,NaN,NaN,NaN,NaN
1878-10-01,3.48,0.1817,0.3083,NaN,NaN,NaN,NaN,NaN,NaN,0.00365459831,NaN,NaN,NaN,NaN,NaN,NaN,NaN
1878-11-01,3.47,0.1808,0.3092,NaN,NaN,NaN,NaN,NaN,NaN,0.003411940144,NaN,NaN,NaN,NaN,NaN,NaN,NaN
1878-12-01,3.45,0.18,0.31,NaN,NaN,NaN,NaN,NaN,NaN,0.00336781415,NaN,NaN,NaN,NaN,NaN,NaN,NaN
1879-01-01,3.58,0.1817,0.3158,NaN,NaN,NaN,NaN,NaN,NaN,0.002830791881,NaN,NaN,NaN,NaN,NaN,NaN,NaN
1879-02-01,3.71,0.1833,0.3217,NaN,NaN,NaN,NaN,NaN,NaN,0.002448079511,NaN,NaN,NaN,NaN,NaN,NaN,NaN
1879-03-01,3.65,0.185,0.3275,NaN,NaN,NaN,NaN,NaN,NaN,0.00336781415,NaN,NaN,NaN,NaN,NaN,NaN,NaN
1879-04-01,3.77,0.1867,0.3333,NaN,NaN,NaN,NaN,NaN,NaN,0.00365459831,NaN,NaN,NaN,NaN,NaN,NaN,NaN
1879-05-01,3.94,0.1883,0.3392,NaN,NaN,NaN,NaN,NaN,NaN,0.002911731501,NaN,NaN,NaN,NaN,NaN,NaN,NaN
1879-06-01,3.96,0.19,0.345,NaN,NaN,NaN,NaN,NaN,NaN,0.002771922587,NaN,NaN,NaN,NaN,NaN,NaN,NaN
1879-07-01,4.04,0.1917,0.3508,NaN,NaN,NaN,NaN,NaN,NaN,0.002514328673,NaN,NaN,NaN,NaN,NaN,NaN,NaN
1879-08-01,4.07,0.1933,0.3567,NaN,NaN,NaN,NaN,NaN,NaN,0.003735471282,NaN,NaN,NaN,NaN,NaN,NaN,NaN
1879-09-01,4.22,0.195,0.3625,NaN,NaN,NaN,NaN,NaN,NaN,0.003897197607,NaN,NaN,NaN,NaN,NaN,NaN,NaN
1879-10-01,4.68,0.1967,0.3683,NaN,NaN,NaN,NaN,NaN,NaN,0.004014800326,NaN,NaN,NaN,NaN,NaN,NaN,NaN
1879-11-01,4.93,0.1983,0.3742,NaN,NaN,NaN,NaN,NaN,NaN,0.004242616246,NaN,NaN,NaN,NaN,NaN,NaN,NaN
1879-12-01,4.92,0.2,0.38,NaN,NaN,NaN,NaN,NaN,NaN,0.004022150037,NaN,NaN,NaN,NaN,NaN,NaN,NaN
1880-01-01,5.11,0.205,0.3892,NaN,NaN,NaN,NaN,NaN,NaN,0.003603130286,NaN,NaN,NaN,NaN,NaN,NaN,NaN
1880-02-01,5.2,0.21,0.3983,NaN,NaN,NaN,NaN,NaN,NaN,0.003551659612,NaN,NaN,NaN,NaN,NaN,NaN,NaN
1880-03-01,5.3,0.215,0.4075,NaN,NaN,NaN,NaN,NaN,NaN,0.003691359562,NaN,NaN,NaN,NaN,NaN,NaN,NaN
1880-04-01,5.18,0.22,0.4167,NaN,NaN,NaN,NaN,NaN,NaN,0.003691359562,NaN,NaN,NaN,NaN,NaN,NaN,NaN
1880-05-01,4.77,0.225,0.4258,NaN,NaN,NaN,NaN,NaN,NaN,0.003463418009,NaN,NaN,NaN,NaN,NaN,NaN,NaN
1880-06-01,4.79,0.23,0.435,NaN,NaN,NaN,NaN,NaN,NaN,0.002992664571,NaN,NaN,NaN,NaN,NaN,NaN,NaN
1880-07-01,5.01,0.235,0.4442,NaN,NaN,NaN,NaN,NaN,NaN,0.002911731501,NaN,NaN,NaN,NaN,NaN,NaN,NaN
1880-08-01,5.19,0.24,0.4533,NaN,NaN,NaN,NaN,NaN,NaN,0.003345750424,NaN,NaN,NaN,NaN,NaN,NaN,NaN
1880-09-01,5.18,0.245,0.4625,NaN,NaN,NaN,NaN,NaN,NaN,0.003507539784,NaN,NaN,NaN,NaN,NaN,NaN,NaN
1880-10-01,5.33,0.25,0.4717,NaN,NaN,NaN,NaN,NaN,NaN,0.003411940144,NaN,NaN,NaN,NaN,NaN,NaN,NaN
1880-11-01,5.61,0.255,0.4808,NaN,NaN,NaN,NaN,NaN,NaN,0.003647245897,NaN,NaN,NaN,NaN,NaN,NaN,NaN
1880-12-01,5.84,0.26,0.49,NaN,NaN,NaN,NaN,NaN,NaN,0.004058897781,NaN,NaN,NaN,NaN,NaN,NaN,NaN
1881-01-01,6.19,0.265,0.4858,NaN,NaN,NaN,NaN,NaN,NaN,0.003507539784,NaN,NaN,NaN,NaN,NaN,NaN,NaN
1881-02-01,6.17,0.27,0.4817,NaN,NaN,NaN,NaN,NaN,NaN,0.003603130286,NaN,NaN,NaN,NaN,NaN,NaN,NaN
1881-03-01,6.24,0.275,0.4775,NaN,NaN,NaN,NaN,NaN,NaN,0.003728119463,NaN,NaN,NaN,NaN,NaN,NaN,NaN
1881-04-01,6.22,0.28,0.4733,NaN,NaN,NaN,NaN,NaN,NaN,0.003463418009,NaN,NaN,NaN,NaN,NaN,NaN,NaN
1881-05-01,6.5,0.285,0.4692,NaN,NaN,NaN,NaN,NaN,NaN,0.002632094124,NaN,NaN,NaN,NaN,NaN,NaN,NaN
1881-06-01,6.58,0.29,0.465,NaN,NaN,NaN,NaN,NaN,NaN,0.002219854354,NaN,NaN,NaN,NaN,NaN,NaN,NaN
1881-07-01,6.35,0.295,0.4608,NaN,NaN,NaN,NaN,NaN,NaN,0.002587933705,NaN,NaN,NaN,NaN,NaN,NaN,NaN
1881-08-01,6.2,0.3,0.4567,NaN,NaN,NaN,NaN,NaN,NaN,0.003286911438,NaN,NaN,NaN,NaN,NaN,NaN,NaN
1881-09-01,6.25,0.305,0.4525,NaN,NaN,NaN,NaN,NaN,NaN,0.003831039999,NaN,NaN,NaN,NaN,NaN,NaN,NaN
1881-10-01,6.15,0.31,0.4483,NaN,NaN,NaN,NaN,NaN,NaN,0.004242616246,NaN,NaN,NaN,NaN,NaN,NaN,NaN
1881-11-01,6.19,0.315,0.4442,NaN,NaN,NaN,NaN,NaN,NaN,0.004279355889,NaN,NaN,NaN,NaN,NaN,NaN,NaN
1881-12-01,6.01,0.32,0.44,NaN,NaN,NaN,NaN,NaN,NaN,0.004242616246,NaN,NaN,NaN,NaN,NaN,NaN,NaN
1882-01-01,5.92,0.32,0.4392,NaN,NaN,NaN,NaN,NaN,NaN,0.003691359562,NaN,NaN,NaN,NaN,NaN,NaN,NaN
1882-02-01,5.79,0.32,0.4383,NaN,NaN,NaN,NaN,NaN,NaN,0.003669302973,NaN,NaN,NaN,NaN,NaN,NaN,NaN
1882-03-01,5.78,0.32,0.4375,NaN,NaN,NaN,NaN,NaN,NaN,0.003794283881,NaN,NaN,NaN,NaN,NaN,NaN,NaN
1882-04-01,5.78,0.32,0.4367,NaN,NaN,NaN,NaN,NaN,NaN,0.00336781415,NaN,NaN,NaN,NaN,NaN,NaN,NaN
1882-05-01,5.71,0.32,0.4358,NaN,NaN,NaN,NaN,NaN,NaN,0.003213357838,NaN,NaN,NaN,NaN,NaN,NaN,NaN
1882-06-01,5.68,0.32,0.435,NaN,NaN,NaN,NaN,NaN,NaN,0.003411940144,NaN,NaN,NaN,NaN,NaN,NaN,NaN
1882-07-01,6,0.32,0.4342,NaN,NaN,NaN,NaN,NaN,NaN,0.003044164023,NaN,NaN,NaN,NaN,NaN,NaN,NaN
1882-08-01,6.18,0.32,0.4333,NaN,NaN,NaN,NaN,NaN,NaN,0.003801635212,NaN,NaN,NaN,NaN,NaN,NaN,NaN
1882-09-01,6.24,0.32,0.4325,NaN,NaN,NaN,NaN,NaN,NaN,0.004609951949,NaN,NaN,NaN,NaN,NaN,NaN,NaN
1882-10-01,6.07,0.32,0.4317,NaN,NaN,NaN,NaN,NaN,NaN,0.004551187303,NaN,NaN,NaN,NaN,NaN,NaN,NaN
1882-11-01,5.81,0.32,0.4308,NaN,NaN,NaN,NaN,NaN,NaN,0.004426300964,NaN,NaN,NaN,NaN,NaN,NaN,NaN
1882-12-01,5.84,0.32,0.43,NaN,NaN,NaN,NaN,NaN,NaN,0.003970700927,NaN,NaN,NaN,NaN,NaN,NaN,NaN
1883-01-01,5.81,0.3208,0.4275,NaN,NaN,NaN,NaN,NaN,NaN,0.003691359562,NaN,NaN,NaN,NaN,NaN,NaN,NaN
1883-02-01,5.68,0.3217,0.425,NaN,NaN,NaN,NaN,NaN,NaN,0.003603130286,NaN,NaN,NaN,NaN,NaN,NaN,NaN
1883-03-01,5.75,0.3225,0.4225,NaN,NaN,NaN,NaN,NaN,NaN,0.00433813651,NaN,NaN,NaN,NaN,NaN,NaN,NaN
1883-04-01,5.87,0.3233,0.42,NaN,NaN,NaN,NaN,NaN,NaN,0.00391924917,NaN,NaN,NaN,NaN,NaN,NaN,NaN
1883-05-01,5.77,0.3242,0.4175,NaN,NaN,NaN,NaN,NaN,NaN,0.00358107175,NaN,NaN,NaN,NaN,NaN,NaN,NaN
1883-06-01,5.82,0.325,0.415,NaN,NaN,NaN,NaN,NaN,NaN,0.003691359562,NaN,NaN,NaN,NaN,NaN,NaN,NaN
1883-07-01,5.73,0.3258,0.4125,NaN,NaN,NaN,NaN,NaN,NaN,0.003161867099,NaN,NaN,NaN,NaN,NaN,NaN,NaN
1883-08-01,5.47,0.3267,0.41,NaN,NaN,NaN,NaN,NaN,NaN,0.003772229561,NaN,NaN,NaN,NaN,NaN,NaN,NaN
1883-09-01,5.53,0.3275,0.4075,NaN,NaN,NaN,NaN,NaN,NaN,0.004058897781,NaN,NaN,NaN,NaN,NaN,NaN,NaN
1883-10-01,5.38,0.3283,0.405,NaN,NaN,NaN,NaN,NaN,NaN,0.004058897781,NaN,NaN,NaN,NaN,NaN,NaN,NaN
1883-11-01,5.46,0.3292,0.4025,NaN,NaN,NaN,NaN,NaN,NaN,0.003831039999,NaN,NaN,NaN,NaN,NaN,NaN,NaN
1883-12-01,5.34,0.33,0.4,NaN,NaN,NaN,NaN,NaN,NaN,0.003691359562,NaN,NaN,NaN,NaN,NaN,NaN,NaN
1884-01-01,5.18,0.3283,0.3925,NaN,NaN,NaN,NaN,NaN,NaN,0.003242779927,NaN,NaN,NaN,NaN,NaN,NaN,NaN
1884-02-01,5.32,0.3267,0.385,NaN,NaN,NaN,NaN,NaN,NaN,0.003139798827,NaN,NaN,NaN,NaN,NaN,NaN,NaN
1884-03-01,5.3,0.325,0.3775,NaN,NaN,NaN,NaN,NaN,NaN,0.003044164023,NaN,NaN,NaN,NaN,NaN,NaN,NaN
1884-04-01,5.06,0.3233,0.37,NaN,NaN,NaN,NaN,NaN,NaN,0.003117730069,NaN,NaN,NaN,NaN,NaN,NaN,NaN
1884-05-01,4.65,0.3217,0.3625,NaN,NaN,NaN,NaN,NaN,NaN,0.00336781415,NaN,NaN,NaN,NaN,NaN,NaN,NaN
1884-06-01,4.46,0.32,0.355,NaN,NaN,NaN,NaN,NaN,NaN,0.003875145557,NaN,NaN,NaN,NaN,NaN,NaN,NaN
1884-07-01,4.46,0.3183,0.3475,NaN,NaN,NaN,NaN,NaN,NaN,0.004022150037,NaN,NaN,NaN,NaN,NaN,NaN,NaN
1884-08-01,4.74,0.3167,0.34,NaN,NaN,NaN,NaN,NaN,NaN,0.003691359562,NaN,NaN,NaN,NaN,NaN,NaN,NaN
1884-09-01,4.59,0.315,0.3325,NaN,NaN,NaN,NaN,NaN,NaN,0.003691359562,NaN,NaN,NaN,NaN,NaN,NaN,NaN
1884-10-01,4.44,0.3133,0.325,NaN,NaN,NaN,NaN,NaN,NaN,0.003691359562,NaN,NaN,NaN,NaN,NaN,NaN,NaN
1884-11-01,4.35,0.3117,0.3175,NaN,NaN,NaN,NaN,NaN,NaN,0.003463418009,NaN,NaN,NaN,NaN,NaN,NaN,NaN
1884-12-01,4.34,0.31,0.31,NaN,NaN,NaN,NaN,NaN,NaN,0.00332368621,NaN,NaN,NaN,NaN,NaN,NaN,NaN
1885-01-01,4.24,0.3042,0.3067,NaN,NaN,NaN,NaN,NaN,NaN,0.003095660823,NaN,NaN,NaN,NaN,NaN,NaN,NaN
1885-02-01,4.37,0.2983,0.3033,NaN,NaN,NaN,NaN,NaN,NaN,0.002955877624,NaN,NaN,NaN,0.001539021101,NaN,NaN,NaN
1885-03-01,4.38,0.2925,0.3,NaN,NaN,NaN,NaN,NaN,NaN,0.002933804806,NaN,NaN,NaN,0.001544558319,NaN,NaN,NaN
1885-04-01,4.37,0.2867,0.2967,NaN,NaN,NaN,NaN,NaN,NaN,0.002565852764,NaN,NaN,NaN,0.001798402729,NaN,NaN,NaN
1885-05-01,4.32,0.2808,0.2933,NaN,NaN,NaN,NaN,NaN,NaN,0.002352378528,NaN,NaN,NaN,0.001805380154,NaN,NaN,NaN
1885-06-01,4.3,0.275,0.29,NaN,NaN,NaN,NaN,NaN,NaN,0.002256668386,NaN,NaN,NaN,0.001096839527,NaN,NaN,NaN
1885-07-01,4.46,0.2692,0.2867,NaN,NaN,NaN,NaN,NaN,NaN,0.002219854354,NaN,NaN,NaN,0.002936052774,NaN,NaN,NaN
1885-08-01,4.71,0.2633,0.2833,NaN,NaN,NaN,NaN,NaN,NaN,0.002352378528,NaN,NaN,NaN,0.00245023468,NaN,NaN,NaN
1885-09-01,4.65,0.2575,0.28,NaN,NaN,NaN,NaN,NaN,NaN,0.002403910965,NaN,NaN,NaN,0.001732299585,NaN,NaN,NaN
1885-10-01,4.92,0.2517,0.2767,NaN,NaN,NaN,NaN,NaN,NaN,0.002587933705,NaN,NaN,NaN,0.002995851566,NaN,NaN,NaN
1885-11-01,5.24,0.2458,0.2733,NaN,NaN,NaN,NaN,NaN,NaN,0.002911731501,NaN,NaN,NaN,0.002813830288,NaN,NaN,NaN
1885-12-01,5.2,0.24,0.27,NaN,NaN,NaN,NaN,NaN,NaN,0.002955877624,NaN,NaN,NaN,0.003026432566,NaN,NaN,NaN
1886-01-01,5.2,0.2383,0.275,NaN,NaN,NaN,NaN,NaN,NaN,0.002816074882,NaN,NaN,NaN,0.001729380234,NaN,NaN,NaN
1886-02-01,5.3,0.2367,0.28,NaN,NaN,NaN,NaN,NaN,NaN,0.002514328673,NaN,NaN,NaN,0.00154742344,NaN,NaN,NaN
1886-03-01,5.19,0.235,0.285,NaN,NaN,NaN,NaN,NaN,NaN,0.002492246107,NaN,NaN,NaN,0.001832107007,NaN,NaN,NaN
1886-04-01,5.12,0.2333,0.29,NaN,NaN,NaN,NaN,NaN,NaN,0.002771922587,NaN,NaN,NaN,0.001222622884,NaN,NaN,NaN
1886-05-01,5.02,0.2317,0.295,NaN,NaN,NaN,NaN,NaN,NaN,0.002632094124,NaN,NaN,NaN,0.001909111756,NaN,NaN,NaN
1886-06-01,5.25,0.23,0.3,NaN,NaN,NaN,NaN,NaN,NaN,0.002477524125,NaN,NaN,NaN,0.001282800173,NaN,NaN,NaN
1886-07-01,5.33,0.2283,0.305,NaN,NaN,NaN,NaN,NaN,NaN,0.002543771336,NaN,NaN,NaN,0.0010352907,NaN,NaN,NaN
1886-08-01,5.37,0.2267,0.31,NaN,NaN,NaN,NaN,NaN,NaN,0.003463418009,NaN,NaN,NaN,0.0009496313578,NaN,NaN,NaN
1886-09-01,5.51,0.225,0.315,NaN,NaN,NaN,NaN,NaN,NaN,0.00391924917,NaN,NaN,NaN,0.000851943319,NaN,NaN,NaN
1886-10-01,5.65,0.2233,0.32,NaN,NaN,NaN,NaN,NaN,NaN,0.004102993291,NaN,NaN,NaN,0.0008899615285,NaN,NaN,NaN
1886-11-01,5.79,0.2217,0.325,NaN,NaN,NaN,NaN,NaN,NaN,0.004000100743,NaN,NaN,NaN,0.0003930133864,NaN,NaN,NaN
1886-12-01,5.64,0.22,0.33,NaN,NaN,NaN,NaN,NaN,NaN,0.004036849296,NaN,NaN,NaN,0.002815316356,NaN,NaN,NaN
1887-01-01,5.58,0.2225,0.3325,NaN,NaN,NaN,NaN,NaN,NaN,0.003691359562,NaN,NaN,NaN,0.001825631621,NaN,NaN,NaN
1887-02-01,5.54,0.225,0.335,NaN,NaN,NaN,NaN,NaN,NaN,0.003183934883,NaN,NaN,NaN,0.002042407965,NaN,NaN,NaN
1887-03-01,5.67,0.2275,0.3375,NaN,NaN,NaN,NaN,NaN,NaN,0.00358107175,NaN,NaN,NaN,0.0006220686296,NaN,NaN,NaN
1887-04-01,5.8,0.23,0.34,NaN,NaN,NaN,NaN,NaN,NaN,0.003603130286,NaN,NaN,NaN,0.0003531394392,NaN,NaN,NaN
1887-05-01,5.9,0.2325,0.3425,NaN,NaN,NaN,NaN,NaN,NaN,0.003478125483,NaN,NaN,NaN,0.0003857557465,NaN,NaN,NaN
1887-06-01,5.73,0.235,0.345,NaN,NaN,NaN,NaN,NaN,NaN,0.003419294287,NaN,NaN,NaN,0.001457960284,NaN,NaN,NaN
1887-07-01,5.59,0.2375,0.3475,NaN,NaN,NaN,NaN,NaN,NaN,0.004198526892,NaN,NaN,NaN,0.001704723647,NaN,NaN,NaN
1887-08-01,5.45,0.24,0.35,NaN,NaN,NaN,NaN,NaN,NaN,0.004316094182,NaN,NaN,NaN,0.002335568454,NaN,NaN,NaN
1887-09-01,5.38,0.2425,0.3525,NaN,NaN,NaN,NaN,NaN,NaN,0.004749504144,NaN,NaN,NaN,0.001995161201,NaN,NaN,NaN
1887-10-01,5.2,0.245,0.355,NaN,NaN,NaN,NaN,NaN,NaN,0.00433813651,NaN,NaN,NaN,0.002955246015,NaN,NaN,NaN
1887-11-01,5.3,0.2475,0.3575,NaN,NaN,NaN,NaN,NaN,NaN,0.003875145557,NaN,NaN,NaN,0.001607985776,NaN,NaN,NaN
1887-12-01,5.27,0.25,0.36,NaN,NaN,NaN,NaN,NaN,NaN,0.004058897781,NaN,NaN,NaN,0.001012811046,NaN,NaN,NaN
1888-01-01,5.31,0.2483,0.3517,NaN,NaN,NaN,NaN,NaN,NaN,0.003764878013,NaN,NaN,NaN,0.0005819192205,NaN,NaN,NaN
1888-02-01,5.28,0.2467,0.3433,NaN,NaN,NaN,NaN,NaN,NaN,0.003213357838,NaN,NaN,NaN,0.00044391742,NaN,NaN,NaN
1888-03-01,5.08,0.245,0.335,NaN,NaN,NaN,NaN,NaN,NaN,0.00348547914,NaN,NaN,NaN,0.001329499889,NaN,NaN,NaN
1888-04-01,5.1,0.2433,0.3267,NaN,NaN,NaN,NaN,NaN,NaN,0.003617835706,NaN,NaN,NaN,0.001458810273,NaN,NaN,NaN
1888-05-01,5.17,0.2417,0.3183,NaN,NaN,NaN,NaN,NaN,NaN,0.003191290703,NaN,NaN,NaN,0.001081597764,NaN,NaN,NaN
1888-06-01,5.01,0.24,0.31,NaN,NaN,NaN,NaN,NaN,NaN,0.002771922587,NaN,NaN,NaN,0.0007697690477,NaN,NaN,NaN
1888-07-01,5.14,0.2383,0.3017,NaN,NaN,NaN,NaN,NaN,NaN,0.002646813831,NaN,NaN,NaN,0.001925110528,NaN,NaN,NaN
1888-08-01,5.25,0.2367,0.2933,NaN,NaN,NaN,NaN,NaN,NaN,0.002852866973,NaN,NaN,NaN,0.0008984656383,NaN,NaN,NaN
1888-09-01,5.38,0.235,0.285,NaN,NaN,NaN,NaN,NaN,NaN,0.003529599942,NaN,NaN,NaN,0.00126355379,NaN,NaN,NaN
1888-10-01,5.35,0.2333,0.2767,NaN,NaN,NaN,NaN,NaN,NaN,0.003375168618,NaN,NaN,NaN,0.0007084945687,NaN,NaN,NaN
1888-11-01,5.24,0.2317,0.2683,NaN,NaN,NaN,NaN,NaN,NaN,0.003139798827,NaN,NaN,NaN,0.0009363229136,NaN,NaN,NaN
1888-12-01,5.14,0.23,0.26,NaN,NaN,NaN,NaN,NaN,NaN,0.003301621509,NaN,NaN,NaN,0.001453140895,NaN,NaN,NaN
1889-01-01,5.24,0.2292,0.2633,NaN,NaN,NaN,NaN,NaN,NaN,0.003066234405,NaN,NaN,NaN,0.0004682998524,NaN,NaN,NaN
1889-02-01,5.3,0.2283,0.2667,NaN,NaN,NaN,NaN,NaN,NaN,0.002771922587,NaN,NaN,NaN,0.000397891552,NaN,NaN,NaN
1889-03-01,5.19,0.2275,0.27,NaN,NaN,NaN,NaN,NaN,NaN,0.002955877624,NaN,NaN,NaN,0.0008328490169,NaN,NaN,NaN
1889-04-01,5.18,0.2267,0.2733,NaN,NaN,NaN,NaN,NaN,NaN,0.002801357667,NaN,NaN,NaN,0.0004265515062,NaN,NaN,NaN
1889-05-01,5.32,0.2258,0.2767,NaN,NaN,NaN,NaN,NaN,NaN,0.002477524125,NaN,NaN,NaN,0.0003564911266,NaN,NaN,NaN
1889-06-01,5.41,0.225,0.28,NaN,NaN,NaN,NaN,NaN,NaN,0.002499607016,NaN,NaN,NaN,0.0002467206765,NaN,NaN,NaN
1889-07-01,5.3,0.2242,0.2833,NaN,NaN,NaN,NaN,NaN,NaN,0.00288229967,NaN,NaN,NaN,0.0007961597411,NaN,NaN,NaN
1889-08-01,5.37,0.2233,0.2867,NaN,NaN,NaN,NaN,NaN,NaN,0.003441356391,NaN,NaN,NaN,0.0005355928995,NaN,NaN,NaN
1889-09-01,5.5,0.2225,0.29,NaN,NaN,NaN,NaN,NaN,NaN,0.003529599942,NaN,NaN,NaN,0.0004371140151,NaN,NaN,NaN
1889-10-01,5.4,0.2217,0.2933,NaN,NaN,NaN,NaN,NaN,NaN,0.004058897781,NaN,NaN,NaN,0.0008217409334,NaN,NaN,NaN
1889-11-01,5.35,0.2208,0.2967,NaN,NaN,NaN,NaN,NaN,NaN,0.004058897781,NaN,NaN,NaN,0.000828158615,NaN,NaN,NaN
1889-12-01,5.32,0.22,0.3,NaN,NaN,NaN,NaN,NaN,NaN,0.004125040316,NaN,NaN,NaN,0.0007264675904,NaN,NaN,NaN
1890-01-01,5.38,0.22,0.2992,NaN,NaN,NaN,NaN,NaN,NaN,0.00358107175,NaN,NaN,NaN,0.0003125311274,NaN,NaN,NaN
1890-02-01,5.32,0.22,0.2983,NaN,NaN,NaN,NaN,NaN,NaN,0.003345750424,NaN,NaN,NaN,0.0002374071878,NaN,NaN,NaN
1890-03-01,5.28,0.22,0.2975,NaN,NaN,NaN,NaN,NaN,NaN,0.003691359562,NaN,NaN,NaN,0.0002728576746,NaN,NaN,NaN
1890-04-01,5.39,0.22,0.2967,NaN,NaN,NaN,NaN,NaN,NaN,0.003404585947,NaN,NaN,NaN,0.0004125476155,NaN,NaN,NaN
1890-05-01,5.62,0.22,0.2958,NaN,NaN,NaN,NaN,NaN,NaN,0.00336781415,NaN,NaN,NaN,0.0007482020471,NaN,NaN,NaN
1890-06-01,5.58,0.22,0.295,NaN,NaN,NaN,NaN,NaN,NaN,0.00332368621,NaN,NaN,NaN,0.0008752802387,NaN,NaN,NaN
1890-07-01,5.54,0.22,0.2942,NaN,NaN,NaN,NaN,NaN,NaN,0.003360459629,NaN,NaN,NaN,0.0004360968086,NaN,NaN,NaN
1890-08-01,5.41,0.22,0.2933,NaN,NaN,NaN,NaN,NaN,NaN,0.003757526412,NaN,NaN,NaN,0.00195919901,NaN,NaN,NaN
1890-09-01,5.32,0.22,0.2925,NaN,NaN,NaN,NaN,NaN,NaN,0.003875145557,NaN,NaN,NaN,0.001021590004,NaN,NaN,NaN
1890-10-01,5.08,0.22,0.2917,NaN,NaN,NaN,NaN,NaN,NaN,0.003985400943,NaN,NaN,NaN,0.00189904774,NaN,NaN,NaN
1890-11-01,4.71,0.22,0.2908,NaN,NaN,NaN,NaN,NaN,NaN,0.004609951949,NaN,NaN,NaN,0.008501589623,NaN,NaN,NaN
1890-12-01,4.6,0.22,0.29,NaN,NaN,NaN,NaN,NaN,NaN,0.005035892387,NaN,NaN,NaN,0.005944709785,NaN,NaN,NaN
1891-01-01,4.84,0.22,0.2942,NaN,NaN,NaN,NaN,NaN,NaN,0.003933949942,NaN,NaN,NaN,0.001695690991,NaN,NaN,NaN
1891-02-01,4.9,0.22,0.2983,NaN,NaN,NaN,NaN,NaN,NaN,0.00332368621,NaN,NaN,NaN,0.0008054941682,NaN,NaN,NaN
1891-03-01,4.81,0.22,0.3025,NaN,NaN,NaN,NaN,NaN,NaN,0.003507539784,NaN,NaN,NaN,0.001006613461,NaN,NaN,NaN
1891-04-01,4.97,0.22,0.3067,NaN,NaN,NaN,NaN,NaN,NaN,0.003382523031,NaN,NaN,NaN,0.001356938915,NaN,NaN,NaN
1891-05-01,4.95,0.22,0.3108,NaN,NaN,NaN,NaN,NaN,NaN,0.003603130286,NaN,NaN,NaN,0.001974872575,NaN,NaN,NaN
1891-06-01,4.85,0.22,0.315,NaN,NaN,NaN,NaN,NaN,NaN,0.003691359562,NaN,NaN,NaN,0.0009915705634,NaN,NaN,NaN
1891-07-01,4.77,0.22,0.3192,NaN,NaN,NaN,NaN,NaN,NaN,0.003764878013,NaN,NaN,NaN,0.0007849770099,NaN,NaN,NaN
1891-08-01,4.93,0.22,0.3233,NaN,NaN,NaN,NaN,NaN,NaN,0.003875145557,NaN,NaN,NaN,0.001771052843,NaN,NaN,NaN
1891-09-01,5.33,0.22,0.3275,NaN,NaN,NaN,NaN,NaN,NaN,0.003897197607,NaN,NaN,NaN,0.002110405265,NaN,NaN,NaN
1891-10-01,5.33,0.22,0.3317,NaN,NaN,NaN,NaN,NaN,NaN,0.003750174756,NaN,NaN,NaN,0.001661620802,NaN,NaN,NaN
1891-11-01,5.25,0.22,0.3358,NaN,NaN,NaN,NaN,NaN,NaN,0.00336781415,NaN,NaN,NaN,0.00140911292,NaN,NaN,NaN
1891-12-01,5.41,0.22,0.34,NaN,NaN,NaN,NaN,NaN,NaN,0.003198646469,NaN,NaN,NaN,0.0005551821863,NaN,NaN,NaN
1892-01-01,5.51,0.2217,0.3425,NaN,NaN,NaN,NaN,NaN,NaN,0.00270569049,NaN,NaN,NaN,0.001510781307,NaN,NaN,NaN
1892-02-01,5.52,0.2233,0.345,NaN,NaN,NaN,NaN,NaN,NaN,0.002359740468,NaN,NaN,NaN,0.001350014384,NaN,NaN,NaN
1892-03-01,5.58,0.225,0.3475,NaN,NaN,NaN,NaN,NaN,NaN,0.002573213132,NaN,NaN,NaN,0.001030221564,NaN,NaN,NaN
1892-04-01,5.57,0.2267,0.35,NaN,NaN,NaN,NaN,NaN,NaN,0.002197765284,NaN,NaN,NaN,0.0007060076554,NaN,NaN,NaN
1892-05-01,5.57,0.2283,0.3525,NaN,NaN,NaN,NaN,NaN,NaN,0.001969482985,NaN,NaN,NaN,0.0007100526492,NaN,NaN,NaN
1892-06-01,5.54,0.23,0.355,NaN,NaN,NaN,NaN,NaN,NaN,0.001814810524,NaN,NaN,NaN,0.0007011436979,NaN,NaN,NaN
1892-07-01,5.54,0.2317,0.3575,NaN,NaN,NaN,NaN,NaN,NaN,0.002197765284,NaN,NaN,NaN,0.0008278846176,NaN,NaN,NaN
1892-08-01,5.62,0.2333,0.36,NaN,NaN,NaN,NaN,NaN,NaN,0.002558492342,NaN,NaN,NaN,0.0009315347338,NaN,NaN,NaN
1892-09-01,5.48,0.235,0.3625,NaN,NaN,NaN,NaN,NaN,NaN,0.003110373708,NaN,NaN,NaN,0.001023799043,NaN,NaN,NaN
1892-10-01,5.59,0.2367,0.365,NaN,NaN,NaN,NaN,NaN,NaN,0.003441356391,NaN,NaN,NaN,0.0003598215082,NaN,NaN,NaN
1892-11-01,5.57,0.2383,0.3675,NaN,NaN,NaN,NaN,NaN,NaN,0.003426648376,NaN,NaN,NaN,0.0007783807987,NaN,NaN,NaN
1892-12-01,5.51,0.24,0.37,NaN,NaN,NaN,NaN,NaN,NaN,0.003691359562,NaN,NaN,NaN,0.0009565177994,NaN,NaN,NaN
1893-01-01,5.61,0.2408,0.3608,NaN,NaN,NaN,NaN,NaN,NaN,0.003397231696,NaN,NaN,NaN,0.0009023187342,NaN,NaN,NaN
1893-02-01,5.51,0.2417,0.3517,NaN,NaN,NaN,NaN,NaN,NaN,0.003301621509,NaN,NaN,NaN,0.001715777574,NaN,NaN,NaN
1893-03-01,5.31,0.2425,0.3425,NaN,NaN,NaN,NaN,NaN,NaN,0.004646678099,NaN,NaN,NaN,0.00124057289,NaN,NaN,NaN
1893-04-01,5.31,0.2433,0.3333,NaN,NaN,NaN,NaN,NaN,NaN,0.003875145557,NaN,NaN,NaN,0.001631034837,NaN,NaN,NaN
1893-05-01,4.84,0.2442,0.3242,NaN,NaN,NaN,NaN,NaN,NaN,0.004565878789,NaN,NaN,NaN,0.006065501802,NaN,NaN,NaN
1893-06-01,4.61,0.245,0.315,NaN,NaN,NaN,NaN,NaN,NaN,0.005872557287,NaN,NaN,NaN,0.002970787307,NaN,NaN,NaN
1893-07-01,4.18,0.2458,0.3058,NaN,NaN,NaN,NaN,NaN,NaN,0.007638995457,NaN,NaN,NaN,0.01743871655,NaN,NaN,NaN
1893-08-01,4.08,0.2467,0.2967,NaN,NaN,NaN,NaN,NaN,NaN,0.007433926257,NaN,NaN,NaN,0.009677558595,NaN,NaN,NaN
1893-09-01,4.37,0.2475,0.2875,NaN,NaN,NaN,NaN,NaN,NaN,0.005733161739,NaN,NaN,NaN,0.004453037982,NaN,NaN,NaN
1893-10-01,4.5,0.2483,0.2783,NaN,NaN,NaN,NaN,NaN,NaN,0.00399275087,NaN,NaN,NaN,0.004594215374,NaN,NaN,NaN
1893-11-01,4.57,0.2492,0.2692,NaN,NaN,NaN,NaN,NaN,NaN,0.00286758343,NaN,NaN,NaN,0.002224447663,NaN,NaN,NaN
1893-12-01,4.41,0.25,0.26,NaN,NaN,NaN,NaN,NaN,NaN,0.002337654487,NaN,NaN,NaN,0.001670421065,NaN,NaN,NaN
1894-01-01,4.32,0.2467,0.2517,NaN,NaN,NaN,NaN,NaN,NaN,0.002205128361,NaN,NaN,NaN,0.00306115464,NaN,NaN,NaN
1894-02-01,4.38,0.2433,0.2433,NaN,NaN,NaN,NaN,NaN,NaN,0.00207258467,NaN,NaN,NaN,0.000468762929,NaN,NaN,NaN
1894-03-01,4.51,0.24,0.235,NaN,NaN,NaN,NaN,NaN,NaN,0.001873736187,NaN,NaN,NaN,0.001185254716,NaN,NaN,NaN
1894-04-01,4.57,0.2367,0.2267,NaN,NaN,NaN,NaN,NaN,NaN,0.001925293294,NaN,NaN,NaN,0.0007072681766,NaN,NaN,NaN
1894-05-01,4.4,0.2333,0.2183,NaN,NaN,NaN,NaN,NaN,NaN,0.001800078565,NaN,NaN,NaN,0.0016138179,NaN,NaN,NaN
1894-06-01,4.34,0.23,0.21,NaN,NaN,NaN,NaN,NaN,NaN,0.00178534639,NaN,NaN,NaN,0.001067960193,NaN,NaN,NaN
1894-07-01,4.25,0.2267,0.2017,NaN,NaN,NaN,NaN,NaN,NaN,0.00185163947,NaN,NaN,NaN,0.0006023603871,NaN,NaN,NaN
1894-08-01,4.41,0.2233,0.1933,NaN,NaN,NaN,NaN,NaN,NaN,0.001903197717,NaN,NaN,NaN,0.002454050411,NaN,NaN,NaN
1894-09-01,4.48,0.22,0.185,NaN,NaN,NaN,NaN,NaN,NaN,0.002057856509,NaN,NaN,NaN,0.001112951318,NaN,NaN,NaN
1894-10-01,4.34,0.2167,0.1767,NaN,NaN,NaN,NaN,NaN,NaN,0.001674848156,NaN,NaN,NaN,0.001201328335,NaN,NaN,NaN
1894-11-01,4.34,0.2133,0.1683,NaN,NaN,NaN,NaN,NaN,NaN,0.001696948779,NaN,NaN,NaN,0.001903474278,NaN,NaN,NaN
1894-12-01,4.3,0.21,0.16,NaN,NaN,NaN,NaN,NaN,NaN,0.00176324772,NaN,NaN,NaN,0.001360355061,NaN,NaN,NaN
1895-01-01,4.25,0.2083,0.1675,NaN,NaN,NaN,NaN,NaN,NaN,0.001925293294,NaN,NaN,NaN,0.0009261423531,NaN,NaN,NaN
1895-02-01,4.19,0.2067,0.175,NaN,NaN,NaN,NaN,NaN,NaN,0.002308205755,NaN,NaN,NaN,0.00089989984,NaN,NaN,NaN
1895-03-01,4.19,0.205,0.1825,NaN,NaN,NaN,NaN,NaN,NaN,0.00252168942,NaN,NaN,NaN,0.001671134435,NaN,NaN,NaN
1895-04-01,4.37,0.2033,0.19,NaN,NaN,NaN,NaN,NaN,NaN,0.002565852764,NaN,NaN,NaN,0.0008847499432,NaN,NaN,NaN
1895-05-01,4.61,0.2017,0.1975,NaN,NaN,NaN,NaN,NaN,NaN,0.001682215085,NaN,NaN,NaN,0.003011112282,NaN,NaN,NaN
1895-06-01,4.7,0.2,0.205,NaN,NaN,NaN,NaN,NaN,NaN,0.001571705453,NaN,NaN,NaN,0.0009137186126,NaN,NaN,NaN
1895-07-01,4.72,0.1983,0.2125,NaN,NaN,NaN,NaN,NaN,NaN,0.001807444572,NaN,NaN,NaN,0.0008380014037,NaN,NaN,NaN
1895-08-01,4.79,0.1967,0.22,NaN,NaN,NaN,NaN,NaN,NaN,0.002197765284,NaN,NaN,NaN,0.0005809941972,NaN,NaN,NaN
1895-09-01,4.82,0.195,0.2275,NaN,NaN,NaN,NaN,NaN,NaN,0.002610014159,NaN,NaN,NaN,0.002019139557,NaN,NaN,NaN
1895-10-01,4.75,0.1933,0.235,NaN,NaN,NaN,NaN,NaN,NaN,0.003161867099,NaN,NaN,NaN,0.0009002613798,NaN,NaN,NaN
1895-11-01,4.59,0.1917,0.2425,NaN,NaN,NaN,NaN,NaN,NaN,0.002683612149,NaN,NaN,NaN,0.001539419394,NaN,NaN,NaN
1895-12-01,4.32,0.19,0.25,NaN,NaN,NaN,NaN,NaN,NaN,0.003139798827,NaN,NaN,NaN,0.01450513233,NaN,NaN,NaN
1896-01-01,4.27,0.1892,0.2467,NaN,NaN,NaN,NaN,NaN,NaN,0.004058897781,NaN,NaN,NaN,0.00348541317,NaN,NaN,NaN
1896-02-01,4.45,0.1883,0.2433,NaN,NaN,NaN,NaN,NaN,NaN,0.00391924917,NaN,NaN,NaN,0.001788872486,NaN,NaN,NaN
1896-03-01,4.38,0.1875,0.24,NaN,NaN,NaN,NaN,NaN,NaN,0.00348547914,NaN,NaN,NaN,0.001456643393,NaN,NaN,NaN
1896-04-01,4.42,0.1867,0.2367,NaN,NaN,NaN,NaN,NaN,NaN,0.00352224661,NaN,NaN,NaN,0.0006532004459,NaN,NaN,NaN
1896-05-01,4.4,0.1858,0.2333,NaN,NaN,NaN,NaN,NaN,NaN,0.002977949955,NaN,NaN,NaN,0.001039827391,NaN,NaN,NaN
1896-06-01,4.32,0.185,0.23,NaN,NaN,NaN,NaN,NaN,NaN,0.002771922587,NaN,NaN,NaN,0.004358750461,NaN,NaN,NaN
1896-07-01,4.04,0.1842,0.2267,NaN,NaN,NaN,NaN,NaN,NaN,0.003360459629,NaN,NaN,NaN,0.007685693789,NaN,NaN,NaN
1896-08-01,3.81,0.1833,0.2233,NaN,NaN,NaN,NaN,NaN,NaN,0.005388257668,NaN,NaN,NaN,0.007965637272,NaN,NaN,NaN
1896-09-01,4.01,0.1825,0.22,NaN,NaN,NaN,NaN,NaN,NaN,0.00574783587,NaN,NaN,NaN,0.004308877029,NaN,NaN,NaN
1896-10-01,4.1,0.1817,0.2167,NaN,NaN,NaN,NaN,NaN,NaN,0.00579185697,NaN,NaN,NaN,0.004514813347,NaN,NaN,NaN
1896-11-01,4.38,0.1808,0.2133,NaN,NaN,NaN,NaN,NaN,NaN,0.003573718797,NaN,NaN,NaN,0.004213716629,NaN,NaN,NaN
1896-12-01,4.22,0.18,0.21,NaN,NaN,NaN,NaN,NaN,NaN,0.002389187683,NaN,NaN,NaN,0.004961789094,NaN,NaN,NaN
1897-01-01,4.22,0.18,0.2183,NaN,NaN,NaN,NaN,NaN,NaN,0.002079948669,NaN,NaN,NaN,0.001418686168,NaN,NaN,NaN
1897-02-01,4.18,0.18,0.2267,NaN,NaN,NaN,NaN,NaN,NaN,0.00185163947,NaN,NaN,NaN,0.001034707902,NaN,NaN,NaN
1897-03-01,4.19,0.18,0.235,NaN,NaN,NaN,NaN,NaN,NaN,0.002094676505,NaN,NaN,NaN,0.001918794089,NaN,NaN,NaN
1897-04-01,4.06,0.18,0.2433,NaN,NaN,NaN,NaN,NaN,NaN,0.002241942936,NaN,NaN,NaN,0.002092064389,NaN,NaN,NaN
1897-05-01,4.08,0.18,0.2517,NaN,NaN,NaN,NaN,NaN,NaN,0.002241942936,NaN,NaN,NaN,0.001085807971,NaN,NaN,NaN
1897-06-01,4.27,0.18,0.26,NaN,NaN,NaN,NaN,NaN,NaN,0.001940023408,NaN,NaN,NaN,0.001164975947,NaN,NaN,NaN
1897-07-01,4.46,0.18,0.2683,NaN,NaN,NaN,NaN,NaN,NaN,0.002146222223,NaN,NaN,NaN,0.0009982965032,NaN,NaN,NaN
1897-08-01,4.75,0.18,0.2767,NaN,NaN,NaN,NaN,NaN,NaN,0.00238182596,NaN,NaN,NaN,0.002023529044,NaN,NaN,NaN
1897-09-01,4.98,0.18,0.285,NaN,NaN,NaN,NaN,NaN,NaN,0.00266153332,NaN,NaN,NaN,0.003174387182,NaN,NaN,NaN
1897-10-01,4.82,0.18,0.2933,NaN,NaN,NaN,NaN,NaN,NaN,0.002727768343,NaN,NaN,NaN,0.003457528816,NaN,NaN,NaN
1897-11-01,4.65,0.18,0.3017,NaN,NaN,NaN,NaN,NaN,NaN,0.002131495146,NaN,NaN,NaN,0.003185950779,NaN,NaN,NaN
1897-12-01,4.75,0.18,0.31,NaN,NaN,NaN,NaN,NaN,NaN,0.002160949083,NaN,NaN,NaN,0.001196788654,NaN,NaN,NaN
1898-01-01,4.88,0.1817,0.3133,NaN,NaN,NaN,NaN,NaN,NaN,0.00203576386,NaN,NaN,NaN,0.002006506241,NaN,NaN,NaN
1898-02-01,4.87,0.1833,0.3167,NaN,NaN,NaN,NaN,NaN,NaN,0.001940023408,NaN,NaN,NaN,0.002862730233,NaN,NaN,NaN
1898-03-01,4.65,0.185,0.32,NaN,NaN,NaN,NaN,NaN,NaN,0.003066234405,NaN,NaN,NaN,0.01097675562,NaN,NaN,NaN
1898-04-01,4.57,0.1867,0.3233,NaN,NaN,NaN,NaN,NaN,NaN,0.003875145557,NaN,NaN,NaN,0.004348803465,NaN,NaN,NaN
1898-05-01,4.87,0.1883,0.3267,NaN,NaN,NaN,NaN,NaN,NaN,0.003066234405,NaN,NaN,NaN,0.004697023753,NaN,NaN,NaN
1898-06-01,5.06,0.19,0.33,NaN,NaN,NaN,NaN,NaN,NaN,0.002028399535,NaN,NaN,NaN,0.00122374415,NaN,NaN,NaN
1898-07-01,5.08,0.1917,0.3333,NaN,NaN,NaN,NaN,NaN,NaN,0.002337654487,NaN,NaN,NaN,0.0008520288983,NaN,NaN,NaN
1898-08-01,5.27,0.1933,0.3367,NaN,NaN,NaN,NaN,NaN,NaN,0.00232293023,NaN,NaN,NaN,0.001301034942,NaN,NaN,NaN
1898-09-01,5.26,0.195,0.34,NaN,NaN,NaN,NaN,NaN,NaN,0.002668892984,NaN,NaN,NaN,0.001493378242,NaN,NaN,NaN
1898-10-01,5.15,0.1967,0.3433,NaN,NaN,NaN,NaN,NaN,NaN,0.00215358568,NaN,NaN,NaN,0.001085896264,NaN,NaN,NaN
1898-11-01,5.32,0.1983,0.3467,NaN,NaN,NaN,NaN,NaN,NaN,0.00207258467,NaN,NaN,NaN,0.0007460238471,NaN,NaN,NaN
1898-12-01,5.65,0.2,0.35,NaN,NaN,NaN,NaN,NaN,NaN,0.001873736187,NaN,NaN,NaN,0.000830482206,NaN,NaN,NaN
1899-01-01,6.08,0.2008,0.3608,NaN,NaN,NaN,NaN,NaN,NaN,0.001777980221,NaN,NaN,NaN,0.001711359913,NaN,NaN,NaN
1899-02-01,6.31,0.2017,0.3717,NaN,NaN,NaN,NaN,NaN,NaN,0.00188846706,NaN,NaN,NaN,0.0008945259139,NaN,NaN,NaN
1899-03-01,6.4,0.2025,0.3825,NaN,NaN,NaN,NaN,NaN,NaN,0.002484885143,NaN,NaN,NaN,0.00129131018,NaN,NaN,NaN
1899-04-01,6.48,0.2033,0.3933,NaN,NaN,NaN,NaN,NaN,NaN,0.002359740468,NaN,NaN,NaN,0.001255857327,NaN,NaN,NaN
1899-05-01,6.21,0.2042,0.4042,NaN,NaN,NaN,NaN,NaN,NaN,0.002293481064,NaN,NaN,NaN,0.005031549495,NaN,NaN,NaN
1899-06-01,6.07,0.205,0.415,NaN,NaN,NaN,NaN,NaN,NaN,0.002079948669,NaN,NaN,NaN,0.001547426168,NaN,NaN,NaN
1899-07-01,6.28,0.2058,0.4258,NaN,NaN,NaN,NaN,NaN,NaN,0.002337654487,NaN,NaN,NaN,0.0008671236611,NaN,NaN,NaN
1899-08-01,6.44,0.2067,0.4367,NaN,NaN,NaN,NaN,NaN,NaN,0.002845508663,NaN,NaN,NaN,0.0005065934003,NaN,NaN,NaN
1899-09-01,6.37,0.2075,0.4475,NaN,NaN,NaN,NaN,NaN,NaN,0.003279556322,NaN,NaN,NaN,0.001900042119,NaN,NaN,NaN
1899-10-01,6.34,0.2083,0.4583,NaN,NaN,NaN,NaN,NaN,NaN,0.003463418009,NaN,NaN,NaN,0.001286948056,NaN,NaN,NaN
1899-11-01,6.46,0.2092,0.4692,NaN,NaN,NaN,NaN,NaN,NaN,0.003632540909,NaN,NaN,NaN,0.0009189348156,NaN,NaN,NaN
1899-12-01,6.02,0.21,0.48,NaN,NaN,NaN,NaN,NaN,NaN,0.003970700927,NaN,NaN,NaN,0.009884870853,NaN,NaN,NaN
1900-01-01,6.1,0.2175,0.48,NaN,NaN,NaN,NaN,NaN,NaN,0.003272201151,NaN,NaN,NaN,0.002432462375,NaN,NaN,NaN
1900-02-01,6.21,0.225,0.48,NaN,NaN,NaN,NaN,NaN,NaN,0.00288229967,NaN,NaN,NaN,0.0008380406958,NaN,NaN,NaN
1900-03-01,6.26,0.2325,0.48,NaN,NaN,NaN,NaN,NaN,NaN,0.003235424486,NaN,NaN,NaN,0.001221703309,NaN,NaN,NaN
1900-04-01,6.34,0.24,0.48,NaN,NaN,NaN,NaN,NaN,NaN,0.002771922587,NaN,NaN,NaN,0.001425460878,NaN,NaN,NaN
1900-05-01,6.04,0.2475,0.48,NaN,NaN,NaN,NaN,NaN,NaN,0.002367102353,NaN,NaN,NaN,0.001691291718,NaN,NaN,NaN
1900-06-01,5.86,0.255,0.48,NaN,NaN,NaN,NaN,NaN,NaN,0.002352378528,NaN,NaN,NaN,0.001571495063,NaN,NaN,NaN
1900-07-01,5.86,0.2625,0.48,NaN,NaN,NaN,NaN,NaN,NaN,0.002610014159,NaN,NaN,NaN,0.00128715609,NaN,NaN,NaN
1900-08-01,5.94,0.27,0.48,NaN,NaN,NaN,NaN,NaN,NaN,0.002727768343,NaN,NaN,NaN,0.0003048212654,NaN,NaN,NaN
1900-09-01,5.8,0.2775,0.48,NaN,NaN,NaN,NaN,NaN,NaN,0.002838150299,NaN,NaN,NaN,0.001445853764,NaN,NaN,NaN
1900-10-01,6.01,0.285,0.48,NaN,NaN,NaN,NaN,NaN,NaN,0.003360459629,NaN,NaN,NaN,0.001255192692,NaN,NaN,NaN
1900-11-01,6.48,0.2925,0.48,NaN,NaN,NaN,NaN,NaN,NaN,0.00288229967,NaN,NaN,NaN,0.002458229841,NaN,NaN,NaN
1900-12-01,6.87,0.3,0.48,NaN,NaN,NaN,NaN,NaN,NaN,0.003139798827,NaN,NaN,NaN,0.001228406708,NaN,NaN,NaN
1901-01-01,7.07,0.3017,0.4817,NaN,NaN,NaN,NaN,NaN,NaN,0.002610014159,NaN,NaN,NaN,0.002529251663,NaN,NaN,NaN
1901-02-01,7.25,0.3033,0.4833,NaN,NaN,NaN,NaN,NaN,NaN,0.002359740468,NaN,NaN,NaN,0.0009435573488,NaN,NaN,NaN
1901-03-01,7.51,0.305,0.485,NaN,NaN,NaN,NaN,NaN,NaN,0.002403910965,NaN,NaN,NaN,0.0004476117819,NaN,NaN,NaN
1901-04-01,8.14,0.3067,0.4867,NaN,NaN,NaN,NaN,NaN,NaN,0.002565852764,NaN,NaN,NaN,0.001804145232,NaN,NaN,NaN
1901-05-01,7.73,0.3083,0.4883,NaN,NaN,NaN,NaN,NaN,NaN,0.002565852764,NaN,NaN,NaN,0.01512932513,NaN,NaN,NaN
1901-06-01,8.5,0.31,0.49,NaN,NaN,NaN,NaN,NaN,NaN,0.002543771336,NaN,NaN,NaN,0.001116633978,NaN,NaN,NaN
1901-07-01,7.93,0.3117,0.4917,NaN,NaN,NaN,NaN,NaN,NaN,0.002808716302,NaN,NaN,NaN,0.004989022596,NaN,NaN,NaN
1901-08-01,8.04,0.3133,0.4933,NaN,NaN,NaN,NaN,NaN,NaN,0.002955877624,NaN,NaN,NaN,0.001368381194,NaN,NaN,NaN
1901-09-01,8,0.315,0.495,NaN,NaN,NaN,NaN,NaN,NaN,0.003279556322,NaN,NaN,NaN,0.005912999251,NaN,NaN,NaN
1901-10-01,7.91,0.3167,0.4967,NaN,NaN,NaN,NaN,NaN,NaN,0.003066234405,NaN,NaN,NaN,0.0009998370502,NaN,NaN,NaN
1901-11-01,8.08,0.3183,0.4983,NaN,NaN,NaN,NaN,NaN,NaN,0.003117730069,NaN,NaN,NaN,0.0008218961263,NaN,NaN,NaN
1901-12-01,7.95,0.32,0.5,NaN,NaN,NaN,NaN,NaN,NaN,0.003279556322,NaN,NaN,NaN,0.001230325224,NaN,NaN,NaN
1902-01-01,8.12,0.3208,0.5108,NaN,NaN,NaN,NaN,NaN,NaN,0.002955877624,NaN,NaN,NaN,0.00084182236,NaN,NaN,NaN
1902-02-01,8.19,0.3217,0.5217,NaN,NaN,NaN,NaN,NaN,NaN,0.002587933705,NaN,NaN,NaN,0.0005069032323,NaN,NaN,NaN
1902-03-01,8.2,0.3225,0.5325,NaN,NaN,NaN,NaN,NaN,NaN,0.002838150299,NaN,NaN,NaN,0.00035371375,NaN,NaN,NaN
1902-04-01,8.48,0.3233,0.5433,NaN,NaN,NaN,NaN,NaN,NaN,0.002941162466,NaN,NaN,NaN,0.0006210730808,NaN,NaN,NaN
1902-05-01,8.46,0.3242,0.5542,NaN,NaN,NaN,NaN,NaN,NaN,0.002977949955,NaN,NaN,NaN,0.001237024852,NaN,NaN,NaN
1902-06-01,8.41,0.325,0.565,NaN,NaN,NaN,NaN,NaN,NaN,0.002911731501,NaN,NaN,NaN,0.0002609764455,NaN,NaN,NaN
1902-07-01,8.6,0.3258,0.5758,NaN,NaN,NaN,NaN,NaN,NaN,0.003044164023,NaN,NaN,NaN,0.0003693229253,NaN,NaN,NaN
1902-08-01,8.83,0.3267,0.5867,NaN,NaN,NaN,NaN,NaN,NaN,0.00320600218,NaN,NaN,NaN,0.0003363733277,NaN,NaN,NaN
1902-09-01,8.85,0.3275,0.5975,NaN,NaN,NaN,NaN,NaN,NaN,0.003772229561,NaN,NaN,NaN,0.003378878542,NaN,NaN,NaN
1902-10-01,8.57,0.3283,0.6083,NaN,NaN,NaN,NaN,NaN,NaN,0.004014800326,NaN,NaN,NaN,0.00168014343,NaN,NaN,NaN
1902-11-01,8.24,0.3292,0.6192,NaN,NaN,NaN,NaN,NaN,NaN,0.003875145557,NaN,NaN,NaN,0.002119908109,NaN,NaN,NaN
1902-12-01,8.05,0.33,0.63,NaN,NaN,NaN,NaN,NaN,NaN,0.004058897781,NaN,NaN,NaN,0.001686887659,NaN,NaN,NaN
1903-01-01,8.46,0.3317,0.6217,NaN,NaN,NaN,NaN,NaN,NaN,0.003411940144,NaN,NaN,NaN,0.0006760278922,NaN,NaN,NaN
1903-02-01,8.41,0.3333,0.6133,NaN,NaN,NaN,NaN,NaN,NaN,0.00320600218,NaN,NaN,NaN,0.0004724461985,NaN,NaN,NaN
1903-03-01,8.08,0.335,0.605,NaN,NaN,NaN,NaN,NaN,NaN,0.003772229561,NaN,NaN,NaN,0.001707635286,NaN,NaN,NaN
1903-04-01,7.75,0.3367,0.5967,NaN,NaN,NaN,NaN,NaN,NaN,0.00348547914,NaN,NaN,NaN,0.001618694695,NaN,NaN,NaN
1903-05-01,7.6,0.3383,0.5883,NaN,NaN,NaN,NaN,NaN,NaN,0.003139798827,NaN,NaN,NaN,0.001395270665,NaN,NaN,NaN
1903-06-01,7.18,0.34,0.58,NaN,NaN,NaN,NaN,NaN,NaN,0.003382523031,NaN,NaN,NaN,0.002560532888,NaN,NaN,NaN
1903-07-01,6.85,0.3417,0.5717,NaN,NaN,NaN,NaN,NaN,NaN,0.003647245897,NaN,NaN,NaN,0.002597458856,NaN,NaN,NaN
1903-08-01,6.63,0.3433,0.5633,NaN,NaN,NaN,NaN,NaN,NaN,0.004014800326,NaN,NaN,NaN,0.004612056366,NaN,NaN,NaN
1903-09-01,6.47,0.345,0.555,NaN,NaN,NaN,NaN,NaN,NaN,0.004058897781,NaN,NaN,NaN,0.002943197694,NaN,NaN,NaN
1903-10-01,6.26,0.3467,0.5467,NaN,NaN,NaN,NaN,NaN,NaN,0.003941300247,NaN,NaN,NaN,0.003639817159,NaN,NaN,NaN
1903-11-01,6.28,0.3483,0.5383,NaN,NaN,NaN,NaN,NaN,NaN,0.004036849296,NaN,NaN,NaN,0.001278123051,NaN,NaN,NaN
1903-12-01,6.57,0.35,0.53,NaN,NaN,NaN,NaN,NaN,NaN,0.003948650498,NaN,NaN,NaN,0.001244321148,NaN,NaN,NaN
1904-01-01,6.68,0.3467,0.5267,NaN,NaN,NaN,NaN,NaN,NaN,0.003235424486,NaN,NaN,NaN,0.001778154987,NaN,NaN,NaN
1904-02-01,6.5,0.3433,0.5233,NaN,NaN,NaN,NaN,NaN,NaN,0.003161867099,NaN,NaN,NaN,0.0007110372643,NaN,NaN,NaN
1904-03-01,6.48,0.34,0.52,NaN,NaN,NaN,NaN,NaN,NaN,0.0030883043,NaN,NaN,NaN,0.001462639663,NaN,NaN,NaN
1904-04-01,6.64,0.3367,0.5167,NaN,NaN,NaN,NaN,NaN,NaN,0.002632094124,NaN,NaN,NaN,0.0004368783641,NaN,NaN,NaN
1904-05-01,6.5,0.3333,0.5133,NaN,NaN,NaN,NaN,NaN,NaN,0.002529050113,NaN,NaN,NaN,0.0003431724415,NaN,NaN,NaN
1904-06-01,6.51,0.33,0.51,NaN,NaN,NaN,NaN,NaN,NaN,0.002300843436,NaN,NaN,NaN,0.0002381881026,NaN,NaN,NaN
1904-07-01,6.78,0.3267,0.5067,NaN,NaN,NaN,NaN,NaN,NaN,0.002241942936,NaN,NaN,NaN,0.0009055554754,NaN,NaN,NaN
1904-08-01,7.01,0.3233,0.5033,NaN,NaN,NaN,NaN,NaN,NaN,0.002499607016,NaN,NaN,NaN,0.0004882287897,NaN,NaN,NaN
1904-09-01,7.32,0.32,0.5,NaN,NaN,NaN,NaN,NaN,NaN,0.002816074882,NaN,NaN,NaN,0.0008812463283,NaN,NaN,NaN
1904-10-01,7.75,0.3167,0.4967,NaN,NaN,NaN,NaN,NaN,NaN,0.00288229967,NaN,NaN,NaN,0.001297636923,NaN,NaN,NaN
1904-11-01,8.17,0.3133,0.4933,NaN,NaN,NaN,NaN,NaN,NaN,0.002683612149,NaN,NaN,NaN,0.0007777411033,NaN,NaN,NaN
1904-12-01,8.25,0.31,0.49,NaN,NaN,NaN,NaN,NaN,NaN,0.002793998979,NaN,NaN,NaN,0.003348360606,NaN,NaN,NaN
1905-01-01,8.43,0.3117,0.505,NaN,NaN,NaN,NaN,NaN,NaN,0.002565852764,NaN,NaN,NaN,0.0008167657918,NaN,NaN,NaN
1905-02-01,8.8,0.3133,0.52,NaN,NaN,NaN,NaN,NaN,NaN,0.002462801926,NaN,NaN,NaN,0.0005484349145,NaN,NaN,NaN
1905-03-01,9.05,0.315,0.535,NaN,NaN,NaN,NaN,NaN,NaN,0.002536410751,NaN,NaN,NaN,0.001070323005,NaN,NaN,NaN
1905-04-01,8.94,0.3167,0.55,NaN,NaN,NaN,NaN,NaN,NaN,0.002565852764,NaN,NaN,NaN,0.002407122873,NaN,NaN,NaN
1905-05-01,8.5,0.3183,0.565,NaN,NaN,NaN,NaN,NaN,NaN,0.002573213132,NaN,NaN,NaN,0.003225677798,NaN,NaN,NaN
1905-06-01,8.6,0.32,0.58,NaN,NaN,NaN,NaN,NaN,NaN,0.002403910965,NaN,NaN,NaN,0.001395078525,NaN,NaN,NaN
1905-07-01,8.87,0.3217,0.595,NaN,NaN,NaN,NaN,NaN,NaN,0.002676252593,NaN,NaN,NaN,0.001098771774,NaN,NaN,NaN
1905-08-01,9.2,0.3233,0.61,NaN,NaN,NaN,NaN,NaN,NaN,0.002735127519,NaN,NaN,NaN,0.0008756410249,NaN,NaN,NaN
1905-09-01,9.23,0.325,0.625,NaN,NaN,NaN,NaN,NaN,NaN,0.003117730069,NaN,NaN,NaN,0.001394524348,NaN,NaN,NaN
1905-10-01,9.36,0.3267,0.64,NaN,NaN,NaN,NaN,NaN,NaN,0.003286911438,NaN,NaN,NaN,0.000692826005,NaN,NaN,NaN
1905-11-01,9.31,0.3283,0.655,NaN,NaN,NaN,NaN,NaN,NaN,0.003750174756,NaN,NaN,NaN,0.001202116089,NaN,NaN,NaN
1905-12-01,9.54,0.33,0.67,NaN,NaN,NaN,NaN,NaN,NaN,0.00391924917,NaN,NaN,NaN,0.0009097232607,NaN,NaN,NaN
1906-01-01,9.87,0.3358,0.6775,NaN,NaN,NaN,NaN,NaN,NaN,0.003360459629,NaN,NaN,NaN,0.001394919074,NaN,NaN,NaN
1906-02-01,9.8,0.3417,0.685,NaN,NaN,NaN,NaN,NaN,NaN,0.003345750424,NaN,NaN,NaN,0.001312486766,NaN,NaN,NaN
1906-03-01,9.56,0.3475,0.6925,NaN,NaN,NaN,NaN,NaN,NaN,0.003529599942,NaN,NaN,NaN,0.001125285472,NaN,NaN,NaN
1906-04-01,9.43,0.3533,0.7,NaN,NaN,NaN,NaN,NaN,NaN,0.003647245897,NaN,NaN,NaN,0.002401804609,NaN,NaN,NaN
1906-05-01,9.18,0.3592,0.7075,NaN,NaN,NaN,NaN,NaN,NaN,0.003559012728,NaN,NaN,NaN,0.002117543926,NaN,NaN,NaN
1906-06-01,9.3,0.365,0.715,NaN,NaN,NaN,NaN,NaN,NaN,0.003507539784,NaN,NaN,NaN,0.001646342098,NaN,NaN,NaN
1906-07-01,9.06,0.3708,0.7225,NaN,NaN,NaN,NaN,NaN,NaN,0.003661950668,NaN,NaN,NaN,0.00127908475,NaN,NaN,NaN
1906-08-01,9.73,0.3767,0.73,NaN,NaN,NaN,NaN,NaN,NaN,0.004029499694,NaN,NaN,NaN,0.001487391836,NaN,NaN,NaN
1906-09-01,10.03,0.3825,0.7375,NaN,NaN,NaN,NaN,NaN,NaN,0.004470380277,NaN,NaN,NaN,0.0008314321158,NaN,NaN,NaN
1906-10-01,9.73,0.3883,0.745,NaN,NaN,NaN,NaN,NaN,NaN,0.004279355889,NaN,NaN,NaN,0.001237114346,NaN,NaN,NaN
1906-11-01,9.93,0.3942,0.7525,NaN,NaN,NaN,NaN,NaN,NaN,0.004242616246,NaN,NaN,NaN,0.0006876635988,NaN,NaN,NaN
1906-12-01,9.84,0.4,0.76,NaN,NaN,NaN,NaN,NaN,NaN,0.004242616246,NaN,NaN,NaN,0.001570855303,NaN,NaN,NaN
1907-01-01,9.56,0.4033,0.7517,NaN,NaN,NaN,NaN,NaN,NaN,0.00416913291,NaN,NaN,NaN,0.001304554785,NaN,NaN,NaN
1907-02-01,9.26,0.4067,0.7433,NaN,NaN,NaN,NaN,NaN,NaN,0.004014800326,NaN,NaN,NaN,0.001445629676,NaN,NaN,NaN
1907-03-01,8.35,0.41,0.735,NaN,NaN,NaN,NaN,NaN,NaN,0.004191178478,NaN,NaN,NaN,0.01845209812,NaN,NaN,NaN
1907-04-01,8.39,0.4133,0.7267,NaN,NaN,NaN,NaN,NaN,NaN,0.004014800326,NaN,NaN,NaN,0.002273267324,NaN,NaN,NaN
1907-05-01,8.1,0.4167,0.7183,NaN,NaN,NaN,NaN,NaN,NaN,0.003669302973,NaN,NaN,NaN,0.001995665986,NaN,NaN,NaN
1907-06-01,7.84,0.42,0.71,NaN,NaN,NaN,NaN,NaN,NaN,0.003647245897,NaN,NaN,NaN,0.001401300806,NaN,NaN,NaN
1907-07-01,8.14,0.4233,0.7017,NaN,NaN,NaN,NaN,NaN,NaN,0.003875145557,NaN,NaN,NaN,0.001325239658,NaN,NaN,NaN
1907-08-01,7.53,0.4267,0.6933,NaN,NaN,NaN,NaN,NaN,NaN,0.004242616246,NaN,NaN,NaN,0.004199642444,NaN,NaN,NaN
1907-09-01,7.45,0.43,0.685,NaN,NaN,NaN,NaN,NaN,NaN,0.004654023167,NaN,NaN,NaN,0.001882411719,NaN,NaN,NaN
1907-10-01,6.64,0.4333,0.6767,NaN,NaN,NaN,NaN,NaN,NaN,0.004867006679,NaN,NaN,NaN,0.005553425609,NaN,NaN,NaN
1907-11-01,6.25,0.4367,0.6683,NaN,NaN,NaN,NaN,NaN,NaN,0.004977152767,NaN,NaN,NaN,0.005130874883,NaN,NaN,NaN
1907-12-01,6.57,0.44,0.66,NaN,NaN,NaN,NaN,NaN,NaN,0.005402936861,NaN,NaN,NaN,0.00301494627,NaN,NaN,NaN
1908-01-01,6.85,0.4367,0.6533,NaN,NaN,NaN,NaN,NaN,NaN,0.004404260579,NaN,NaN,NaN,0.002321990075,NaN,NaN,NaN
1908-02-01,6.6,0.4333,0.6467,NaN,NaN,NaN,NaN,NaN,NaN,0.00336781415,NaN,NaN,NaN,0.001872886338,NaN,NaN,NaN
1908-03-01,6.87,0.43,0.64,NaN,NaN,NaN,NaN,NaN,NaN,0.003823688883,NaN,NaN,NaN,0.002309147353,NaN,NaN,NaN
1908-04-01,7.24,0.4267,0.6333,NaN,NaN,NaN,NaN,NaN,NaN,0.002926447092,NaN,NaN,NaN,0.0009914097876,NaN,NaN,NaN
1908-05-01,7.63,0.4233,0.6267,NaN,NaN,NaN,NaN,NaN,NaN,0.002543771336,NaN,NaN,NaN,0.001986408046,NaN,NaN,NaN
1908-06-01,7.64,0.42,0.62,NaN,NaN,NaN,NaN,NaN,NaN,0.00232293023,NaN,NaN,NaN,0.001913332303,NaN,NaN,NaN
1908-07-01,7.92,0.4167,0.6133,NaN,NaN,NaN,NaN,NaN,NaN,0.002403910965,NaN,NaN,NaN,0.001631020966,NaN,NaN,NaN
1908-08-01,8.26,0.4133,0.6067,NaN,NaN,NaN,NaN,NaN,NaN,0.002293481064,NaN,NaN,NaN,0.001273756514,NaN,NaN,NaN
1908-09-01,8.17,0.41,0.6,NaN,NaN,NaN,NaN,NaN,NaN,0.002536410751,NaN,NaN,NaN,0.002149141852,NaN,NaN,NaN
1908-10-01,8.27,0.4067,0.5933,NaN,NaN,NaN,NaN,NaN,NaN,0.002632094124,NaN,NaN,NaN,0.0009554508753,NaN,NaN,NaN
1908-11-01,8.83,0.4033,0.5867,NaN,NaN,NaN,NaN,NaN,NaN,0.002610014159,NaN,NaN,NaN,0.001453575531,NaN,NaN,NaN
1908-12-01,9.03,0.4,0.58,NaN,NaN,NaN,NaN,NaN,NaN,0.002477524125,NaN,NaN,NaN,0.001193989734,NaN,NaN,NaN
1909-01-01,9.06,0.4033,0.595,NaN,NaN,NaN,NaN,NaN,NaN,0.00238182596,NaN,NaN,NaN,0.0008793069353,NaN,NaN,NaN
1909-02-01,8.8,0.4067,0.61,NaN,NaN,NaN,NaN,NaN,NaN,0.002241942936,NaN,NaN,NaN,0.001795409461,NaN,NaN,NaN
1909-03-01,8.92,0.41,0.625,NaN,NaN,NaN,NaN,NaN,NaN,0.002219854354,NaN,NaN,NaN,0.0007273434163,NaN,NaN,NaN
1909-04-01,9.32,0.4133,0.64,NaN,NaN,NaN,NaN,NaN,NaN,0.002219854354,NaN,NaN,NaN,0.0006562533354,NaN,NaN,NaN
1909-05-01,9.63,0.4167,0.655,NaN,NaN,NaN,NaN,NaN,NaN,0.002175675726,NaN,NaN,NaN,0.0003213450535,NaN,NaN,NaN
1909-06-01,9.8,0.42,0.67,NaN,NaN,NaN,NaN,NaN,NaN,0.00203576386,NaN,NaN,NaN,0.0008699496427,NaN,NaN,NaN
1909-07-01,9.94,0.4233,0.685,NaN,NaN,NaN,NaN,NaN,NaN,0.002131495146,NaN,NaN,NaN,0.0002788520461,NaN,NaN,NaN
1909-08-01,10.18,0.4267,0.7,NaN,NaN,NaN,NaN,NaN,NaN,0.002617374201,NaN,NaN,NaN,0.001398872576,NaN,NaN,NaN
1909-09-01,10.19,0.43,0.715,NaN,NaN,NaN,NaN,NaN,NaN,0.002720409113,NaN,NaN,NaN,0.001249816324,NaN,NaN,NaN
1909-10-01,10.23,0.4333,0.73,NaN,NaN,NaN,NaN,NaN,NaN,0.003345750424,NaN,NaN,NaN,0.0009552185255,NaN,NaN,NaN
1909-11-01,10.18,0.4367,0.745,NaN,NaN,NaN,NaN,NaN,NaN,0.003360459629,NaN,NaN,NaN,0.0005255664561,NaN,NaN,NaN
1909-12-01,10.3,0.44,0.76,NaN,NaN,NaN,NaN,NaN,NaN,0.003404585947,NaN,NaN,NaN,0.0003769218911,NaN,NaN,NaN
1910-01-01,10.08,0.4425,0.7575,NaN,NaN,NaN,NaN,NaN,NaN,0.003139798827,NaN,NaN,NaN,0.002256549967,NaN,NaN,NaN
1910-02-01,9.72,0.445,0.755,NaN,NaN,NaN,NaN,NaN,NaN,0.002911731501,NaN,NaN,NaN,0.001818978439,NaN,NaN,NaN
1910-03-01,9.96,0.4475,0.7525,NaN,NaN,NaN,NaN,NaN,NaN,0.002955877624,NaN,NaN,NaN,0.0008332212282,NaN,NaN,NaN
1910-04-01,9.72,0.45,0.75,NaN,NaN,NaN,NaN,NaN,NaN,0.003139798827,NaN,NaN,NaN,0.001693823901,NaN,NaN,NaN
1910-05-01,9.56,0.4525,0.7475,NaN,NaN,NaN,NaN,NaN,NaN,0.003139798827,NaN,NaN,NaN,0.001364770013,NaN,NaN,NaN
1910-06-01,9.1,0.455,0.745,NaN,NaN,NaN,NaN,NaN,NaN,0.003264845926,NaN,NaN,NaN,0.002794930846,NaN,NaN,NaN
1910-07-01,8.64,0.4575,0.7425,NaN,NaN,NaN,NaN,NaN,NaN,0.003603130286,NaN,NaN,NaN,0.003286634363,NaN,NaN,NaN
1910-08-01,8.85,0.46,0.74,NaN,NaN,NaN,NaN,NaN,NaN,0.00363989343,NaN,NaN,NaN,0.001586708284,NaN,NaN,NaN
1910-09-01,8.91,0.4625,0.7375,NaN,NaN,NaN,NaN,NaN,NaN,0.003713415665,NaN,NaN,NaN,0.0006869296776,NaN,NaN,NaN
1910-10-01,9.32,0.465,0.735,NaN,NaN,NaN,NaN,NaN,NaN,0.003735471282,NaN,NaN,NaN,0.0007413731704,NaN,NaN,NaN
1910-11-01,9.31,0.4675,0.7325,NaN,NaN,NaN,NaN,NaN,NaN,0.003691359562,NaN,NaN,NaN,0.001160790516,NaN,NaN,NaN
1910-12-01,9.05,0.47,0.73,NaN,NaN,NaN,NaN,NaN,NaN,0.003073591091,NaN,NaN,NaN,0.0006830646461,NaN,NaN,NaN
1911-01-01,9.27,0.47,0.7183,NaN,NaN,NaN,NaN,NaN,NaN,0.002580573446,NaN,NaN,NaN,0.0005667354697,NaN,NaN,NaN
1911-02-01,9.43,0.47,0.7067,NaN,NaN,NaN,NaN,NaN,NaN,0.002632094124,NaN,NaN,NaN,0.0006225479504,NaN,NaN,NaN
1911-03-01,9.32,0.47,0.695,NaN,NaN,NaN,NaN,NaN,NaN,0.002514328673,NaN,NaN,NaN,0.0006389758539,NaN,NaN,NaN
1911-04-01,9.28,0.47,0.6833,NaN,NaN,NaN,NaN,NaN,NaN,0.002330292386,NaN,NaN,NaN,0.0002818355837,NaN,NaN,NaN
1911-05-01,9.48,0.47,0.6717,NaN,NaN,NaN,NaN,NaN,NaN,0.002308205755,NaN,NaN,NaN,0.0006322053371,NaN,NaN,NaN
1911-06-01,9.67,0.47,0.66,NaN,NaN,NaN,NaN,NaN,NaN,0.002352378528,NaN,NaN,NaN,0.0002924562385,NaN,NaN,NaN
1911-07-01,9.63,0.47,0.6483,NaN,NaN,NaN,NaN,NaN,NaN,0.002425995482,NaN,NaN,NaN,0.0003194916118,NaN,NaN,NaN
1911-08-01,9.17,0.47,0.6367,NaN,NaN,NaN,NaN,NaN,NaN,0.002727768343,NaN,NaN,NaN,0.001378288246,NaN,NaN,NaN
1911-09-01,8.67,0.47,0.625,NaN,NaN,NaN,NaN,NaN,NaN,0.002977949955,NaN,NaN,NaN,0.001046904175,NaN,NaN,NaN
1911-10-01,8.72,0.47,0.6133,NaN,NaN,NaN,NaN,NaN,NaN,0.002852866973,NaN,NaN,NaN,0.0005262618398,NaN,NaN,NaN
1911-11-01,9.07,0.47,0.6017,NaN,NaN,NaN,NaN,NaN,NaN,0.002543771336,NaN,NaN,NaN,0.001057867923,NaN,NaN,NaN
1911-12-01,9.11,0.47,0.59,NaN,NaN,NaN,NaN,NaN,NaN,0.003044164023,NaN,NaN,NaN,0.0004200035384,NaN,NaN,NaN
1912-01-01,9.12,0.4708,0.5992,NaN,NaN,NaN,NaN,NaN,NaN,0.002514328673,NaN,NaN,NaN,0.0004823788015,NaN,NaN,NaN
1912-02-01,9.04,0.4717,0.6083,NaN,NaN,NaN,NaN,NaN,NaN,0.002403910965,NaN,NaN,NaN,0.0001610861866,NaN,NaN,NaN
1912-03-01,9.3,0.4725,0.6175,NaN,NaN,NaN,NaN,NaN,NaN,0.002727768343,NaN,NaN,NaN,0.0004137841073,NaN,NaN,NaN
1912-04-01,9.59,0.4733,0.6267,NaN,NaN,NaN,NaN,NaN,NaN,0.00269097165,NaN,NaN,NaN,0.0005266908242,NaN,NaN,NaN
1912-05-01,9.58,0.4742,0.6358,NaN,NaN,NaN,NaN,NaN,NaN,0.002727768343,NaN,NaN,NaN,0.000754020819,NaN,NaN,NaN
1912-06-01,9.58,0.475,0.645,NaN,NaN,NaN,NaN,NaN,NaN,0.002587933705,NaN,NaN,NaN,0.0004415924483,NaN,NaN,NaN
1912-07-01,9.59,0.4758,0.6542,NaN,NaN,NaN,NaN,NaN,NaN,0.002970592565,NaN,NaN,NaN,0.0005500493178,NaN,NaN,NaN
1912-08-01,9.81,0.4767,0.6633,NaN,NaN,NaN,NaN,NaN,NaN,0.00332368621,NaN,NaN,NaN,0.0003322357067,NaN,NaN,NaN
1912-09-01,9.86,0.4775,0.6725,NaN,NaN,NaN,NaN,NaN,NaN,0.003735471282,NaN,NaN,NaN,0.0004297345849,NaN,NaN,NaN
1912-10-01,9.84,0.4783,0.6817,NaN,NaN,NaN,NaN,NaN,NaN,0.004007450561,NaN,NaN,NaN,0.0007144112741,NaN,NaN,NaN
1912-11-01,9.73,0.4792,0.6908,NaN,NaN,NaN,NaN,NaN,NaN,0.003853093021,NaN,NaN,NaN,0.0007458306957,NaN,NaN,NaN
1912-12-01,9.38,0.48,0.7,NaN,NaN,NaN,NaN,NaN,NaN,0.004058897781,NaN,NaN,NaN,0.0009024807297,NaN,NaN,NaN
1913-01-01,9.3,0.48,0.6942,NaN,NaN,NaN,NaN,NaN,NaN,0.003183934883,NaN,NaN,NaN,0.001200753908,NaN,NaN,NaN
1913-02-01,8.97,0.48,0.6883,NaN,NaN,NaN,NaN,NaN,NaN,0.003250135314,-0.0034072,NaN,NaN,0.0007533256175,NaN,NaN,NaN
1913-03-01,8.8,0.48,0.6825,NaN,NaN,NaN,NaN,NaN,NaN,0.003882496294,0,NaN,NaN,0.0007565929603,NaN,NaN,NaN
1913-04-01,8.79,0.48,0.6767,NaN,NaN,NaN,NaN,NaN,NaN,0.003706063685,0.0034072,NaN,NaN,0.000724074592,NaN,NaN,NaN
1913-05-01,8.55,0.48,0.6708,NaN,NaN,NaN,NaN,NaN,NaN,0.00358107175,-0.006826,NaN,NaN,0.000581901184,NaN,NaN,NaN
1913-06-01,8.12,0.48,0.665,NaN,NaN,NaN,NaN,NaN,NaN,0.003970700927,0.0034188,NaN,NaN,0.002620489064,NaN,NaN,NaN
1913-07-01,8.23,0.48,0.6592,NaN,NaN,NaN,NaN,NaN,NaN,0.004088295003,0.0101868,NaN,NaN,0.0005558776297,NaN,NaN,NaN
1913-08-01,8.45,0.48,0.6533,NaN,NaN,NaN,NaN,NaN,NaN,0.004058897781,0.006734,NaN,NaN,0.0005558541033,NaN,NaN,NaN
1913-09-01,8.53,0.48,0.6475,NaN,NaN,NaN,NaN,NaN,NaN,0.00391924917,0.0033501,NaN,NaN,0.0006767302565,NaN,NaN,NaN
1913-10-01,8.26,0.48,0.6417,NaN,NaN,NaN,NaN,NaN,NaN,0.00380898649,0.0066667,NaN,NaN,0.001086613553,NaN,NaN,NaN
1913-11-01,8.05,0.48,0.6358,NaN,NaN,NaN,NaN,NaN,NaN,0.003735471282,0.0033168,NaN,NaN,0.0004506428456,NaN,NaN,NaN
1913-12-01,8.04,0.48,0.63,NaN,NaN,NaN,NaN,NaN,NaN,0.003831039999,-0.0033168,NaN,NaN,0.0007124876931,NaN,NaN,NaN
1914-01-01,8.37,0.475,0.6208,NaN,NaN,NaN,NaN,NaN,NaN,0.002977949955,0,NaN,NaN,0.0007306085986,NaN,NaN,NaN
1914-02-01,8.48,0.47,0.6117,NaN,NaN,NaN,NaN,NaN,NaN,0.002477524125,-0.0100168,NaN,NaN,0.0004046325062,NaN,NaN,NaN
1914-03-01,8.32,0.465,0.6025,NaN,NaN,NaN,NaN,NaN,NaN,0.002470163053,-0.0033613,NaN,NaN,0.0006693024678,NaN,NaN,NaN
1914-04-01,8.12,0.46,0.5933,NaN,NaN,NaN,NaN,NaN,NaN,0.002396549351,-0.0101524,NaN,NaN,0.0008483564229,NaN,NaN,NaN
1914-05-01,8.17,0.455,0.5842,NaN,NaN,NaN,NaN,NaN,NaN,0.002499607016,0.0067797,NaN,NaN,0.0005425669256,NaN,NaN,NaN
1914-06-01,8.13,0.45,0.575,NaN,NaN,NaN,NaN,NaN,NaN,0.002484885143,0.006734,NaN,NaN,0.0006419687818,NaN,NaN,NaN
1914-07-01,7.68,0.445,0.5658,NaN,NaN,NaN,NaN,NaN,NaN,0.002911731501,0.0100168,NaN,NaN,0.00517711464,NaN,NaN,NaN
1914-08-01,7.68,0.44,0.5567,NaN,NaN,NaN,NaN,NaN,NaN,0.004308746631,0.0132015,NaN,NaN,0,NaN,NaN,NaN
1914-09-01,7.68,0.435,0.5475,NaN,NaN,NaN,NaN,NaN,NaN,0.00457322445,0.0032733,NaN,NaN,0,NaN,NaN,NaN
1914-10-01,7.68,0.43,0.5383,NaN,NaN,NaN,NaN,NaN,NaN,0.004382219709,-0.0065574,NaN,NaN,0,NaN,NaN,NaN
1914-11-01,7.68,0.425,0.5292,NaN,NaN,NaN,NaN,NaN,NaN,0.003691359562,0.0032841,NaN,NaN,0,NaN,NaN,NaN
1914-12-01,7.35,0.42,0.52,NaN,NaN,NaN,NaN,NaN,NaN,0.002845508663,-0.0032841,NaN,NaN,0.00258600821,NaN,NaN,NaN
1915-01-01,7.48,0.4208,0.55,NaN,NaN,NaN,NaN,NaN,NaN,0.002477524125,-0.0032949,NaN,NaN,0.001443532753,NaN,NaN,NaN
1915-02-01,7.38,0.4217,0.58,NaN,NaN,NaN,NaN,NaN,NaN,0.002403910965,-0.0066225,NaN,NaN,0.000799210517,NaN,NaN,NaN
1915-03-01,7.57,0.4225,0.61,NaN,NaN,NaN,NaN,NaN,NaN,0.002131495146,-0.0100168,NaN,NaN,0.0008211544462,NaN,NaN,NaN
1915-04-01,8.14,0.4233,0.64,NaN,NaN,NaN,NaN,NaN,NaN,0.002337654487,0.0100168,NaN,NaN,0.001695097519,NaN,NaN,NaN
1915-05-01,7.95,0.4242,0.67,NaN,NaN,NaN,NaN,NaN,NaN,0.00238182596,0.0033168,NaN,NaN,0.004928580885,NaN,NaN,NaN
1915-06-01,8.04,0.425,0.7,NaN,NaN,NaN,NaN,NaN,NaN,0.002330292386,0.0033058,NaN,NaN,0.001680179885,NaN,NaN,NaN
1915-07-01,8.01,0.4258,0.73,NaN,NaN,NaN,NaN,NaN,NaN,0.00203576386,0,NaN,NaN,0.001253660677,NaN,NaN,NaN
1915-08-01,8.35,0.4267,0.76,NaN,NaN,NaN,NaN,NaN,NaN,0.002241942936,0,NaN,NaN,0.001811519355,NaN,NaN,NaN
1915-09-01,8.66,0.4275,0.79,NaN,NaN,NaN,NaN,NaN,NaN,0.002057856509,0.0032949,NaN,NaN,0.000937517027,NaN,NaN,NaN
1915-10-01,9.14,0.4283,0.82,NaN,NaN,NaN,NaN,NaN,NaN,0.002013670723,0.00982,NaN,NaN,0.001552552106,NaN,NaN,NaN
1915-11-01,9.46,0.4292,0.85,NaN,NaN,NaN,NaN,NaN,NaN,0.00184427379,0.0064935,NaN,NaN,0.0009912099385,NaN,NaN,NaN
1915-12-01,9.48,0.43,0.88,NaN,NaN,NaN,NaN,NaN,NaN,0.001917928156,0.003231,NaN,NaN,0.001190727997,NaN,NaN,NaN
1916-01-01,9.33,0.4408,0.9342,NaN,NaN,NaN,NaN,NaN,NaN,0.001940023408,0.0096309,NaN,NaN,0.00138797405,NaN,NaN,NaN
1916-02-01,9.2,0.4517,0.9883,NaN,NaN,NaN,NaN,NaN,NaN,0.001940023408,0,NaN,NaN,0.001124160806,NaN,NaN,NaN
1916-03-01,9.17,0.4625,1.042,NaN,NaN,NaN,NaN,NaN,NaN,0.001940023408,0.009539,NaN,NaN,0.0007942676584,NaN,NaN,NaN
1916-04-01,9.07,0.4733,1.097,NaN,NaN,NaN,NaN,NaN,NaN,0.001940023408,0.0094489,NaN,NaN,0.001867593631,NaN,NaN,NaN
1916-05-01,9.27,0.4842,1.151,NaN,NaN,NaN,NaN,NaN,NaN,0.001940023408,0.0031299,NaN,NaN,0.001019060205,NaN,NaN,NaN
1916-06-01,9.36,0.495,1.205,NaN,NaN,NaN,NaN,NaN,NaN,0.002308205755,0.0124225,NaN,NaN,0.001110701999,NaN,NaN,NaN
1916-07-01,9.23,0.5058,1.259,NaN,NaN,NaN,NaN,NaN,NaN,0.002565852764,0,NaN,NaN,0.0005326311526,NaN,NaN,NaN
1916-08-01,9.3,0.5167,1.313,NaN,NaN,NaN,NaN,NaN,NaN,0.00238182596,0.0122701,NaN,NaN,0.001006443851,NaN,NaN,NaN
1916-09-01,9.68,0.5275,1.368,NaN,NaN,NaN,NaN,NaN,NaN,0.002131495146,0.0181274,NaN,NaN,0.0007633004998,NaN,NaN,NaN
1916-10-01,9.98,0.5383,1.422,NaN,NaN,NaN,NaN,NaN,NaN,0.002131495146,0.0119049,NaN,NaN,0.001630921558,NaN,NaN,NaN
1916-11-01,10.21,0.5492,1.476,NaN,NaN,NaN,NaN,NaN,NaN,0.002212491385,0.0175958,NaN,NaN,0.0008132161339,NaN,NaN,NaN
1916-12-01,9.8,0.56,1.53,NaN,NaN,NaN,NaN,NaN,NaN,0.00252168942,0.0057971,NaN,NaN,0.005782202751,NaN,NaN,NaN
1917-01-01,9.57,0.5708,1.509,NaN,NaN,NaN,NaN,NaN,NaN,0.002256668386,0.0114944,NaN,NaN,0.001501232871,NaN,NaN,NaN
1917-02-01,9.03,0.5817,1.488,NaN,NaN,NaN,NaN,NaN,NaN,0.002654173603,0.0225998,NaN,NaN,0.004515917337,NaN,NaN,NaN
1917-03-01,9.31,0.5925,1.468,NaN,NaN,NaN,NaN,NaN,NaN,0.002676252593,0.005571,NaN,NaN,0.00145942743,NaN,NaN,NaN
1917-04-01,9.17,0.6033,1.447,NaN,NaN,NaN,NaN,NaN,NaN,0.002793998979,0.0434851,NaN,NaN,0.001520615044,NaN,NaN,NaN
1917-05-01,8.86,0.6142,1.426,NaN,NaN,NaN,NaN,NaN,NaN,0.003198646469,0.0210534,NaN,NaN,0.001922812501,NaN,NaN,NaN
1917-06-01,9.04,0.625,1.405,NaN,NaN,NaN,NaN,NaN,NaN,0.00332368621,0.0103628,NaN,NaN,0.0008427469397,NaN,NaN,NaN
1917-07-01,8.79,0.6358,1.384,NaN,NaN,NaN,NaN,NaN,NaN,0.0030883043,-0.0103628,NaN,NaN,0.0009443729502,NaN,NaN,NaN
1917-08-01,8.53,0.6467,1.363,NaN,NaN,NaN,NaN,NaN,NaN,0.003169223081,0.0155042,NaN,NaN,0.001365569711,NaN,NaN,NaN
1917-09-01,8.12,0.6575,1.343,NaN,NaN,NaN,NaN,NaN,NaN,0.00345606419,0.0177895,NaN,NaN,0.002934419546,NaN,NaN,NaN
1917-10-01,7.68,0.6683,1.322,NaN,NaN,NaN,NaN,NaN,NaN,0.003603130286,0.0174786,NaN,NaN,0.004131060244,NaN,NaN,NaN
1917-11-01,7.04,0.6792,1.301,NaN,NaN,NaN,NaN,NaN,NaN,0.003647245897,0.0024722,NaN,NaN,0.005545705541,NaN,NaN,NaN
1917-12-01,6.8,0.69,1.28,NaN,NaN,NaN,NaN,NaN,NaN,0.003691359562,0.0122701,NaN,NaN,0.008877687476,NaN,NaN,NaN
1918-01-01,7.21,0.68,1.256,NaN,NaN,NaN,NaN,NaN,NaN,0.003742823046,0.0193243,NaN,NaN,0.002285452541,NaN,NaN,NaN
1918-02-01,7.43,0.67,1.232,NaN,NaN,NaN,NaN,NaN,NaN,0.003823688883,0.0095239,NaN,NaN,0.001056972254,NaN,NaN,NaN
1918-03-01,7.28,0.66,1.208,NaN,NaN,NaN,NaN,NaN,NaN,0.003970700927,-0.0047506,NaN,NaN,0.001353940836,NaN,NaN,NaN
1918-04-01,7.21,0.65,1.183,NaN,NaN,NaN,NaN,NaN,NaN,0.00399275087,0.0118345,NaN,NaN,0.001130904016,NaN,NaN,NaN
1918-05-01,7.44,0.64,1.159,NaN,NaN,NaN,NaN,NaN,NaN,0.003970700927,0.0186486,NaN,NaN,0.001464057615,NaN,NaN,NaN
1918-06-01,7.45,0.63,1.135,NaN,NaN,NaN,NaN,NaN,NaN,0.003970700927,0.0183071,NaN,NaN,0.000552491079,NaN,NaN,NaN
1918-07-01,7.51,0.62,1.111,NaN,NaN,NaN,NaN,NaN,NaN,0.003970700927,0.0246373,NaN,NaN,0.0007401048668,NaN,NaN,NaN
1918-08-01,7.58,0.61,1.087,NaN,NaN,NaN,NaN,NaN,NaN,0.004014800326,0.0175443,NaN,NaN,0.0004099322519,NaN,NaN,NaN
1918-09-01,7.54,0.6,1.063,NaN,NaN,NaN,NaN,NaN,NaN,0.004058897781,0.0236316,NaN,NaN,0.0009023852651,NaN,NaN,NaN
1918-10-01,7.86,0.59,1.038,NaN,NaN,NaN,NaN,NaN,NaN,0.004058897781,0.0168425,NaN,NaN,0.001990784761,NaN,NaN,NaN
1918-11-01,8.06,0.58,1.014,NaN,NaN,NaN,NaN,NaN,NaN,0.004036849296,0.0165635,NaN,NaN,0.002384931881,NaN,NaN,NaN
1918-12-01,7.9,0.57,0.99,NaN,NaN,NaN,NaN,NaN,NaN,0.00391924917,0.0142714,NaN,NaN,0.001089300597,NaN,NaN,NaN
1919-01-01,7.85,0.5667,0.985,NaN,NaN,0.0535,0.0712,0.0463,NaN,0.003507539784,0.0020222,NaN,NaN,0.0007658185494,NaN,NaN,NaN
1919-02-01,7.88,0.5633,0.98,NaN,NaN,0.0535,0.072,0.047,NaN,0.00345606419,-0.0224729,NaN,NaN,0.0006462952217,NaN,NaN,NaN
1919-03-01,8.12,0.56,0.975,NaN,NaN,0.0539,0.0715,0.0473,NaN,0.003603130286,0.0123205,NaN,NaN,0.001158994344,NaN,NaN,NaN
1919-04-01,8.39,0.5567,0.97,NaN,NaN,0.0544,0.0723,0.0472,NaN,0.003603130286,0.0182007,NaN,NaN,0.0005361946776,NaN,NaN,NaN
1919-05-01,8.97,0.5533,0.965,NaN,NaN,0.0539,0.0709,0.0467,NaN,0.003603130286,0.0139306,NaN,NaN,0.001189427322,NaN,NaN,NaN
1919-06-01,9.21,0.55,0.96,NaN,NaN,0.054,0.0704,0.0469,NaN,0.003713415665,0.0019743,NaN,NaN,0.003037426713,NaN,NaN,NaN
1919-07-01,9.51,0.5467,0.955,NaN,NaN,0.0544,0.0706,0.0472,NaN,0.00363989343,0.027239,NaN,NaN,0.001447014422,NaN,NaN,NaN
1919-08-01,8.87,0.5433,0.95,NaN,NaN,0.0556,0.0713,0.0478,NaN,0.003603130286,0.017127,NaN,NaN,0.006089295577,NaN,NaN,NaN
1919-09-01,9.01,0.54,0.945,NaN,NaN,0.056,0.0727,0.0473,NaN,0.003603130286,0.0056444,NaN,NaN,0.001233590118,NaN,NaN,NaN
1919-10-01,9.47,0.5367,0.94,NaN,NaN,0.0554,0.0734,0.0471,NaN,0.003603130286,0.0167446,NaN,NaN,0.002016862763,NaN,NaN,NaN
1919-11-01,9.19,0.5333,0.935,NaN,NaN,0.0566,0.0754,0.0481,NaN,0.003691359562,0.0237021,NaN,NaN,0.003919997443,NaN,NaN,NaN
1919-12-01,8.92,0.53,0.93,NaN,NaN,0.0573,0.0777,0.049,NaN,0.003970700927,0.0213912,NaN,NaN,0.002499875152,NaN,NaN,NaN
1920-01-01,8.83,0.5283,0.9192,NaN,NaN,0.0575,0.0778,0.0493,NaN,0.003742986279,0.0192146,NaN,NaN,0.001355709543,NaN,NaN,NaN
1920-02-01,8.1,0.5267,0.9083,NaN,0.045,0.0586,0.0794,0.0505,NaN,0.003742986279,0.012038,NaN,NaN,0.006117189963,NaN,NaN,NaN
1920-03-01,8.67,0.525,0.8975,NaN,0.0475,0.0592,0.0797,0.0509,NaN,0.003950519744,0.0102042,NaN,NaN,0.003186711879,NaN,NaN,NaN
1920-04-01,8.6,0.5233,0.8867,NaN,0.0525,0.0604,0.0817,0.0528,NaN,0.00436545751,0.0283589,NaN,NaN,0.003639692684,NaN,NaN,NaN
1920-05-01,8.06,0.5217,0.8758,NaN,0.055,0.0625,0.0839,0.0558,NaN,0.004572861845,0.0163136,NaN,NaN,0.002850820812,NaN,NaN,NaN
1920-06-01,7.92,0.52,0.865,NaN,0.0575,0.0638,0.0839,0.0554,NaN,0.004780223173,0.0144581,NaN,NaN,0.0009212744306,NaN,NaN,NaN
1920-07-01,7.91,0.5183,0.8542,NaN,0.0581,0.0634,0.0852,0.0557,NaN,0.004829983494,-0.0064,NaN,NaN,0.00141921215,NaN,NaN,NaN
1920-08-01,7.6,0.5167,0.8433,NaN,0.0583,0.063,0.0839,0.0567,NaN,0.004846569718,-0.0260177,NaN,NaN,0.001554946271,NaN,NaN,NaN
1920-09-01,7.87,0.515,0.8325,NaN,0.0581,0.0622,0.0814,0.0543,NaN,0.004829983494,-0.0115991,NaN,NaN,0.001305639083,NaN,NaN,NaN
1920-10-01,7.88,0.5133,0.8217,NaN,0.0575,0.0605,0.0799,0.0508,NaN,0.004780223173,-0.0050125,NaN,NaN,0.0009409922834,NaN,NaN,NaN
1920-11-01,7.48,0.5117,0.8108,NaN,0.0575,0.0608,0.0821,0.0521,NaN,0.004780223173,-0.0067227,NaN,NaN,0.0047878721,NaN,NaN,NaN
1920-12-01,6.81,0.51,0.8,NaN,0.0588,0.0626,0.0856,0.054,NaN,0.004888034073,-0.0221663,NaN,NaN,0.005327738423,NaN,NaN,NaN
1921-01-01,7.11,0.5058,0.7575,NaN,0.0567,0.0614,0.085,0.0523,NaN,0.004713872226,-0.0173917,NaN,NaN,0.001043852982,NaN,NaN,NaN
1921-02-01,7.06,0.5017,0.715,NaN,0.053,0.0608,0.0842,0.0528,NaN,0.004406941818,-0.0320883,NaN,NaN,0.0007309335842,NaN,NaN,NaN
1921-03-01,6.88,0.4975,0.6725,0.636219641,0.0538,0.0608,0.0855,0.0527,NaN,0.004473313133,-0.0072728,NaN,NaN,0.00230770598,NaN,NaN,NaN
1921-04-01,6.91,0.4933,0.63,0.6134656994,0.052,0.0606,0.0853,0.0524,NaN,0.00432397148,-0.012856,NaN,NaN,0.00165624456,NaN,NaN,NaN
1921-05-01,7.12,0.4892,0.5875,0.6563180828,0.0516,0.0611,0.0852,0.0525,NaN,0.004290781417,-0.0186573,NaN,NaN,0.001319420906,NaN,NaN,NaN
1921-06-01,6.55,0.485,0.545,0.7041636231,0.0499,0.0618,0.0856,0.0527,NaN,0.004149711359,-0.0056657,NaN,NaN,0.003863826369,NaN,NaN,NaN
1921-07-01,6.53,0.4808,0.5025,0.7049875676,0.046,0.0612,0.0848,0.0526,NaN,0.003826004834,0.0018921,NaN,NaN,0.001760492112,NaN,NaN,NaN
1921-08-01,6.45,0.4767,0.46,0.7182238117,0.0475,0.0599,0.0851,0.0522,NaN,0.003950519744,0.0037736,NaN,NaN,0.002031115216,NaN,NaN,NaN
1921-09-01,6.61,0.4725,0.4175,0.6781091728,0.0475,0.0593,0.0834,0.0512,NaN,0.003950519744,-0.0113638,NaN,NaN,0.001778220367,NaN,NaN,NaN
1921-10-01,6.7,0.4683,0.375,0.6583800027,0.0421,0.0584,0.0834,0.0483,NaN,0.003502193488,-0.0019066,NaN,NaN,0.001028969077,NaN,NaN,NaN
1921-11-01,7.06,0.4642,0.3325,0.6235446313,0.0403,0.056,0.0788,0.0464,NaN,0.003352706726,-0.0057416,NaN,NaN,0.0009877030428,NaN,NaN,NaN
1921-12-01,7.31,0.46,0.29,0.5965346535,0.039,0.055,0.0761,0.0447,NaN,0.003244730165,-0.0057748,NaN,NaN,0.0005106361604,NaN,NaN,NaN
1922-01-01,7.3,0.4642,0.3233,0.5928659287,0.039,0.0534,0.077,0.0445,NaN,0.003244730165,-0.0214642,NaN,NaN,0.001056518136,NaN,NaN,NaN
1922-02-01,7.46,0.4683,0.3567,0.5640065528,0.0381,0.0529,0.0755,0.045,NaN,0.003169970331,-0.0019743,NaN,NaN,0.0006195671504,NaN,NaN,NaN
1922-03-01,7.74,0.4725,0.39,0.5210555867,0.0355,0.0523,0.0745,0.0441,NaN,0.002953966076,-0.0119286,NaN,NaN,0.0006925002204,NaN,NaN,NaN
1922-04-01,8.21,0.4767,0.4233,0.5047318612,0.0321,0.0515,0.0714,0.0428,NaN,0.002671428555,0,NaN,NaN,0.001094097026,NaN,NaN,NaN
1922-05-01,8.53,0.4808,0.4567,0.4852033881,0.0325,0.0513,0.0689,0.0426,NaN,0.002704672407,0,NaN,NaN,0.0008032827833,NaN,NaN,NaN
1922-06-01,8.45,0.485,0.49,0.4993005488,0.0325,0.0508,0.0697,0.0424,NaN,0.002704672407,0.001998,NaN,NaN,0.001743565438,NaN,NaN,NaN
1922-07-01,8.51,0.4892,0.5233,0.4781040701,0.032,0.05,0.0689,0.0414,NaN,0.002663117419,0.001994,NaN,NaN,0.001476080852,NaN,NaN,NaN
1922-08-01,8.83,0.4933,0.5567,0.4604088113,0.0313,0.0496,0.0685,0.0412,NaN,0.002604937536,-0.0100101,NaN,NaN,0.0009882855864,NaN,NaN,NaN
1922-09-01,9.06,0.4975,0.59,0.4777594728,0.0334,0.0493,0.0675,0.0419,NaN,0.002779467034,0.0020101,NaN,NaN,0.001352260874,NaN,NaN,NaN
1922-10-01,9.26,0.5017,0.6233,0.4827801477,0.0371,0.0497,0.0678,0.043,NaN,0.003086897293,0.006006,NaN,NaN,0.001696363181,NaN,NaN,NaN
1922-11-01,8.8,0.5058,0.6567,0.4902271527,0.0366,0.0509,0.0698,0.0433,NaN,0.003045358186,0.0039841,NaN,NaN,0.002435211224,NaN,NaN,NaN
1922-12-01,8.78,0.51,0.69,0.4726494856,0.0365,0.0508,0.0702,0.0432,NaN,0.003037050157,0.0039683,NaN,NaN,0.0007553687187,NaN,NaN,NaN
1923-01-01,8.9,0.5117,0.7142,0.4762393513,0.0366,0.0504,0.0698,0.0432,NaN,0.003045358186,-0.0039683,NaN,NaN,0.000580405635,NaN,NaN,NaN
1923-02-01,9.28,0.5133,0.7383,0.4465832531,0.0365,0.0507,0.0697,0.0433,NaN,0.003037050157,-0.0019901,NaN,NaN,0.0004755235867,NaN,NaN,NaN
1923-03-01,9.43,0.515,0.7625,0.5020920502,0.0412,0.0513,0.0709,0.0438,NaN,0.0034274529,0.0039761,NaN,NaN,0.000561000183,NaN,NaN,NaN
1923-04-01,9.1,0.5167,0.7867,0.524496849,0.0413,0.0522,0.0717,0.0439,NaN,0.003435757686,0.0039604,NaN,NaN,0.0009778051185,NaN,NaN,NaN
1923-05-01,8.67,0.5183,0.8108,0.5290679791,0.0395,0.0516,0.0717,0.0437,NaN,0.003286260991,0.0019743,NaN,NaN,0.002756796054,NaN,NaN,NaN
1923-06-01,8.34,0.52,0.835,0.5837104072,0.0384,0.0515,0.0721,0.0434,NaN,0.003194890897,0.0058997,NaN,NaN,0.002968946522,NaN,NaN,NaN
1923-07-01,8.06,0.5217,0.8592,0.5937176389,0.0391,0.0514,0.0734,0.0434,NaN,0.003253036468,0.0097562,NaN,NaN,0.00237237362,NaN,NaN,NaN
1923-08-01,8.1,0.5233,0.8833,0.5521078536,0.0386,0.0508,0.0738,0.0435,NaN,0.003211504262,-0.0038911,NaN,NaN,0.0009708819439,NaN,NaN,NaN
1923-09-01,8.15,0.525,0.9075,0.5865636012,0.0401,0.0512,0.0738,0.0436,NaN,0.003336095706,0.0058309,NaN,NaN,0.001220640072,NaN,NaN,NaN
1923-10-01,8.03,0.5267,0.9317,0.5828532701,0.0422,0.0511,0.0746,0.044,NaN,0.003510497653,0.0019361,NaN,NaN,0.001633434467,NaN,NaN,NaN
1923-11-01,8.27,0.5283,0.9558,0.5588044185,0.0394,0.0509,0.074,0.0437,NaN,0.003277954964,0.0019324,NaN,NaN,0.0005984340746,NaN,NaN,NaN
1923-12-01,8.55,0.53,0.98,0.540201005,0.0388,0.0509,0.0738,0.0435,NaN,0.003228117351,0,NaN,NaN,0.0005806652372,NaN,NaN,NaN
1924-01-01,8.83,0.5317,0.9758,0.5126167296,0.0376,0.0509,0.0724,0.043,NaN,0.003128434675,-0.0019324,NaN,NaN,0.0007475123728,NaN,NaN,NaN
1924-02-01,8.87,0.5333,0.9717,0.5307549887,0.0354,0.0509,0.0714,0.0428,NaN,0.002945657289,-0.003876,NaN,NaN,0.001519486013,NaN,NaN,NaN
1924-03-01,8.7,0.535,0.9675,0.5945597248,0.0357,0.051,0.0708,0.0428,NaN,0.002970583445,-0.0058423,NaN,NaN,0.0007759293542,NaN,NaN,NaN
1924-04-01,8.5,0.5367,0.9633,0.6101732318,0.0338,0.0508,0.0703,0.0423,NaN,0.002812707294,-0.0039139,NaN,NaN,0.001094774484,NaN,NaN,NaN
1924-05-01,8.47,0.5383,0.9592,0.6151279199,0.0229,0.0504,0.0697,0.0415,NaN,0.001906514779,0,NaN,NaN,0.0007352695729,NaN,NaN,NaN
1924-06-01,8.63,0.54,0.955,0.5738300301,0.0244,0.0499,0.0682,0.0398,NaN,0.002031268909,0,NaN,NaN,0.0007646755861,NaN,NaN,NaN
1924-07-01,9.03,0.5417,0.9508,0.5414137458,0.0192,0.0495,0.0667,0.0394,NaN,0.001598721364,0.0019589,NaN,NaN,0.0003772821967,NaN,NaN,NaN
1924-08-01,9.34,0.5433,0.9467,0.5310159401,0.019,0.0495,0.0669,0.0391,NaN,0.001582081183,-0.0019589,NaN,NaN,0.0006937237673,NaN,NaN,NaN
1924-09-01,9.25,0.545,0.9425,0.5360604886,0.0214,0.0495,0.0673,0.0392,NaN,0.001781745082,0.0039139,NaN,NaN,0.0008699719196,NaN,NaN,NaN
1924-10-01,9.13,0.5467,0.9383,0.5314241784,0.0241,0.0492,0.0662,0.0387,NaN,0.002006319328,0.0038986,NaN,NaN,0.001126158366,NaN,NaN,NaN
1924-11-01,9.64,0.5483,0.9342,0.497749775,0.0258,0.0494,0.0654,0.039,NaN,0.002147692057,0.0038835,NaN,NaN,0.0009510545526,NaN,NaN,NaN
1924-12-01,10.16,0.55,0.93,0.4588830802,0.0257,0.0495,0.0646,0.0396,NaN,0.002139376568,0.0019361,NaN,NaN,0.001065723466,NaN,NaN,NaN
1925-01-01,10.58,0.5542,0.9567,0.4478095392,0.0261,0.0495,0.0644,0.0396,NaN,0.002172638112,0.0019324,NaN,NaN,0.001054161688,NaN,NaN,NaN
1925-02-01,10.67,0.5583,0.9833,0.4523887435,0.0262,0.0495,0.0636,0.0395,NaN,0.002180953325,-0.0038685,NaN,NaN,0.001055541317,NaN,NaN,NaN
1925-03-01,10.39,0.5625,1.01,0.52248394,0.0278,0.0491,0.0636,0.0396,NaN,0.002313987332,0.0019361,NaN,NaN,0.002953294668,NaN,NaN,NaN
1925-04-01,10.28,0.5667,1.037,0.5082909758,0.0278,0.0487,0.0641,0.0393,NaN,0.002313987332,-0.0019361,NaN,NaN,0.0007462061027,NaN,NaN,NaN
1925-05-01,10.61,0.5708,1.063,0.469411312,0.0273,0.0483,0.063,0.0387,NaN,0.002272416106,0.0038685,NaN,NaN,0.0005203227165,NaN,NaN,NaN
1925-06-01,10.8,0.575,1.09,0.465613312,0.0286,0.0483,0.0618,0.0379,NaN,0.002380497699,0.0115164,NaN,NaN,0.0008416070568,NaN,NaN,NaN
1925-07-01,11.1,0.5792,1.117,0.4558702638,0.0306,0.0487,0.062,0.0379,NaN,0.002546754267,0.0132703,NaN,NaN,0.0003774898361,NaN,NaN,NaN
1925-08-01,11.25,0.5833,1.143,0.4320725315,0.0301,0.049,0.0624,0.0385,NaN,0.002505192716,0,NaN,NaN,0.0005439025282,NaN,NaN,NaN
1925-09-01,11.51,0.5875,1.17,0.4252056322,0.0317,0.0487,0.062,0.0385,NaN,0.002638183598,-0.0037736,NaN,NaN,0.00145628901,NaN,NaN,NaN
1925-10-01,11.89,0.5917,1.197,0.3919049149,0.0353,0.0485,0.0617,0.0382,NaN,0.002937348432,0.0037736,NaN,NaN,0.0007475307338,NaN,NaN,NaN
1925-11-01,12.26,0.5958,1.223,0.4037595976,0.0365,0.0484,0.0617,0.0379,NaN,0.003037050157,0.0168071,NaN,NaN,0.002719477991,NaN,NaN,NaN
1925-12-01,12.46,0.6,1.25,0.3893782714,0.0351,0.0485,0.0615,0.038,NaN,0.002920730511,-0.005571,NaN,NaN,0.0005126819052,NaN,NaN,NaN
1926-01-01,12.74,0.6075,1.249,0.3876707976,0.0349,0.0482,0.0609,0.0374,NaN,0.002904112314,0,0.0138,0.0072,0.0009800606484,NaN,-0.0011,-0.0034
1926-02-01,12.18,0.615,1.248,0.394362555,0.0318,0.0477,0.0602,0.0372,NaN,0.002646494941,-0.0037313,0.0063,0.0045,0.001150644136,NaN,-0.0336,-0.0382
1926-03-01,11.46,0.6225,1.248,0.4940908444,0.0314,0.0479,0.0605,0.0371,NaN,0.002613249155,-0.0056233,0.0041,0.0084,0.006248303674,NaN,-0.0579,-0.0622
1926-04-01,11.72,0.63,1.247,0.4829169856,0.0308,0.0474,0.0598,0.0368,NaN,0.002563378403,0.0093546,0.0076,0.0097,0.001636582303,NaN,0.0385,0.0348
1926-05-01,11.81,0.6375,1.246,0.4838597225,0.0317,0.0471,0.0586,0.0369,NaN,0.002638183598,-0.0056023,0.0014,0.0044,0.0008562238131,NaN,0.0132,0.0087
1926-06-01,12.32,0.645,1.245,0.4534762154,0.0293,0.0472,0.058,0.0368,NaN,0.002438690642,-0.0075188,0.0038,0.0004,0.0007893737399,NaN,0.0564,0.0502
1926-07-01,12.88,0.6525,1.244,0.4332625796,0.0311,0.0471,0.0579,0.037,NaN,0.00258831409,-0.0094787,0.0004,0.0057,0.0007587124678,NaN,0.0404,0.0381
1926-08-01,13.1,0.66,1.243,0.427050643,0.0327,0.0472,0.0581,0.0373,NaN,0.002721293919,-0.0057307,0,0.0044,0.001209932136,NaN,0.0299,0.0258
1926-09-01,13.4,0.6675,1.242,0.4387129401,0.0342,0.0472,0.0579,0.0372,NaN,0.00284594645,0.0057307,0.0038,0.0057,0.001079388166,NaN,0.0134,0.0091
1926-10-01,12.98,0.675,1.242,0.4603343062,0.0358,0.0471,0.0581,0.0367,NaN,0.002978892026,0.0038023,0.0102,0.0097,0.00259329928,NaN,-0.0301,-0.0324
1926-11-01,13.27,0.6825,1.241,0.443308847,0.0335,0.0468,0.0577,0.0358,NaN,0.002787777202,0.0037879,0.016,0.0057,0.0005795490279,NaN,0.027,0.0194
1926-12-01,13.49,0.69,1.24,0.441475827,0.0307,0.0468,0.0568,0.0354,0.07578837218,0.002555066369,0,0.0078,0.0056,0.0006038004828,NaN,0.0261,0.0203
1927-01-01,13.21,0.6967,1.229,0.4437056454,0.0323,0.0466,0.0561,0.0351,0.07356422065,0.002688050619,-0.0075902,0.0075,0.0056,0.0005512052113,NaN,-0.0026,-0.0053
1927-02-01,13.84,0.7033,1.218,0.4285008644,0.0329,0.0467,0.0559,0.0347,0.071755598,0.002737915154,-0.0076482,0.0088,0.0069,0.0003455681318,NaN,0.0458,0.0408
1927-03-01,13.93,0.71,1.208,0.4697651174,0.032,0.0462,0.0554,0.0331,0.05655772137,0.002663117419,-0.0057748,0.0253,0.0083,0.001103359242,NaN,0.0073,0.0026
1927-04-01,14.17,0.7167,1.197,0.4567541302,0.0339,0.0458,0.0548,0.0333,0.0612039703,0.002821017187,0,-0.0005,0.0055,0.000619552618,NaN,0.0133,0.0112
1927-05-01,14.91,0.7233,1.186,0.4347826087,0.0333,0.0457,0.055,0.0327,0.05752660824,0.002771156796,0.0076923,0.0109,-0.0011,0.0004812668821,NaN,0.0632,0.0579
1927-06-01,14.77,0.73,1.175,0.4523852494,0.0307,0.0458,0.0555,0.0334,0.05802695303,0.002555066369,0.009533,-0.0069,0.0043,0.00106773129,NaN,-0.0199,-0.0253
1927-07-01,15.73,0.7367,1.164,0.414553473,0.0296,0.046,0.0555,0.0333,0.05605978517,0.002463629438,-0.0191577,0.005,0.0003,0.0004628100614,NaN,0.0792,0.0764
1927-08-01,16.43,0.7433,1.153,0.3962274092,0.027,0.0456,0.0548,0.0329,0.04720422862,0.00224747254,-0.0058196,0.0076,0.0083,0.001462853901,NaN,0.036,0.0313
1927-09-01,17.14,0.75,1.143,0.380586062,0.0268,0.0454,0.0542,0.033,0.08727061794,0.002230843151,0.0058196,0.0018,0.0149,0.001283591361,NaN,0.053,0.0491
1927-10-01,16.23,0.7567,1.132,0.4138006933,0.0308,0.0451,0.0538,0.0325,0.08711997373,0.002563378403,0.0057859,0.0099,0.0055,0.002190785754,NaN,-0.047,-0.0491
1927-11-01,17.33,0.7633,1.121,0.3793955905,0.0304,0.0449,0.0535,0.032,0.07466029913,0.002530129854,-0.0019249,0.0097,0.0068,0.001030462205,NaN,0.0704,0.0642
1927-12-01,17.66,0.77,1.11,0.3746885899,0.0317,0.0446,0.0532,0.0316,0.06936466984,0.002638183598,-0.0019286,0.0072,0.0068,0.0006741773123,NaN,0.0192,0.0143
1928-01-01,17.57,0.7767,1.133,0.3786696208,0.0331,0.0446,0.0535,0.0321,0.05189375334,0.002754536113,-0.0019324,-0.0036,0.0027,0.000938562357,NaN,-0.0074,-0.0094
1928-02-01,17.26,0.7833,1.155,0.3860765992,0.0333,0.0446,0.0533,0.0318,0.04754007832,0.002771156796,-0.0097182,0.0061,0.0068,0.0007699366034,NaN,-0.0122,-0.0163
1928-03-01,19.13,0.79,1.177,0.363254838,0.0327,0.0446,0.0532,0.0317,0.04408668519,0.002721293919,0,0.0045,0.0041,0.001581533859,NaN,0.106,0.1019
1928-04-01,19.75,0.7967,1.2,0.3680952606,0.0362,0.0446,0.0533,0.0319,0.03828232875,0.003012125658,0.0019512,-0.0004,0.0014,0.001711571561,NaN,0.0349,0.0329
1928-05-01,20,0.8033,1.222,0.3543969792,0.039,0.0449,0.0542,0.0327,0.03880185351,0.003244730165,0.0058309,-0.0077,-0.0078,0.002230404355,NaN,0.0126,0.0077
1928-06-01,19.19,0.81,1.245,0.3702999477,0.0392,0.0457,0.0555,0.0326,0.03978885423,0.003261342702,-0.0077821,0.0041,-0.0024,0.003920566153,NaN,-0.0343,-0.0387
1928-07-01,19.43,0.8167,1.268,0.3606481481,0.0412,0.0461,0.0558,0.0344,0.04730647817,0.0034274529,0,-0.0217,-0.001,0.001803805341,NaN,0.0105,0.0087
1928-08-01,20.87,0.8233,1.29,0.3240297825,0.0436,0.0464,0.0561,0.0341,0.04611274094,0.003626748722,0.0019512,0.0076,0.0083,0.001446514132,NaN,0.0702,0.0655
1928-09-01,21.37,0.83,1.312,0.3281658101,0.0457,0.0461,0.0559,0.0346,0.01245462809,0.003801099991,0.007767,-0.0041,0.003,0.0007716324433,NaN,0.0217,0.0193
1928-10-01,21.68,0.8367,1.335,0.3089308376,0.047,0.0461,0.0558,0.0336,0.01881000269,0.003909016497,-0.0019361,0.0158,0.0083,0.0008014693784,NaN,0.0146,0.0128
1928-11-01,24.28,0.8433,1.357,0.2655259391,0.0426,0.0458,0.0555,0.0338,0.02579669632,0.003543713623,-0.0019399,0.0003,-0.0036,0.00162257211,NaN,0.1225,0.1162
1928-12-01,24.35,0.85,1.38,0.2596666667,0.0426,0.0461,0.056,0.034,0.03117300776,0.003543713623,-0.0038911,0.0004,0.0084,0.004352434604,NaN,0.0063,0.0029
1929-01-01,25.74,0.86,1.399,0.2453466033,0.0466,0.0462,0.0563,0.0349,0.05221101452,0.003875812658,-0.0019512,-0.009,0.0043,0.001983744192,NaN,0.0542,0.0526
1929-02-01,25.59,0.87,1.418,0.2454238997,0.0439,0.0466,0.0566,0.0363,0.0561768727,0.003651657908,-0.001955,-0.0157,0.003,0.002973584605,NaN,-0.0034,-0.0067
1929-03-01,25.53,0.88,1.438,0.2723004695,0.046,0.047,0.0579,0.0377,0.06400948931,0.003826004834,-0.0039216,-0.0144,-0.0087,0.003954423778,NaN,0.0016,-0.0018
1929-04-01,25.94,0.89,1.457,0.2633969119,0.048,0.0469,0.058,0.0358,0.08358859275,0.00399202127,-0.003937,0.0275,0.0019,0.002321454437,NaN,0.0203,0.019
1929-05-01,24.83,0.9,1.476,0.2827746209,0.0509,0.047,0.058,0.0373,0.09877221465,0.004232696156,0.0058997,-0.0162,0.0045,0.005350099586,NaN,-0.0354,-0.0402
1929-06-01,27.62,0.91,1.495,0.2535805819,0.048,0.0477,0.0594,0.0367,0.09174818967,0.00399202127,0.0039139,0.011,-0.0046,0.001441048617,NaN,0.1104,0.1076
1929-07-01,28.88,0.92,1.514,0.2418751798,0.0455,0.0477,0.0595,0.0369,0.08802391939,0.003784496418,0.0097182,0,0.002,0.001391522693,NaN,0.0497,0.0479
1929-08-01,31.71,0.93,1.533,0.2211237609,0.047,0.0479,0.0604,0.0375,0.09624679733,0.003909016497,0.003861,-0.0034,0.002,0.003587172409,NaN,0.0991,0.0954
1929-09-01,30.16,0.94,1.552,0.2448682487,0.0458,0.048,0.0612,0.0375,0.1202212356,0.003809401674,-0.0019286,0.0027,0.0034,0.00360916529,NaN,-0.0507,-0.0529
1929-10-01,24.15,0.95,1.572,0.307484187,0.0437,0.0477,0.0611,0.0347,0.1547117989,0.003635051853,0,0.0382,0.0073,0.05688816972,NaN,-0.1843,-0.1863
1929-11-01,20.92,0.96,1.591,0.3519564763,0.0347,0.0476,0.0603,0.0331,0.1756044926,0.002887493841,-0.0019324,0.0236,-0.0018,0.03867100171,NaN,-0.1249,-0.13
1929-12-01,21.45,0.97,1.61,0.3384578236,0.0303,0.0467,0.0595,0.034,0.1633504828,0.002521817544,-0.0058196,-0.0089,0.0192,0.0112070013,NaN,0.0277,0.0236
1930-01-01,22.79,0.9708,1.557,0.3148162012,0.0339,0.0466,0.0592,0.0347,0.1460716606,0.002821017187,-0.0038986,-0.0057,0.0059,0.001521775974,NaN,0.0589,0.0563
1930-02-01,23.28,0.9717,1.503,0.3102061894,0.0336,0.0469,0.0589,0.0339,0.1394104558,0.002796087302,-0.0039139,0.0129,0.0072,0.001929061207,NaN,0.0256,0.0211
1930-03-01,25.14,0.9725,1.45,0.3191191891,0.0295,0.0462,0.0573,0.0335,0.1280635195,0.002455316575,-0.0058997,0.0083,0.0138,0.001583600646,NaN,0.0729,0.0699
1930-04-01,24.9,0.9733,1.397,0.3269705977,0.03,0.046,0.057,0.0338,0.1128838838,0.002496880199,0.0058997,-0.0016,0.0084,0.002035756401,NaN,-0.0141,-0.016
1930-05-01,24.49,0.9742,1.343,0.3319155124,0.0241,0.046,0.0572,0.0329,0.110781897,0.002006319328,-0.0058997,0.0139,0.0057,0.005748466119,NaN,-0.0108,-0.015
1930-06-01,20.46,0.975,1.29,0.4033754529,0.0189,0.0457,0.0578,0.0328,0.1298093865,0.001573760988,-0.0059347,0.0051,0.011,0.01569502682,NaN,-0.1548,-0.1583
1930-07-01,21.21,0.9758,1.237,0.3901876149,0.0183,0.0452,0.0577,0.0327,0.1409522776,0.001523838368,-0.0139862,0.0034,0.0056,0.005331601079,NaN,0.0386,0.0363
1930-08-01,21.37,0.9767,1.183,0.3797521005,0.0153,0.0447,0.0573,0.0328,0.1202563723,0.001274187878,-0.0060545,0.0013,0.0136,0.00438581732,NaN,0.0112,0.0066
1930-09-01,18.59,0.9775,1.13,0.4455832113,0.0177,0.0442,0.0565,0.0324,0.09898039516,0.001473913256,0.0060545,0.0074,0.0108,0.003936066942,NaN,-0.1233,-0.1274
1930-10-01,16.94,0.9783,1.077,0.4979547314,0.0174,0.0442,0.0594,0.0324,0.1101685936,0.001448949765,-0.0060545,0.0035,0.0054,0.01370889178,NaN,-0.0839,-0.0867
1930-11-01,16.57,0.9792,1.023,0.5046708308,0.014,0.0447,0.0625,0.0322,0.09830434901,0.00116598664,-0.0081301,0.0042,-0.0012,0.007399974233,NaN,-0.0204,-0.0248
1930-12-01,15.34,0.98,0.97,0.5547454126,0.0148,0.0452,0.0671,0.033,0.1207625256,0.001232573403,-0.0143887,-0.007,-0.009,0.008528070588,NaN,-0.0717,-0.0779
1931-01-01,16.09,0.9667,0.94,0.5391520019,0.0124,0.0442,0.0641,0.0343,0.1084168255,0.001032799812,-0.0145988,-0.0121,0.0203,0.005087838513,NaN,0.0598,0.057
1931-02-01,17.93,0.9533,0.91,0.4796679626,0.0106,0.0443,0.0638,0.0338,0.09938306594,0.000882943424,-0.0148151,0.0085,0.0068,0.002958873602,NaN,0.1109,0.1052
1931-03-01,16.69,0.94,0.88,0.529125087,0.0138,0.0439,0.0644,0.0332,0.09761122872,0.001149339257,-0.0064171,0.0104,0.0094,0.004146963771,NaN,-0.0698,-0.0743
1931-04-01,15.09,0.9267,0.85,0.6032144983,0.0149,0.044,0.0672,0.0327,0.1036438448,0.001240896436,-0.0064586,0.0086,0.0067,0.006890707419,NaN,-0.0926,-0.0952
1931-05-01,13.02,0.9133,0.82,0.7099486221,0.0088,0.0437,0.0715,0.0317,0.09898966114,0.0007330645758,-0.0108579,0.0145,0.0134,0.006519523204,NaN,-0.1373,-0.1427
1931-06-01,14.83,0.9,0.79,0.6072712745,0.0055,0.0436,0.0736,0.0319,0.08169937262,0.0004582283307,-0.0109771,0.0004,0.0052,0.02258928836,NaN,0.1467,0.1401
1931-07-01,13.73,0.8867,0.76,0.6736095723,0.0041,0.0436,0.0708,0.0325,0.04548525119,0.0003416083119,-0.0022099,-0.0042,0.0052,0.006819600707,NaN,-0.0751,-0.0783
1931-08-01,13.86,0.8733,0.73,0.654185496,0.0042,0.044,0.0747,0.0326,0.03111174604,0.0003499387643,-0.0022148,0.0012,0.0012,0.004401891923,NaN,0.0076,0.0021
1931-09-01,9.71,0.86,0.7,0.9440016561,0.0045,0.0455,0.0807,0.0353,0.05625262738,0.0003749297051,-0.0044445,-0.0281,-0.0014,0.0216432531,NaN,-0.2873,-0.2913
1931-10-01,10.53,0.8467,0.67,0.8771761085,0.017,0.0499,0.0904,0.0385,0.02432233108,0.001415664141,-0.0067039,-0.033,-0.0363,0.0404158928,NaN,0.0761,0.0721
1931-11-01,9.5,0.8333,0.64,0.9715564078,0.0177,0.0494,0.0893,0.0385,0.04150355631,0.001473913256,-0.0112741,0.0027,-0.0189,0.01090517863,NaN,-0.1021,-0.1107
1931-12-01,8.12,0.82,0.61,1.170731707,0.0241,0.0532,0.1042,0.0407,0.002113718319,0.002006319328,-0.0091117,-0.022,-0.0286,0.02000257881,NaN,-0.1385,-0.1463
1932-01-01,7.89,0.7933,0.5933,1.191378184,0.0248,0.052,0.0913,0.039,0.001910434268,0.002064534049,-0.02081,0.0034,-0.0052,0.01692736341,NaN,-0.0193,-0.0216
1932-02-01,8.29,0.7667,0.5767,1.119842829,0.0242,0.0523,0.0887,0.0367,-0.003694659345,0.002014635924,-0.0141179,0.0413,-0.0238,0.02539412061,NaN,0.0531,0.0446
1932-03-01,7.31,0.74,0.56,1.185862445,0.0225,0.0498,0.0883,0.037,-0.006761777394,0.001873244382,-0.0047506,-0.0018,0.0356,0.01268261207,NaN,-0.1195,-0.1257
1932-04-01,5.83,0.7133,0.5433,1.553727874,0.0111,0.0517,0.1046,0.0336,-0.02504713693,0.0009245724511,-0.0071685,0.0604,-0.0176,0.01696964249,NaN,-0.2075,-0.2099
1932-05-01,4.47,0.6867,0.5267,1.942333482,0.0031,0.0536,0.11,0.0349,-0.02872799146,0.000258299971,-0.014493,-0.0188,0.0107,0.0222805862,NaN,-0.2329,-0.241
1932-06-01,4.43,0.66,0.51,2.028478058,0.0034,0.0541,0.11,0.0347,-0.03435695743,0.000283293202,-0.007326,0.0065,-0.0009,0.03204799729,NaN,0.0044,-0.0045
1932-07-01,6.1,0.6333,0.4933,1.612544071,0.0022,0.0526,0.1079,0.032,-0.01132357647,0.0001833165298,0,0.0481,0.0043,0.01865329781,NaN,0.3938,0.3919
1932-08-01,8.39,0.6067,0.4767,1.187807545,0.0014,0.0491,0.0822,0.0321,-0.0008732909966,0.0001166598616,-0.0123306,0.0003,0.0436,0.03633073735,NaN,0.4034,0.3956
1932-09-01,8.08,0.58,0.46,1.214365567,0.0003,0.047,0.0761,0.0319,0.0005168084546,2.50E-05,-0.0049751,0.0057,0.0301,0.0415346859,NaN,-0.0291,-0.0335
1932-10-01,6.96,0.5533,0.4433,1.403877221,0.0001,0.0464,0.0787,0.0322,-0.002990808818,8.33E-06,-0.0075094,-0.0017,0.0074,0.03235240728,NaN,-0.1433,-0.1445
1932-11-01,6.55,0.5267,0.4267,1.542147294,0.0001,0.0463,0.0824,0.0322,-0.00313427326,8.33E-06,-0.0050378,0.0032,0.0073,0.02181114552,NaN,-0.052,-0.0585
1932-12-01,6.89,0.5,0.41,1.442084301,0.0004,0.0459,0.0842,0.0315,-0.001500740939,3.33E-05,-0.0101524,0.0131,0.0139,0.009403949963,NaN,0.0609,0.0532
1933-01-01,6.94,0.495,0.4125,1.426929392,0.0007,0.0444,0.0801,0.0308,-0.002907181225,5.83E-05,-0.0154245,0.0148,0.0547,0.005505206788,NaN,0.0143,0.0129
1933-02-01,5.66,0.49,0.415,1.690990465,0.0001,0.0448,0.0837,0.0325,-0.002129669855,8.33E-06,-0.0156661,-0.0258,-0.0523,0.01471587697,NaN,-0.1795,-0.186
1933-03-01,5.85,0.485,0.4175,1.476534296,0.0134,0.0468,0.0891,0.0321,-0.01831785028,0.001116043658,-0.0079261,0.0097,0.0047,0.03720743682,NaN,0.0401,0.0343
1933-04-01,8.32,0.48,0.42,1.119015048,0.0045,0.0478,0.0912,0.0325,0.00482411179,0.0003749297051,-0.002656,-0.0032,-0.0095,0.02995512483,NaN,0.4165,0.4145
1933-05-01,9.64,0.475,0.4225,0.9283849733,0.0029,0.0463,0.0774,0.0308,-0.001380075203,0.00024163747,0.002656,0.0303,0.0588,0.01155057127,NaN,0.1756,0.1709
1933-06-01,10.91,0.47,0.425,0.8335031588,0.0007,0.0446,0.0707,0.0306,0.002168753668,5.83E-05,0.0105542,0.005,0.019,0.02014352135,NaN,0.1388,0.1355
1933-07-01,9.95,0.465,0.4275,0.9011788036,0.0019,0.0436,0.0662,0.0309,0.00492972772,0.0001583207999,0.0284625,-0.0017,0.0161,0.03223999333,NaN,-0.0846,-0.0854
1933-08-01,11.09,0.46,0.43,0.7987501221,0.0001,0.043,0.0677,0.0308,0.004160155564,8.33E-06,0.0101524,0.0044,0.0093,0.01162079266,NaN,0.1248,0.1213
1933-09-01,9.83,0.455,0.4325,0.8679966044,0.0004,0.0436,0.0727,0.0308,0.001891870347,3.33E-05,0,0.0023,-0.0014,0.01345929128,NaN,-0.1181,-0.121
1933-10-01,8.96,0.45,0.435,0.9278584392,0.0009,0.0434,0.0749,0.0315,0.006070030113,7.50E-05,0,-0.0091,0.004,0.02648201844,NaN,-0.0901,-0.0911
1933-11-01,9.88,0.445,0.4375,0.8335031588,0.0022,0.0454,0.0798,0.0327,0.008070390739,0.0001833165298,0,-0.0149,-0.0248,0.009246938871,NaN,0.1091,0.1027
1933-12-01,10.1,0.44,0.44,0.8290260464,0.0029,0.045,0.0775,0.0336,0.01276511116,0.00024163747,-0.0050633,-0.0113,0.0257,0.005328936775,NaN,0.0281,0.0259
1934-01-01,11.17,0.4408,0.4442,0.7629173662,0.0072,0.0435,0.0701,0.0321,0.009283706041,0.000599820072,0.0050633,0.0257,0.0257,0.006506290911,NaN,0.1147,0.1133
1934-02-01,10.76,0.4417,0.4483,0.790643727,0.0062,0.042,0.0627,0.0317,0.01112377938,0.0005165332404,0.0075472,0.0081,0.0146,0.00552603086,NaN,-0.033,-0.0373
1934-03-01,10.75,0.4425,0.4525,0.8025122121,0.0024,0.0413,0.0626,0.0307,0.01520538811,0.0001999800027,0,0.0197,0.0187,0.006934123342,NaN,0.0055,0.0027
1934-04-01,10.46,0.4433,0.4567,0.8010747338,0.0015,0.0407,0.0601,0.03,0.012335959,0.0001249921882,-0.0025094,0.0126,0.0104,0.001894032837,NaN,-0.0258,-0.0272
1934-05-01,9.61,0.4442,0.4608,0.8563829787,0.0016,0.0401,0.0605,0.0292,0.01348305343,0.0001333244452,0.0025094,0.0131,0.009,0.005952773495,NaN,-0.0789,-0.0825
1934-06-01,9.81,0.445,0.465,0.8407310705,0.0015,0.0393,0.0606,0.0289,0.01183382474,0.0001249921882,0.0025031,0.0067,0.0158,0.006722235444,NaN,0.0238,0.0209
1934-07-01,8.68,0.4458,0.4692,0.9142532652,0.0015,0.0389,0.0613,0.0288,0.009075422403,0.0001249921882,0,0.004,0.0047,0.01111964342,NaN,-0.12,-0.1219
1934-08-01,9.15,0.4467,0.4733,0.8668964032,0.0019,0.0393,0.0649,0.0299,0.02509644144,0.0001583207999,0.0024969,-0.0118,0.0047,0.006275894622,NaN,0.059,0.0521
1934-09-01,9.1,0.4475,0.4775,0.8703643637,0.0021,0.0396,0.0657,0.031,0.02434421566,0.0001749846893,0.0148518,-0.0146,-0.0061,0.00457552785,NaN,-0.0005,-0.0033
1934-10-01,8.81,0.4483,0.4817,0.8622536418,0.0027,0.039,0.064,0.03,0.02785139154,0.0002249746913,-0.0073983,0.0182,0.0102,0.003832103822,NaN,-0.0326,-0.0337
1934-11-01,9.54,0.4492,0.4858,0.7820089372,0.0025,0.0386,0.0637,0.0299,0.02393891314,0.000208311635,-0.0024783,0.0037,0.0129,0.002148348969,NaN,0.0868,0.0815
1934-12-01,9.5,0.45,0.49,0.7737408689,0.0023,0.0381,0.0623,0.0293,0.0191934218,0.000191648301,-0.0024845,0.0112,0.0101,0.002666577075,NaN,0,-0.0037
1935-01-01,9.1,0.45,0.57,0.791621595,0.002,0.0377,0.0598,0.0281,0.01969296064,0.0001666527793,0.0148151,0.0182,0.0211,0.002099231548,NaN,-0.0424,-0.0438
1935-02-01,8.74,0.45,0.65,0.7862863841,0.0019,0.0369,0.0595,0.0275,0.01403622978,0.0001583207999,0.007326,0.0092,0.0141,0.00284329111,NaN,-0.0363,-0.042
1935-03-01,8.47,0.45,0.73,0.8007541179,0.0015,0.0367,0.062,0.0274,0.01223404299,0.0001249921882,-0.0024361,0.0041,0.0043,0.003887538731,NaN,-0.0323,-0.0361
1935-04-01,9.28,0.4466666667,0.756667,0.7373229785,0.0015,0.0366,0.0613,0.0269,0.01988030091,0.0001249921882,0.0097088,0.0079,0.0112,0.003129249086,NaN,0.0962,0.095
1935-05-01,9.58,0.4433333333,0.783333,0.7293926247,0.0015,0.0365,0.0594,0.0276,0.01927458934,0.0001249921882,-0.0048426,-0.0057,0.0042,0.003066465899,NaN,0.0375,0.0325
1935-06-01,10.23,0.44,0.81,0.6818181818,0.0015,0.0361,0.0577,0.027,0.01921895149,0.0001249921882,-0.0024301,0.0092,0.0112,0.002775541459,NaN,0.0703,0.0669
1935-07-01,11.08,0.44,0.793333,0.6393091975,0.0015,0.0356,0.0567,0.0268,0.0184893322,0.0001249921882,-0.0048781,0.0046,0.0111,0.001648652043,NaN,0.0839,0.0826
1935-08-01,11.32,0.44,0.776667,0.6336866902,0.0016,0.036,0.0558,0.0281,0.006513156799,0.0001333244452,0,-0.0133,-0.0042,0.003591302507,NaN,0.0266,0.0222
1935-09-01,11.59,0.44,0.76,0.6117343845,0.002,0.0359,0.0553,0.0282,0.009179983337,0.0001666527793,0.0048781,0.0009,0,0.002436278571,NaN,0.0264,0.0231
1935-10-01,12.46,0.45,0.76,0.5775010734,0.002,0.0352,0.0554,0.0279,0.005326316888,0.0001666527793,0,0.0061,0.0042,0.00321856488,NaN,0.0722,0.071
1935-11-01,12.95,0.46,0.76,0.5669523676,0.0016,0.0347,0.0543,0.028,0.0007444011299,0.0001333244452,0.0048544,0.001,0.0069,0.002950255836,NaN,0.0522,0.0459
1935-12-01,13.43,0.47,0.76,0.5599111913,0.0015,0.0344,0.053,0.0276,0.01168175996,0.0001249921882,0.0024184,0.007,0.0083,0.002837526099,NaN,0.04,0.0369
1936-01-01,14.31,0.48,0.77,0.5398354405,0.002,0.0337,0.05,0.0285,0.01150843871,0.0001666527793,0,0.0055,0.0082,0.001860624538,NaN,0.0717,0.07
1936-02-01,14.55,0.49,0.78,0.5290762473,0.002,0.0332,0.048,0.0281,0.01626367504,0.0001666527793,-0.0048426,0.0081,0.0054,0.002047161728,NaN,0.0233,0.0198
1936-03-01,14.92,0.5,0.79,0.5276960471,0.002,0.0329,0.0486,0.0275,0.01179305383,0.0001666527793,-0.0048662,0.0106,0.0082,0.004885537557,NaN,0.0251,0.0225
1936-04-01,13.77,0.5166666667,0.82,0.5663485961,0.002,0.0329,0.0491,0.0274,0.02366014038,0.0001666527793,0,0.0035,0.0026,0.005713639955,NaN,-0.0778,-0.0786
1936-05-01,14.4,0.5333333333,0.85,0.5404874214,0.002,0.0327,0.0494,0.0273,0.02295276472,0.0001666527793,0,0.004,0.004,0.002797150775,NaN,0.053,0.0468
1936-06-01,14.84,0.55,0.88,0.523178388,0.002,0.0324,0.049,0.0273,0.01961196242,0.0001666527793,0.0097088,0.0021,0.0082,0.001561756856,NaN,0.0327,0.0297
1936-07-01,15.85,0.57,0.9,0.5004246027,0.0015,0.0323,0.0484,0.0271,0.02166265581,0.0001249921882,0.0048193,0.006,0.0011,0.001511726764,NaN,0.0735,0.0724
1936-08-01,15.99,0.59,0.92,0.496121234,0.002,0.0321,0.0474,0.0264,0.0195835436,0.0001666527793,0.0071857,0.0111,0.0067,0.002512069909,NaN,0.0141,0.0089
1936-09-01,16.01,0.61,0.94,0.4915981409,0.0016,0.0318,0.0462,0.0268,0.02094379002,0.0001333244452,0.0023838,-0.0031,0.0067,0.00117429158,NaN,0.0049,0.0017
1936-10-01,17.21,0.6466666667,0.9666666667,0.4657070279,0.0013,0.0318,0.0454,0.0269,0.0215459488,0.0001083274657,-0.0023838,0.0006,0.0025,0.002163316027,NaN,0.0765,0.0754
1936-11-01,17.28,0.6833333333,0.9933333333,0.4502783539,0.0011,0.0315,0.0452,0.0257,0.02762209523,9.17E-05,0,0.0205,0.0109,0.002849513209,NaN,0.0105,-0.0005
1936-12-01,17.18,0.72,1.02,0.4585881045,0.0012,0.031,0.0453,0.0255,0.02064082016,1.00E-04,0,0.0038,0.001,0.001475580791,NaN,-0.0039,-0.0073
1937-01-01,17.83,0.73,1.05,0.4465735628,0.0017,0.031,0.0449,0.0258,0.0208905887,0.0001416566329,0.0071344,-0.0013,0.0024,0.001557990965,NaN,0.0367,0.036
1937-02-01,18.09,0.74,1.08,0.4407757653,0.0015,0.0322,0.0453,0.0253,0.02114112133,0.0001249921882,0.0023669,0.0086,-0.0046,0.001344855232,NaN,0.0187,0.0156
1937-03-01,17.92,0.75,1.11,0.4586663806,0.0038,0.0332,0.0468,0.0285,0.03196831882,0.0003166165384,0.0070672,-0.0411,-0.0114,0.003057961456,NaN,-0.0031,-0.0058
1937-04-01,16.43,0.78,1.13,0.4906180065,0.0056,0.0342,0.0484,0.0284,0.02121042031,0.0004665578116,0.0046838,0.0039,0.0068,0.005428450981,NaN,-0.0806,-0.0814
1937-05-01,16.26,0.81,1.15,0.4893824051,0.0041,0.0333,0.0484,0.0282,0.02125539202,0.0003416083119,0.004662,0.0053,0.004,0.003544349262,0.0033983845,-0.0055,-0.0115
1937-06-01,15.4,0.84,1.17,0.5049610206,0.0036,0.0328,0.0493,0.0285,0.02888557262,0.000299955009,0.0023229,-0.0018,0.0053,0.00290250182,0.0042059432,-0.0542,-0.0582
1937-07-01,16.98,0.8166666667,1.186666667,0.4646486604,0.0028,0.0325,0.0491,0.0277,0.02300132202,0.0002333061153,0.0046296,0.0138,0.0039,0.002975434161,0.0036298634,0.0988,0.0978
1937-08-01,16.04,0.7933333333,1.203333333,0.481934502,0.0029,0.0324,0.0492,0.0286,0.02700557526,0.00024163747,0.0023068,-0.0104,-0.0017,0.002013754145,0.0033254414,-0.0512,-0.0563
1937-09-01,13.76,0.77,1.22,0.5531474413,0.0031,0.0328,0.0516,0.0284,0.03177515636,0.000258299971,0.0091744,0.0045,0.0025,0.01554830676,0.0033385337,-0.1398,-0.1439
1937-10-01,12.36,0.78,1.19,0.6174176776,0.002,0.0327,0.0552,0.0283,0.03571911744,0.0001666527793,-0.0045767,0.0042,0.0067,0.03111543347,0.0036049556,-0.1032,-0.1042
1937-11-01,11.11,0.79,1.16,0.6924198251,0.0009,0.0324,0.0582,0.0278,0.03309375899,7.50E-05,-0.0069045,0.0096,0.0067,0.02186169242,0.0027108586,-0.0848,-0.1008
1937-12-01,10.55,0.8,1.13,0.7074886223,0.0011,0.0321,0.0573,0.0273,0.02417597102,9.17E-05,-0.0023121,0.0082,0.0067,0.006925671771,0.0028331217,-0.0457,-0.0529
1938-01-01,10.69,0.7933333333,1.076666667,0.7015672438,0.001,0.0317,0.0589,0.0271,0.03094534471,8.33E-05,-0.0139862,0.0057,0.0038,0.009625495805,0.0027731382,0.0127,0.0117
1938-02-01,11.34,0.7866666667,1.023333333,0.6595186671,0.0008,0.032,0.0597,0.0268,0.02441622742,6.67E-05,-0.009434,0.0052,0.001,0.007548788351,0.002129031,0.066,0.0614
1938-03-01,8.5,0.78,0.97,0.8923698838,0.0008,0.0322,0.063,0.0273,0.02576423019,6.67E-05,0,-0.0037,-0.0087,0.01442709193,0.0029648264,-0.2545,-0.2583
1938-04-01,9.7,0.7666666667,0.9033333333,0.7907934802,0.0009,0.033,0.0647,0.0259,0.02258926475,7.50E-05,0.0047281,0.021,0.0138,0.01885104699,0.0041609632,0.1425,0.1409
1938-05-01,9.27,0.7533333333,0.8366666667,0.8195656209,0.0005,0.0322,0.0606,0.0257,0.02508892668,4.17E-05,-0.0047281,0.0044,0.001,0.007169014409,0.0052741344,-0.0402,-0.0463
1938-06-01,11.56,0.74,0.77,0.659545862,0.0005,0.0326,0.0625,0.0259,0.01310137143,4.17E-05,0,0.0004,0.0095,0.01126194642,0.0060859031,0.2542,0.25
1938-07-01,12.4,0.7133333333,0.72,0.6253541076,0.0007,0.0322,0.0563,0.0257,0.01464533755,5.83E-05,0.0023669,0.0043,0.0066,0.006489689297,0.0056852727,0.0751,0.0743
1938-08-01,12.06,0.6866666667,0.67,0.6340202484,0.0006,0.0318,0.0549,0.0259,0.009000096202,5.00E-05,-0.0023669,0,-0.0019,0.005770260695,0.0053420437,-0.0259,-0.0294
1938-09-01,12.24,0.66,0.62,0.6242488512,0.0008,0.0321,0.0565,0.0259,0.006665305498,6.67E-05,0,0.0022,0.0109,0.01604086251,0.0061280147,0.017,0.0139
1938-10-01,13.17,0.61,0.6266666667,0.5819547881,0.0005,0.0315,0.0536,0.0254,0.002404416581,4.17E-05,-0.0047506,0.0087,0.008,0.004153285636,0.0056028459,0.0782,0.0775
1938-11-01,12.73,0.56,0.6333333333,0.5893739154,0.0004,0.031,0.0523,0.0257,0.002803937251,3.33E-05,-0.0023838,-0.0022,0.0037,0.004566283525,0.0051181861,-0.026,-0.0325
1938-12-01,13.21,0.51,0.64,0.5720393884,0.0003,0.0308,0.0527,0.0252,0.009154653068,2.50E-05,0.0023838,0.008,0.0122,0.002220762535,0.0041669638,0.0452,0.0418
1939-01-01,12.3,0.5133333333,0.6633333333,0.6142181413,0.0003,0.0301,0.0512,0.0249,-9.98E-05,2.50E-05,-0.0047733,0.0059,0.0022,0.007167336072,0.0043106526,-0.0708,-0.0715
1939-02-01,12.7,0.5166666667,0.6866666667,0.5994568907,0.0003,0.03,0.0505,0.0245,0.004421745742,2.50E-05,-0.0047962,0.008,0.0064,0.00316222194,0.0026295286,0.0391,0.0342
1939-03-01,10.98,0.52,0.71,0.6606492718,0.0003,0.0299,0.0489,0.0237,0.001813087971,2.50E-05,-0.0024067,0.0125,0.0022,0.008075006167,0.002714895,-0.1345,-0.1379
1939-04-01,10.92,0.5233333333,0.7266666667,0.6784545879,0.0003,0.0302,0.0515,0.0229,-0.0006780551586,2.50E-05,-0.0024125,0.0118,0.0064,0.009148158336,0.0041232361,-0.0069,-0.0081
1939-05-01,11.6,0.5266666667,0.7433333333,0.6303372413,0.0003,0.0297,0.0507,0.0217,-8.61E-06,2.50E-05,0,0.0171,0.0049,0.003460804751,0.0036146113,0.0693,0.0632
1939-06-01,10.86,0.53,0.76,0.6667687361,0.0003,0.0292,0.0491,0.0221,0.002444750062,2.50E-05,0,-0.0027,0.0035,0.003084741558,0.004162359,-0.062,-0.066
1939-07-01,12.04,0.54,0.7766666667,0.6079854809,0.0004,0.0289,0.0484,0.0213,0.001153928065,3.33E-05,0,0.0113,-0.0007,0.004069265143,0.0036497651,0.1112,0.1103
1939-08-01,11.18,0.55,0.7933333333,0.6480172606,0.0005,0.0293,0.0485,0.0231,0.002352645555,4.17E-05,0,-0.0201,-0.0392,0.006907039225,0.0076878347,-0.0674,-0.0729
1939-09-01,13.02,0.56,0.81,0.5800479489,0.0014,0.0325,0.05,0.0278,0.002479443804,0.0001166598616,0.0191393,-0.0545,0.0151,0.01471635439,0.0070891874,0.1827,0.179
1939-10-01,12.83,0.58,0.84,0.5734790624,0.0005,0.0315,0.0488,0.0247,0.001600602097,4.17E-05,-0.0047506,0.041,0.0237,0.001714043257,0.0065611953,-0.0172,-0.0179
1939-11-01,12.2,0.6,0.87,0.5978447388,0.0005,0.03,0.0485,0.0236,0.003469605259,4.17E-05,0,0.0162,0.0079,0.00121843577,0.006625116,-0.0405,-0.0511
1939-12-01,12.49,0.62,0.9,0.5807053804,0.0004,0.0294,0.0492,0.0226,0.005154746779,3.33E-05,-0.0047733,0.0145,0.0078,0.0009528973474,0.0060740339,0.0281,0.0231
1940-01-01,12.05,0.6233333333,0.93,0.5993256726,0.0001,0.0288,0.0486,0.0229,0.01054612868,8.33E-06,-0.0023952,-0.0017,0.0049,0.001412529949,0.0056097591,-0.0361,-0.037
1940-02-01,12.13,0.6266666667,0.96,0.5943769619,0.0002,0.0286,0.0483,0.0228,0.007493290399,1.67E-05,0.0071685,0.0027,0.0021,0.0004349752402,0.0054170362,0.0131,0.0069
1940-03-01,12.25,0.63,0.99,0.6479598753,0.0002,0.0284,0.048,0.0215,0.008371307192,1.67E-05,-0.0023838,0.0177,0.0049,0.0006857076849,0.0050460313,0.0136,0.0106
1940-04-01,12.19,0.6366666667,1.006666667,0.644074648,0.0002,0.0282,0.0474,0.022,0.008658210681,1.67E-05,0,-0.0035,-0.0092,0.001113140024,0.0028240977,-0.0045,-0.0063
1940-05-01,9.27,0.6433333333,1.023333333,0.8225778696,0.0006,0.0293,0.0494,0.0246,0.007565635761,5.00E-05,0.0023838,-0.0299,-0.0021,0.01849362626,0.0031368279,-0.2313,-0.2396
1940-06-01,9.98,0.65,1.04,0.7832213665,0.001,0.0296,0.0511,0.0227,0.008418776579,8.33E-05,0.0023781,0.0258,0.0121,0.00958502025,0.0035129471,0.0827,0.0779
1940-07-01,10.29,0.6566666667,1.053333333,0.7578880609,0.0005,0.0288,0.048,0.0224,0.008532987746,4.17E-05,-0.0023781,0.0052,0.0021,0.001256122833,0.003341704,0.0332,0.0321
1940-08-01,10.56,0.6633333333,1.066666667,0.7417752948,0.0004,0.0285,0.0476,0.0223,0.009544227796,3.33E-05,-0.0023838,0.0028,0.0007,0.003455668839,0.0035358124,0.0356,0.0268
1940-09-01,10.66,0.67,1.08,0.720747889,0.0005,0.0282,0.0466,0.0215,0.01007191196,4.17E-05,0.0023838,0.011,0.0092,0.002849539444,0.0044783699,0.0145,0.0104
1940-10-01,11.08,0.67,1.07,0.7101998366,0.0002,0.0279,0.0456,0.0214,0.01193854219,1.67E-05,0,0.0031,0.0049,0.001516327073,0.004567586,0.0416,0.0404
1940-11-01,10.61,0.67,1.06,0.7352149504,0.0002,0.0275,0.0448,0.0199,0.01103482313,1.67E-05,0,0.0205,0.0063,0.005878527662,0.0040822286,-0.0289,-0.0425
1940-12-01,10.58,0.67,1.05,0.7290475101,0.0002,0.0271,0.0445,0.0194,0.01062378465,1.67E-05,0.0047506,0.0067,-0.0023,0.0004700769283,0.0042619728,0.0027,-0.0027
1941-01-01,10.07,0.6733333333,1.053333333,0.7701603158,0.0002,0.0275,0.0438,0.0213,0.008429347917,1.67E-05,0,-0.0201,0.0006,0.001839117116,0.0036273185,-0.0456,-0.0469
1941-02-01,9.92,0.6766666667,1.056666667,0.7837992949,0.0004,0.0278,0.0442,0.0213,0.008616716815,3.33E-05,0,0.002,0.0006,0.002633808393,0.0020135897,-0.0045,-0.0124
1941-03-01,9.96,0.68,1.06,0.8042698827,0.0011,0.028,0.0438,0.0206,0.007853623075,9.17E-05,0.0047281,0.0096,-0.0022,0.001460387797,0.0018550226,0.0092,0.0046
1941-04-01,9.31,0.6833333333,1.07,0.8542496105,0.001,0.0282,0.0433,0.0196,0.008172270577,8.33E-05,0.0093897,0.0129,0.0078,0.001724049378,0.0015840247,-0.0619,-0.0632
1941-05-01,9.35,0.6866666667,1.08,0.8491783533,0.0011,0.0281,0.0432,0.0195,0.008809233417,9.17E-05,0.0069849,0.0027,0.0049,0.001550341357,0.0023032693,0.0137,0.0025
1941-06-01,9.85,0.69,1.09,0.8015267176,0.0012,0.0277,0.0431,0.0191,0.006722403332,1.00E-04,0.0183913,0.0066,0.0063,0.001232626361,0.0022238989,0.059,0.0526
1941-07-01,10.39,0.6933333333,1.123333333,0.7663638481,0.0012,0.0274,0.0428,0.0191,0.00631510511,1.00E-04,0.0045455,0.0022,0.0063,0.001228078719,0.002343917,0.057,0.0555
1941-08-01,10.3,0.6966666667,1.156666667,0.7745428863,0.0013,0.0274,0.0427,0.019,0.01015891756,0.0001083274657,0.0090294,0.0018,0.0034,0.0005092514742,0.0020067334,-0.0012,-0.0099
1941-09-01,10.2,0.7,1.19,0.7782684119,0.001,0.0275,0.043,0.0193,0.00974778028,8.33E-05,0.0178178,-0.0012,0.0048,0.00107176918,0.0026685511,-0.0071,-0.0113
1941-10-01,9.5,0.7033333333,1.18,0.8377185537,0.0009,0.0273,0.0428,0.0182,0.01109876397,7.50E-05,0.0109771,0.014,0.0034,0.00121121565,0.001620696,-0.0641,-0.0654
1941-11-01,9.1,0.7066666667,1.17,0.8608058608,0.0028,0.0272,0.0428,0.0186,0.01043293133,0.0002333061153,0.0086957,-0.0029,-0.0094,0.001248925963,0.0020676588,-0.0245,-0.0417
1941-12-01,8.69,0.71,1.16,0.8895097332,0.0033,0.028,0.0438,0.0204,0.01277699772,0.0002749621944,0.0021622,-0.0177,0.0006,0.006526126765,0.0034469828,-0.0387,-0.046
1942-01-01,8.81,0.7033333333,1.12,0.9021113244,0.0027,0.0283,0.0429,0.0247,0.01181193235,0.0002249746913,0.0128757,0.0069,0.0006,0.002116451316,0.0027011593,0.0211,0.0195
1942-02-01,8.59,0.6966666667,1.08,0.9260649278,0.0025,0.0285,0.0429,0.0247,0.01187391727,0.000208311635,0.0084926,0.0011,-0.0008,0.001240779167,0.0028994323,-0.0182,-0.0252
1942-03-01,8.01,0.69,1.04,1.03486386,0.0025,0.0286,0.043,0.0244,0.01291837928,0.000208311635,0.0126052,0.0092,0.0063,0.003131857378,0.0030109638,-0.0639,-0.0696
1942-04-01,7.66,0.68,1.02,1.080230729,0.0032,0.0283,0.0426,0.0246,0.01394139756,0.0002666311174,0.0062435,-0.0029,0.0006,0.002305064051,0.0033975063,-0.0381,-0.0405
1942-05-01,8.15,0.67,1,1.021015067,0.0037,0.0285,0.0427,0.0243,0.01328921702,0.0003082858084,0.01032,0.0075,0.002,0.001626883087,0.0037664529,0.071,0.0607
1942-06-01,8.3,0.66,0.98,0.9967098897,0.0037,0.0285,0.0433,0.0244,0.01288904356,0.0003082858084,0.0020513,0.0003,0.0034,0.001231768896,0.0032658448,0.0235,0.0168
1942-07-01,8.56,0.6466666667,0.9666666667,0.974271661,0.0038,0.0283,0.043,0.0244,0.01205496528,0.0003166165384,0.00409,0.0018,0.002,0.002104809448,0.0014150598,0.0361,0.0344
1942-08-01,8.62,0.6333333333,0.9533333333,0.9686824038,0.0038,0.0281,0.0428,0.0244,0.007983036672,0.0003166165384,0.0061038,0.0038,0.0035,0.0005864000931,0.0017870239,0.0152,0.0074
1942-09-01,8.85,0.62,0.94,0.9440014664,0.0038,0.028,0.0426,0.0244,0.007027709509,0.0003166165384,0.0020263,0.0003,0.002,0.0005207836445,0.0028007712,0.0325,0.0277
1942-10-01,9.42,0.61,0.97,0.9074889868,0.0038,0.028,0.0424,0.0244,0.005292641988,0.0003166165384,0.0100706,0.0024,0.0006,0.001257900433,0.0031066091,0.0674,0.0659
1942-11-01,9.29,0.6,1,0.8995633188,0.0038,0.0279,0.0425,0.0247,0.005347173963,0.0003166165384,0.005994,-0.0035,0.0006,0.0009711684731,0.0033449369,-0.0035,-0.016
1942-12-01,9.77,0.59,1.03,0.8626465662,0.0038,0.0281,0.0428,0.0246,0.001970714119,0.0003166165384,0.0079365,0.0049,0.0049,0.0008039910407,0.0051009425,0.0571,0.05
1943-01-01,10.47,0.59,1.043333333,0.8213061159,0.0038,0.0279,0.0416,0.0245,0.002039672132,0.0003166165384,0,0.0033,0.0049,0.0007797427542,0.005995311,0.0721,0.0708
1943-02-01,11,0.59,1.056666667,0.7940790995,0.0038,0.0277,0.0408,0.0246,0.002563206462,0.0003166165384,0.0019743,-0.0005,0.0006,0.0008128875752,0.0071307633,0.0582,0.0524
1943-03-01,11.58,0.59,1.07,0.7834809988,0.0038,0.0276,0.0401,0.0247,0.001794762679,0.0003166165384,0.0156559,0.0009,0.002,0.001394026789,0.0073223493,0.0589,0.0547
1943-04-01,11.59,0.59,1.08,0.78978447,0.0038,0.0276,0.0396,0.0246,0.001126342625,0.0003166165384,0.0115831,0.0048,0.0049,0.00238082417,0.0012927987,0.0036,0.0023
1943-05-01,12.11,0.59,1.09,0.7578977192,0.0038,0.0274,0.0391,0.0244,0.000978083931,0.0003166165384,0.0076482,0.005,0.0048,0.001251374704,0.001819385,0.0525,0.0454
1943-06-01,12.35,0.59,1.1,0.7462686567,0.0038,0.0272,0.0388,0.0244,0.001183577997,0.0003166165384,-0.0019066,0.0018,0.0048,0.001312388349,0.0013497331,0.0219,0.0174
1943-07-01,11.68,0.5933333333,1.093333333,0.7795992714,0.0038,0.0269,0.0381,0.0245,0.01246775615,0.0003166165384,-0.0076629,-0.0001,0.0019,0.002291590458,0.001390142,-0.0526,-0.0538
1943-08-01,11.8,0.5966666667,1.086666667,0.7831942615,0.0038,0.0269,0.0381,0.0245,0.01461045717,0.0003166165384,-0.0038536,0.0021,0.0019,0.001759345469,0.0012769185,0.0152,0.0097
1943-09-01,12.08,0.6,1.08,0.7636311733,0.0038,0.0269,0.0383,0.0246,0.01452967019,0.0003166165384,0.0038536,0.0011,0.0005,0.0005916410311,0.0016281149,0.0275,0.0233
1943-10-01,11.92,0.6033333333,1.033333333,0.7737363511,0.0038,0.027,0.0382,0.0247,0.01747710229,0.0003166165384,0.0038388,0.0005,-0.0009,0.0007647067125,0.0013963569,-0.0115,-0.0123
1943-11-01,11.02,0.6066666667,0.9866666667,0.8258084433,0.0038,0.0271,0.0383,0.0248,0.019713817,0.0003166165384,-0.0019175,0,-0.0023,0.00185968051,0.0018240458,-0.0665,-0.0774
1943-12-01,11.67,0.61,0.94,0.7874015748,0.0038,0.0274,0.0382,0.0248,0.01535659036,0.0003166165384,0.0019175,0.0018,0.0049,0.000981949381,0.0019623979,0.0701,0.0649
1944-01-01,11.85,0.6133333333,0.9366666667,0.7787481805,0.0038,0.0272,0.0376,0.0248,0.01716893075,0.0003166165384,-0.0019175,0.0021,0.002,0.0006263216608,0.001496229,0.0184,0.0171
1944-02-01,11.82,0.6166666667,0.9333333333,0.7850330154,0.0038,0.0274,0.0372,0.0247,0.01736140629,0.0003166165384,-0.0019212,0.0032,0.0034,0.0006051392834,0.0018118196,0.0064,0.0002
1944-03-01,12.02,0.62,0.93,0.813886488,0.0038,0.0274,0.037,0.0247,0.01722050828,0.0003166165384,0,0.0021,0.0048,0.0005923861882,0.0015918007,0.0211,0.017
1944-04-01,11.87,0.6233333333,0.9266666667,0.8296013509,0.0038,0.0274,0.0368,0.0248,0.01804048318,0.0003166165384,0.0057527,0.0013,0.0034,0.000718129395,0.002125858,-0.0123,-0.0133
1944-05-01,12.35,0.6266666667,0.9233333333,0.794431946,0.0038,0.0273,0.0363,0.0247,0.01632433824,0.0003166165384,0.0038168,0.0028,0.0005,0.0003390418018,0.0030803806,0.0487,0.0407
1944-06-01,12.98,0.63,0.92,0.7615581615,0.0038,0.0273,0.0359,0.0248,0.0162268326,0.0003166165384,0.001903,0.0008,0.002,0.0007432322702,0.0027429124,0.0541,0.0492
1944-07-01,12.71,0.6333333333,0.9133333333,0.7733899117,0.0038,0.0272,0.0357,0.0247,0.006536863394,0.0003166165384,0.0056872,0.0036,0.0034,0.0008952190091,0.0034641321,-0.0195,-0.0207
1944-08-01,12.82,0.6366666667,0.9066666667,0.7687597796,0.0038,0.0271,0.0355,0.0247,0.006260567847,0.0003166165384,0.0037736,0.0027,0.0034,0.000521215679,0.0030166343,0.0144,0.0079
1944-09-01,12.78,0.64,0.9,0.7723327182,0.0038,0.0272,0.0356,0.0247,0.007000866309,0.0003166165384,0,0.0014,0.0019,0.001095732067,0.0029150307,-0.0007,-0.0031
1944-10-01,12.78,0.64,0.91,0.7711731386,0.0038,0.0272,0.0355,0.0247,0.004704844127,0.0003166165384,0,0.0012,0.0019,0.000670889688,0.0030293988,0.0027,0.0014
1944-11-01,12.83,0.64,0.92,0.7669856784,0.0038,0.0272,0.0353,0.0247,0.003966344517,0.0003166165384,0,0.0024,0.0048,0.0004318284427,0.003448245,0.0173,0.0058
1944-12-01,13.28,0.64,0.93,0.7437635753,0.0038,0.027,0.0349,0.0246,0.0101174142,0.0003166165384,0.0037594,0.0042,0.0149,0.0007935738088,0.0035223172,0.0447,0.041
1945-01-01,13.47,0.6433333333,0.94,0.7353419666,0.0038,0.0269,0.0346,0.024,0.01025134889,0.0003166165384,0,0.0127,0.0076,0.000819120476,0.0040992035,0.0122,0.0111
1945-02-01,14.3,0.6466666667,0.95,0.7044887781,0.0038,0.0265,0.0341,0.0236,0.009120930564,0.0003166165384,-0.0018779,0.0077,0.0046,0.000608911325,0.003660855,0.0694,0.0635
1945-03-01,13.64,0.65,0.96,0.7678826431,0.0038,0.0262,0.0338,0.0236,0.009985263616,0.0003166165384,0,0.0021,0.0018,0.001766458618,0.0040766101,-0.0421,-0.0454
1945-04-01,14.84,0.65,0.9733333333,0.7150628627,0.0038,0.0261,0.0336,0.0228,0.009489510112,0.0003166165384,0.0018779,0.016,0.0018,0.001317291017,0.0033761763,0.0905,0.0894
1945-05-01,15.01,0.65,0.9866666667,0.7029114676,0.0038,0.0262,0.0332,0.0226,0.01388881258,0.0003166165384,0.0074767,0.0056,-0.0011,0.0008698390937,0.0042020594,0.0201,0.0116
1945-06-01,14.96,0.65,1,0.7188430455,0.0038,0.0261,0.0329,0.0217,0.01416376851,0.0003166165384,0.0092679,0.0169,0.0032,0.0007537039339,0.0041469851,0.0016,-0.0006
1945-07-01,14.66,0.6533333333,0.9966666667,0.7263015717,0.0038,0.026,0.0326,0.0224,0.01501259911,0.0003166165384,0.0018433,-0.0086,-0.0011,0.001645989057,0.0037918956,-0.0213,-0.0222
1945-08-01,15.51,0.6566666667,0.9933333333,0.6787538011,0.0038,0.0261,0.0326,0.0223,0.01297915804,0.0003166165384,0,0.0026,0.0004,0.001980381884,0.0036289262,0.0593,0.0534
1945-09-01,16.16,0.66,0.99,0.6568208317,0.0038,0.0262,0.0324,0.0221,0.01187232307,0.0003166165384,-0.00369,0.0054,0.0032,0.001953372768,0.0036217464,0.0461,0.0437
1945-10-01,16.65,0.66,0.98,0.6339764202,0.0038,0.0262,0.032,0.0216,0.01304509089,0.0003166165384,0,0.0104,0.0032,0.0009770329244,0.0038478623,0.0301,0.0291
1945-11-01,17.19,0.66,0.97,0.617883631,0.0038,0.0262,0.0315,0.021,0.01367653344,0.0003166165384,0.00369,0.0125,0.0032,0.001326984439,0.0037386804,0.0449,0.0355
1945-12-01,17.36,0.66,0.96,0.6132393344,0.0038,0.0261,0.031,0.0199,0.02095988247,0.0003166165384,0.0036765,0.0194,0.0133,0.001500640504,0.0043280057,0.0102,0.0079
1946-01-01,18.57,0.6666666667,0.94,0.5780036156,0.0038,0.0254,0.0301,0.0199,0.02428750624,0.0003166165384,0,0.0025,0.0128,0.002646461114,0.0040437412,0.0711,0.0702
1946-02-01,17.28,0.6733333333,0.92,0.6223367878,0.0038,0.0248,0.0295,0.0198,0.02704031984,0.0003166165384,-0.0036765,0.0032,0.0034,0.00590195105,0.0036712804,-0.0654,-0.0701
1946-03-01,18.08,0.68,0.9,0.6148526759,0.0038,0.0247,0.0294,0.0198,0.02794461365,0.0003166165384,0.0073395,0.001,0.0034,0.001432520198,0.0036328539,0.0477,0.0447
1946-04-01,18.76,0.68,0.88,0.5934129709,0.0038,0.0246,0.0296,0.0207,0.02821352096,0.0003166165384,0.0054695,-0.0135,-0.0043,0.00111942245,0.0035045733,0.036,0.035
1946-05-01,19.18,0.68,0.86,0.5780101752,0.0038,0.0251,0.0302,0.0209,0.02938348796,0.0003166165384,0.0054397,-0.0012,0.0019,0.001220765631,0.0031524535,0.0297,0.024
1946-06-01,18.43,0.68,0.84,0.5967318354,0.0038,0.0249,0.0303,0.0206,0.03033118958,0.0003166165384,0.0107915,0.007,0.0019,0.001421310395,0.003061925,-0.0355,-0.0378
1946-07-01,17.96,0.6833333333,0.8566666667,0.6087517365,0.0038,0.0248,0.0303,0.0209,0.03629167148,0.0003166165384,0.0573572,-0.004,-0.0012,0.001668445487,0.0026143444,-0.0274,-0.0285
1946-08-01,16.65,0.6866666667,0.8733333333,0.6485543633,0.0038,0.0251,0.0303,0.0217,0.04004048292,0.0003166165384,0.0217218,-0.0111,-0.0088,0.001882729977,0.0026899157,-0.0684,-0.0731
1946-09-01,14.96,0.69,0.89,0.7116343812,0.0038,0.0258,0.031,0.0219,0.04537646761,0.0003166165384,0.0115038,-0.0009,-0.0026,0.01525719298,0.0026064326,-0.1026,-0.1051
1946-10-01,14.84,0.6966666667,0.9466666667,0.7253916642,0.0038,0.026,0.0315,0.0216,0.04480839799,0.0003166165384,0.0194181,0.0074,0.002,0.005762997166,0.0023753839,-0.0049,-0.006
1946-11-01,14.67,0.7033333333,1.003333333,0.7226999647,0.0038,0.0259,0.0317,0.022,0.04409923546,0.0003166165384,0.0237541,-0.0054,-0.0025,0.003636373737,0.0020257111,-0.0026,-0.0106
1946-12-01,15.3,0.71,1.06,0.6924379233,0.0038,0.0261,0.0317,0.0212,0.05359582588,0.0003166165384,0.0077943,0.0145,0.0113,0.002582115483,0.0017810408,0.0473,0.0424
1947-01-01,15.66,0.7133333333,1.13,0.6800044336,0.0038,0.0257,0.0313,0.0214,0.04821771106,0.0003166165384,0,-0.0006,0.0005,0.002044449206,0.0013295838,0.022,0.021
1947-02-01,15.43,0.7166666667,1.2,0.6858580212,0.0038,0.0255,0.0312,0.0214,0.05037990026,0.0003166165384,-0.001554,0.0021,0.0005,0.00136679675,0.001159422,-0.0083,-0.0152
1947-03-01,15.17,0.72,1.27,0.7415349887,0.0038,0.0255,0.0315,0.0213,0.05086363523,0.0003166165384,0.0215393,0.002,0.0067,0.002306343169,0.00080364625,-0.0151,-0.0178
1947-04-01,14.58,0.7333333333,1.326666667,0.7700421941,0.0038,0.0253,0.0316,0.0217,0.05223221033,0.0003166165384,0,-0.0037,0.002,0.002249971698,0.002775418,-0.0396,-0.0408
1947-05-01,14.45,0.7466666667,1.383333333,0.776366322,0.0038,0.0253,0.0317,0.0216,0.04719290449,0.0003166165384,-0.0030488,0.0033,0.002,0.002486562548,0.0032286132,-0.001,-0.0105
1947-06-01,15.21,0.76,1.44,0.7411167513,0.0038,0.0255,0.0321,0.0216,0.04688774195,0.0003166165384,0.0076046,0.001,0.0004,0.001925993643,0.0038172362,0.054,0.0509
1947-07-01,15.76,0.77,1.476666667,0.7173272191,0.0066,0.0255,0.0318,0.0214,0.04016040663,0.0005498488054,0.0090498,0.0063,0.002,0.001921544328,0.0032049433,0.0396,0.0384
1947-08-01,15.32,0.78,1.513333333,0.7346938776,0.0075,0.0256,0.0317,0.021,0.04292841974,0.0006248047688,0.0104557,0.0081,-0.0071,0.0008315851172,0.0035721715,-0.0231,-0.0291
1947-09-01,15.11,0.79,1.55,0.7403233985,0.008,0.0261,0.0323,0.0213,0.04402956545,0.0006664445432,0.0234959,-0.0044,-0.0131,0.001333189222,0.0043268967,-0.0099,-0.0137
1947-10-01,15.43,0.8066666667,1.57,0.722732523,0.0085,0.027,0.0335,0.0217,0.04254498808,0.0007080825837,0,-0.0037,-0.0099,0.0008398763974,0.0043136224,0.0206,0.0194
1947-11-01,14.99,0.8233333333,1.59,0.7319926466,0.0092,0.0277,0.0344,0.0229,0.04591250021,0.0007663729279,0.0057887,-0.0174,-0.0098,0.0004614795818,0.004494506,-0.0176,-0.0296
1947-12-01,15.3,0.84,1.61,0.725325679,0.0095,0.0286,0.0352,0.0243,0.0291661344,0.0007913534639,0.0129034,-0.0192,0.0024,0.001055066182,0.0047609245,0.0308,0.0253
1948-01-01,14.69,0.8433333333,1.643333333,0.751888304,0.0097,0.0286,0.0352,0.0243,0.03115061975,0.0008080068079,0.0113316,0.002,0.0024,0.001043369311,0.0043871624,-0.0377,-0.0389
1948-02-01,14,0.8466666667,1.676666667,0.7877697842,0.01,0.0285,0.0353,0.0241,0.02907298292,0.0008329863039,-0.0084866,0.0046,0.0039,0.001750167435,0.0049033646,-0.0402,-0.0478
1948-03-01,15.08,0.85,1.71,0.8414221219,0.01,0.0283,0.0353,0.0241,0.02716467548,0.0008329863039,-0.002845,0.0034,0.0115,0.002048819117,0.0058085148,0.0814,0.077
1948-04-01,15.48,0.85,1.76,0.8259930198,0.01,0.0278,0.0347,0.0239,0.0275194873,0.0008329863039,0.0141445,0.0045,0.0038,0.0005120280328,0.0041501792,0.0308,0.0285
1948-05-01,16.69,0.85,1.81,0.7816923561,0.01,0.0276,0.0338,0.0231,0.02557322293,0.0008329863039,0.0069979,0.0141,0.0008,0.001340526079,0.0044591399,0.084,0.0775
1948-06-01,16.74,0.85,1.86,0.7869735036,0.01,0.0276,0.0334,0.0238,0.02436897117,0.0008329863039,0.0069493,-0.0084,-0.0083,0.0008690460632,0.0031442365,0.0077,0.0037
1948-07-01,15.85,0.8566666667,1.93,0.8222577621,0.01,0.0281,0.0337,0.0241,0.02275038537,0.0008329863039,0.0123883,-0.0021,-0.0052,0.002637165554,0.0029631757,-0.0522,-0.0531
1948-08-01,15.97,0.8633333333,2,0.8205382202,0.0106,0.0284,0.0344,0.0242,0.01979733638,0.000882943424,0.0040956,0.0001,0.0055,0.001157020028,0.0028878628,0.0155,0.0081
1948-09-01,15.49,0.87,2.07,0.8362310712,0.0109,0.0284,0.0345,0.0242,0.01968809845,0.0009079210483,0,0.0014,0.0024,0.002288852899,0.0030531024,-0.027,-0.0311
1948-10-01,16.54,0.89,2.143333333,0.7919056724,0.0112,0.0284,0.035,0.0243,0.01869078791,0.0009328980486,-0.0040956,0.0007,0.0024,0.0007869080041,0.0021893158,0.07,0.0669
1948-11-01,14.75,0.91,2.216666667,0.870911215,0.0114,0.0284,0.0353,0.0239,0.01858424327,0.0009495490356,-0.0068634,0.0076,0.0085,0.005997959135,0.0023768242,-0.0983,-0.1099
1948-12-01,15.2,0.93,2.29,0.8409475465,0.0116,0.0279,0.0353,0.0237,0.01502631207,0.0009661997453,-0.0069109,0.0056,0.0131,0.000913858604,0.0016330103,0.036,0.0297
1949-01-01,15.22,0.9466666667,2.32,0.8324028584,0.0117,0.0271,0.0346,0.0233,0.01330503,0.0009745249962,-0.0013879,0.0082,0.0038,0.001289239789,0.0017767354,0.0027,0.0014
1949-02-01,14.62,0.9633333333,2.35,0.8615509072,0.0117,0.0271,0.0345,0.0231,0.01721142412,0.0009745249962,-0.0111733,0.0049,0.0038,0.001333056109,0.0021699988,-0.0316,-0.0415
1949-03-01,15.06,0.98,2.38,0.9017504235,0.0117,0.027,0.0347,0.0227,0.01477183408,0.0009745249962,0.0028051,0.0074,0.0007,0.001053829084,0.0027170669,0.034,0.0293
1949-04-01,14.74,0.9933333333,2.386666667,0.9174997127,0.0117,0.027,0.0345,0.0227,0.01425544233,0.0009745249962,0.0013996,0.0011,0.0023,0.0005220800853,0.0036580641,-0.0187,-0.0217
1949-05-01,14.19,1.006666667,2.393333333,0.9485626039,0.0117,0.0271,0.0345,0.0227,0.01586790628,0.0009745249962,-0.0013996,0.0019,0.0038,0.0009527420626,0.0034218573,-0.0294,-0.0378
1949-06-01,14.16,1.02,2.4,0.9538884243,0.0117,0.0271,0.0347,0.0217,0.01519133003,0.0009745249962,0.0013996,0.0167,0.0084,0.001598541957,0.0040919143,0.0017,-0.0033
1949-07-01,15.04,1.026666667,2.396666667,0.9077989995,0.0102,0.0267,0.0346,0.0216,0.01804205954,0.0008496389546,-0.0070176,0.0033,0.0099,0.0006275723254,0.0036228094,0.0627,0.0617
1949-08-01,15.22,1.033333333,2.393333333,0.8938766372,0.0104,0.0262,0.034,0.021,0.01796956685,0.000866291328,0.0028129,0.0111,0.0037,0.001027214131,0.0037216875,0.0218,0.0117
1949-09-01,15.58,1.04,2.39,0.8750205468,0.0107,0.026,0.0337,0.0212,0.02189404697,0.0008912693681,0.0042046,-0.0011,0.0021,0.001431347224,0.0026298133,0.0274,0.0243
1949-10-01,16.04,1.073333333,2.366666667,0.8425662129,0.0105,0.0261,0.0336,0.0212,0.02138007918,0.0008746174107,-0.0056101,0.0019,0.0067,0.0006110024369,0.0029968918,0.028,0.0267
1949-11-01,16.06,1.106666667,2.343333333,0.833724876,0.0108,0.026,0.0335,0.0212,0.02271765,0.0008995952428,0.0014055,0.0021,0.0021,0.0009380657525,0.0040043923,0.0207,0.0004
1949-12-01,16.76,1.14,2.32,0.7964292839,0.011,0.0258,0.0331,0.0209,0.02649937915,0.0009162467844,-0.0056338,0.0052,-0.0145,0.0004437796058,0.004252018,0.051,0.046
1950-01-01,17.05,1.15,2.336666667,0.7914168195,0.0107,0.0257,0.0324,0.0215,0.02746098581,0.0008912693681,-0.0042463,-0.0061,0.0037,0.0009317335314,0.0044582231,0.0197,0.0182
1950-02-01,17.22,1.16,2.353333333,0.7849980338,0.0112,0.0258,0.0324,0.0214,0.02589902516,0.0009328980486,-0.0028409,0.0021,0.0007,0.000446605787,0.0042464942,0.0196,0.01
1950-03-01,17.29,1.17,2.37,0.8255277845,0.0112,0.0258,0.0324,0.0215,0.02958880226,0.0009328980486,0.0042583,0.0008,0.0022,0.0005652265162,0.00455264,0.0082,0.0035
1950-04-01,18.07,1.18,2.426666667,0.7964974714,0.0115,0.026,0.0323,0.0214,0.02765214467,0.0009578744251,0.0014154,0.003,-0.0008,0.0007022002144,0.0040222115,0.0459,0.0445
1950-05-01,18.78,1.19,2.483333333,0.7613463432,0.0116,0.0261,0.0325,0.0213,0.02973897322,0.0009661997453,0.0042343,0.0033,-0.0008,0.0006487978874,0.0038032122,0.0469,0.0376
1950-06-01,17.69,1.2,2.54,0.8134474678,0.0115,0.0262,0.0328,0.0216,0.0317054399,0.0009578744251,0.005618,-0.0025,0.0023,0.005720321224,0.0041153743,-0.0542,-0.0579
1950-07-01,17.84,1.243333333,2.6,0.8123209169,0.0116,0.0265,0.0332,0.0214,0.03131528783,0.0009661997453,0.0097562,0.0055,0.0069,0.003253218134,0.0043203314,0.017,0.0159
1950-08-01,18.42,1.286666667,2.66,0.7843408494,0.012,0.0261,0.0323,0.0214,0.03065732914,0.0009995003331,0.0082873,0.0014,0.0038,0.001106468291,0.0044526781,0.0481,0.0315
1950-09-01,19.45,1.33,2.72,0.7514578547,0.013,0.0264,0.0321,0.022,0.0270593566,0.001082746951,0.006854,-0.0072,-0.0039,0.001225057852,0.0040318334,0.0595,0.0565
1950-10-01,19.53,1.376666667,2.76,0.7559664015,0.0131,0.0267,0.0322,0.0225,0.02802677384,0.001091071232,0.0054496,-0.0048,-0.0008,0.001693809055,0.003975191,0.0051,0.0034
1950-11-01,19.51,1.423333333,2.8,0.7473637961,0.0136,0.0267,0.0322,0.0224,0.02618926226,0.001132691596,0.0040678,0.0035,0.0054,0.002443047008,0.0048867653,0.0224,-0.0001
1950-12-01,20.41,1.47,2.84,0.7225384419,0.0134,0.0267,0.032,0.0224,0.03186660224,0.001116043658,0.0134411,0.0016,0.0023,0.002384354737,0.0056625153,0.0554,0.051
1951-01-01,21.66,1.486666667,2.836666667,0.6835992445,0.0134,0.0266,0.0317,0.0221,0.02974359001,0.001116043658,0.0158944,0.0058,0.0019,0.001669362222,0.0056360733,0.0651,0.0633
1951-02-01,21.8,1.503333333,2.833333333,0.674866098,0.0136,0.0266,0.0316,0.0228,0.03085788017,0.001132691596,0.0117572,-0.0074,-0.0044,0.0006188358159,0.0055102499,0.0145,0.0042
1951-03-01,21.4,1.52,2.83,0.7813946002,0.014,0.0278,0.0323,0.0241,0.03249461185,0.00116598664,0.0038885,-0.0157,-0.0237,0.001136927713,0.0057490293,-0.0175,-0.0197
1951-04-01,22.43,1.533333333,2.793333333,0.7494307876,0.0147,0.0287,0.0335,0.0248,0.03191643029,0.0012242503,0.0012928,-0.0063,-0.0009,0.0007797598495,0.0044062337,0.0491,0.0479
1951-05-01,21.52,1.546666667,2.756666667,0.7778890447,0.0155,0.0289,0.034,0.0254,0.03056454407,0.001290833183,0.0038685,-0.0069,-0.0015,0.001369726502,0.0039686672,-0.03,-0.0409
1951-06-01,20.96,1.56,2.72,0.8003626772,0.0145,0.0294,0.0349,0.0259,0.03607894323,0.001207603886,-0.0012878,-0.0062,-0.0093,0.00106951181,0.0040645158,-0.0258,-0.0282
1951-07-01,22.4,1.546666667,2.65,0.7531218491,0.0156,0.0294,0.0353,0.0252,0.03245008308,0.001299155732,0.0012878,0.0138,0.0205,0.001355689731,0.0037154163,0.0709,0.07
1951-08-01,23.28,1.533333333,2.58,0.7185938945,0.0162,0.0288,0.035,0.0246,0.03022743237,0.001349089569,0,0.0099,0.0114,0.0005562184006,0.0039216119,0.0502,0.0384
1951-09-01,23.26,1.52,2.51,0.7161823278,0.0163,0.0284,0.0346,0.0253,0.02863319514,0.001357411633,0.0064144,-0.008,-0.0057,0.0002531595212,0.0039337103,0.0029,0.0012
1951-10-01,22.94,1.483333333,2.486666667,0.7402325138,0.0154,0.0289,0.035,0.0254,0.02895170833,0.001282510565,0.0051021,0.001,-0.0145,0.001480320781,0.0038418979,-0.0133,-0.0151
1951-11-01,22.88,1.446666667,2.463333333,0.7432923795,0.0156,0.0296,0.0356,0.0264,0.03144940961,0.001299155732,0.0050762,-0.0136,-0.0061,0.001014943475,0.004017421,0.0114,-0.0026
1951-12-01,23.77,1.41,2.44,0.7213163466,0.0173,0.0301,0.0361,0.0269,0.03599303016,0.001440628463,0.0037903,-0.0061,0.0058,0.000383739163,0.0041468933,0.0418,0.0385
1952-01-01,24.14,1.413333333,2.426666667,0.7174258377,0.0157,0.0298,0.0359,0.0268,0.03505102308,0.001307478211,0,0.0028,0.0199,0.0005085141935,0.0035154761,0.0178,0.0163
1952-02-01,23.26,1.416666667,2.413333333,0.7466933251,0.0154,0.0293,0.0353,0.0269,0.03463166314,0.001282510565,-0.0063251,0.0014,-0.0085,0.0009123250124,0.0036388713,-0.0252,-0.0357
1952-03-01,24.37,1.42,2.4,0.7518741186,0.0159,0.0296,0.0351,0.0263,0.03194560831,0.001324122962,0,0.0111,0.0076,0.000671049325,0.0033227299,0.0528,0.0507
1952-04-01,23.32,1.43,2.38,0.7863990995,0.0157,0.0293,0.035,0.0254,0.03304356178,0.001307478211,0.0037999,0.0171,-0.0004,0.0007196817584,0.0038390162,-0.0414,-0.0433
1952-05-01,23.86,1.44,2.36,0.7705179889,0.0167,0.0293,0.0349,0.0257,0.03194658732,0.001390699196,0.0012634,-0.0033,0.0031,0.0004986053773,0.004511025,0.0337,0.0233
1952-06-01,24.96,1.45,2.34,0.7387150879,0.017,0.0294,0.035,0.0259,0.02767123558,0.001415664141,0.0025221,0.0003,0.0016,0.0003213071731,0.0044307208,0.0478,0.0458
1952-07-01,25.4,1.45,2.346666667,0.724710259,0.0181,0.0295,0.035,0.0261,0.02778373188,0.001507196941,0.0075283,-0.002,0.0016,0.0003431815088,0.0041125604,0.0191,0.0177
1952-08-01,25.03,1.45,2.353333333,0.736620128,0.0183,0.0294,0.0351,0.0267,0.02791643901,0.001523838368,0.0012492,-0.007,0.0063,0.0002686627006,0.003761577,-0.0057,-0.015
1952-09-01,24.54,1.45,2.36,0.7486789106,0.0171,0.0295,0.0352,0.0277,0.03094305369,0.001423985651,-0.0012492,-0.013,-0.0018,0.0004245691272,0.0035043688,-0.0181,-0.0201
1952-10-01,24.52,1.436666667,2.373333333,0.7525164358,0.0174,0.0301,0.0354,0.0269,0.02985283619,0.001448949765,0.0012492,0.0148,0.0039,0.001000069435,0.0035754811,0.0003,-0.0012
1952-11-01,25.66,1.423333333,2.386666667,0.7142353522,0.0185,0.0298,0.0353,0.0272,0.02651990775,0.001540479519,0,-0.0015,0.0108,0.0004427249239,0.0035423516,0.0614,0.0482
1952-12-01,26.57,1.41,2.4,0.6940733128,0.0209,0.0297,0.0351,0.0279,0.0264257239,0.001740151724,-0.0012492,-0.0086,-0.0091,0.0002723020981,0.0034459187,0.0382,0.0357
1953-01-01,26.38,1.41,2.41,0.6991752079,0.0196,0.0302,0.0351,0.0279,0.02580293462,0.001632000895,-0.0025031,0.0012,-0.008,0.0004157590056,0.0033213634,-0.0062,-0.0068
1953-02-01,25.9,1.41,2.42,0.7127027122,0.0197,0.0307,0.0353,0.0287,0.0263677408,0.001640320605,-0.0050251,-0.0087,-0.004,0.0004960076679,0.0031140907,-0.0075,-0.0178
1953-03-01,25.29,1.41,2.43,0.7624968735,0.0201,0.0312,0.0357,0.0294,0.02378571825,0.001673598752,0.0025157,-0.0088,-0.0033,0.000680948625,0.0028973121,-0.0223,-0.0244
1953-04-01,24.62,1.413333333,2.456666667,0.7767060965,0.0219,0.0323,0.0365,0.0303,0.02603887371,0.001823336711,0.0012555,-0.0105,-0.0248,0.00124258379,0.0033969102,-0.0253,-0.0268
1953-05-01,24.54,1.416666667,2.483333333,0.78375202,0.0216,0.0334,0.0378,0.0314,0.027024598,0.001798381941,0.0025063,-0.0148,-0.003,0.0005460484865,0.0028534772,0.0074,-0.0027
1953-06-01,24.14,1.42,2.51,0.795496906,0.0211,0.034,0.0386,0.0301,0.0272284812,0.001756789275,0.0037477,0.0223,0.0109,0.001045264591,0.0028537844,-0.0143,-0.0163
1953-07-01,24.75,1.42,2.523333333,0.7749291888,0.0204,0.0328,0.0386,0.0301,0.02588299702,0.001698556636,0.0024907,0.0039,0.0177,0.000564376258,0.0025605978,0.0262,0.0248
1953-08-01,23.32,1.42,2.536666667,0.8169359161,0.0204,0.0324,0.0385,0.0303,0.02775217541,0.001698556636,0.0024845,-0.0008,-0.0085,0.0006519232459,0.0024851686,-0.05,-0.06
1953-09-01,23.35,1.42,2.55,0.8082108771,0.0179,0.0329,0.0388,0.0284,0.02554023547,0.001490555237,0.0012399,0.0299,0.0253,0.001072440533,0.0026094226,0.0022,0.0001
1953-10-01,24.54,1.43,2.536666667,0.7737210398,0.0138,0.0316,0.0382,0.0281,0.02433851251,0.001149339257,0.0024752,0.0074,0.0227,0.0005715305427,0.0026167199,0.0509,0.0497
1953-11-01,24.76,1.44,2.523333333,0.7584319579,0.0144,0.0311,0.0375,0.0286,0.02543866892,0.001199280575,-0.0037152,-0.0049,-0.0073,0.0004475982321,0.0028678282,0.0238,0.0099
1953-12-01,24.81,1.45,2.51,0.7597009612,0.016,0.0313,0.0374,0.0274,0.02455226,0.001332445234,-0.0012415,0.0206,0.0172,0.0004045968322,0.0027933096,0.0018,-0.0011
1954-01-01,26.08,1.456666667,2.523333333,0.729847122,0.0118,0.0306,0.0371,0.0291,0.0232115355,0.0009828501778,0.0024814,0.0089,0.0124,0.0004818777825,0.0025728274,0.0534,0.0525
1954-02-01,26.15,1.463333333,2.536666667,0.7245195899,0.0097,0.0295,0.0361,0.0279,0.02243826187,0.0008080068079,-0.0012399,0.024,0.0198,0.0003433707211,0.00259655,0.0129,0.0023
1954-03-01,26.94,1.47,2.55,0.8049158183,0.0103,0.0286,0.0351,0.0278,0.02199053882,0.0008579651759,-0.0012415,0.0058,0.0039,0.0003494683683,0.002326738,0.0307,0.0286
1954-04-01,28.26,1.463333333,2.573333333,0.765039301,0.0097,0.0285,0.0347,0.0273,0.02086247136,0.0008080068079,-0.0024876,0.0104,-0.0034,0.000744483298,0.0025692037,0.0481,0.0469
1954-05-01,29.19,1.456666667,2.596666667,0.7459769764,0.0076,0.0288,0.0347,0.0279,0.01848355444,0.0006331328624,0.003729,-0.0087,-0.0042,0.0004667465274,0.0023611898,0.0428,0.0336
1954-06-01,29.21,1.45,2.62,0.732467844,0.0064,0.029,0.0349,0.0272,0.01829614157,0.0005331911617,0.0012399,0.0163,0.0063,0.0009250849184,0.0018383463,0.0024,0.0005
1954-07-01,30.88,1.456666667,2.623333333,0.7021729133,0.0072,0.0289,0.035,0.0266,0.01768878253,0.000599820072,0,0.0134,0.004,0.0006115318488,0.002042287,0.0587,0.0577
1954-08-01,29.83,1.463333333,2.626666667,0.7275163788,0.0092,0.0287,0.0349,0.0269,0.01758194514,0.0007663729279,-0.0012399,-0.0036,0.0018,0.001160609223,0.0019820372,-0.0259,-0.0348
1954-09-01,32.31,1.47,2.63,0.6777451035,0.0101,0.0289,0.0347,0.0271,0.01690767879,0.0008413126639,-0.0024845,-0.001,0.004,0.0007092827668,0.0022077679,0.0826,0.081
1954-10-01,31.68,1.493333333,2.676666667,0.6937581644,0.0098,0.0287,0.0346,0.0271,0.01759344353,0.0008163333759,-0.0024907,0.0006,0.004,0.0005122746779,0.0029143838,-0.0179,-0.0187
1954-11-01,34.24,1.516666667,2.723333333,0.6316415441,0.0093,0.0289,0.0345,0.0274,0.01421611178,0.0007746998426,0.0012461,-0.0025,0.0025,0.001208338917,0.0033198161,0.0958,0.0827
1954-12-01,35.98,1.54,2.77,0.6041197854,0.0115,0.029,0.0345,0.0272,0.02597857883,0.0009578744251,-0.0024938,0.0064,0.0017,0.0008789169232,0.0028454745,0.0542,0.0523
1955-01-01,36.63,1.546666667,2.833333333,0.5975588876,0.0122,0.0293,0.0345,0.0286,0.02529413345,0.001016150211,0,-0.0241,-0.0097,0.002518386099,0.0027903739,0.0181,0.0176
1955-02-01,36.76,1.553333333,2.896666667,0.5931483235,0.0117,0.0293,0.0347,0.0292,0.02698211906,0.0009745249962,0,-0.0078,-0.0063,0.00069590616,0.0024695423,0.0135,0.0055
1955-03-01,36.58,1.56,2.96,0.6077617769,0.0128,0.0302,0.0348,0.0288,0.02695074285,0.001066098182,0,0.0087,0.0092,0.002478066844,0.0028220555,-0.0022,-0.0038
1955-04-01,37.96,1.563333333,3.046666667,0.5849876659,0.0159,0.0301,0.0349,0.029,0.025399714,0.001324122962,0,0.0001,-0.0001,0.000635587451,0.0012310804,0.0398,0.0388
1955-05-01,37.91,1.566666667,3.133333333,0.5860754131,0.0145,0.0304,0.035,0.0287,0.02437370645,0.001207603886,0,0.0073,-0.0018,0.0007088124223,0.0014133625,0.0064,-0.0011
1955-06-01,41.03,1.57,3.22,0.5516416323,0.0141,0.0305,0.0351,0.0293,0.02439076702,0.001174310228,0,-0.0076,0.0029,0.0006633295682,0.00045419824,0.0814,0.08
1955-07-01,43.52,1.586666667,3.293333333,0.5345068155,0.016,0.0306,0.0352,0.03,0.02382059405,0.001332445234,0.0037383,-0.0102,-0.0041,0.00219271647,0.00064126365,0.0577,0.0571
1955-08-01,43.18,1.603333333,3.366666667,0.5318467256,0.019,0.0311,0.0356,0.0301,0.02574236285,0.001582081183,-0.0024907,0.0004,-0.0038,0.001142418858,0.00057374836,-0.0006,-0.0083
1955-09-01,43.67,1.62,3.44,0.5336247911,0.0207,0.0313,0.0359,0.0298,0.02477461042,0.001723513896,0.0037337,0.0073,0.0076,0.005775045921,0.00020638789,0.0113,0.0101
1955-10-01,42.34,1.626666667,3.5,0.5474091499,0.0223,0.031,0.0359,0.0292,0.02424086819,0.001856608768,0,0.0144,0.0078,0.002683211698,0.00063240877,-0.0304,-0.031
1955-11-01,45.51,1.633333333,3.56,0.5152505897,0.0224,0.031,0.0358,0.0295,0.02518943688,0.00186492661,0.0012415,-0.0045,-0.003,0.001978145153,0.00037276775,0.0878,0.0751
1955-12-01,45.48,1.64,3.62,0.5098280098,0.0254,0.0315,0.0362,0.0295,0.02524510428,0.002114429684,-0.0024845,0.0037,0.0063,0.0004752796407,0.00024379918,-0.0003,-0.0017
1956-01-01,43.82,1.67,3.643333333,0.5289544122,0.0241,0.0311,0.036,0.0292,0.0264179213,0.002006319328,-0.0012446,0.0083,0.0104,0.001185877209,-0.00039753293,-0.035,-0.0362
1956-02-01,45.34,1.7,3.666666667,0.514835108,0.0232,0.0308,0.0358,0.0293,0.02418398346,0.00193146685,0,-0.0002,0.0026,0.00112009821,0.0003637531,0.0414,0.0345
1956-03-01,48.48,1.73,3.69,0.5310771996,0.0225,0.031,0.036,0.0303,0.02665493078,0.001873244382,0.0012446,-0.0149,-0.0146,0.001045278687,0.00074149788,0.0704,0.0693
1956-04-01,48.38,1.753333333,3.66,0.5266217159,0.026,0.0324,0.0368,0.0311,0.02616623177,0.002164322829,0.001243,-0.0113,-0.0115,0.0008190860804,0.0004518148,-0.0006,-0.0014
1956-05-01,45.2,1.776666667,3.63,0.5685597741,0.0261,0.0328,0.0373,0.0299,0.02910581714,0.002172638112,0.0049566,0.0225,0.0052,0.001830250387,0.00050480841,-0.0584,-0.066
1956-06-01,46.97,1.8,3.6,0.5515645927,0.0249,0.0326,0.0376,0.0299,0.02546054782,0.002072850161,0.0061614,0.0027,-0.0018,0.00112744865,0.00093993644,0.0389,0.0378
1956-07-01,49.39,1.813333333,3.553333333,0.5249029567,0.0231,0.0328,0.038,0.0313,0.02461857051,0.001923149562,0.007344,-0.0209,-0.0093,0.0005000910315,0.0010155226,0.0514,0.0506
1956-08-01,47.51,1.826666667,3.506666667,0.5413911242,0.026,0.0343,0.0393,0.0325,0.02364777046,0.002164322829,-0.0012203,-0.0187,-0.0208,0.00125587672,0.0010104698,-0.0328,-0.04
1956-09-01,45.35,1.84,3.46,0.5719095213,0.0284,0.0356,0.0407,0.0324,0.02912990642,0.002363870522,0.0012203,0.005,0.0012,0.000765547412,0.0013593543,-0.044,-0.0451
1956-10-01,45.58,1.806666667,3.443333333,0.5664270084,0.029,0.0359,0.0417,0.0329,0.02918481916,0.002413751224,0.006079,-0.0054,-0.0105,0.001576790065,0.0012720931,0.0067,0.0053
1956-11-01,45.08,1.773333333,3.426666667,0.5748974153,0.0299,0.0369,0.0424,0.0333,0.02683882354,0.002488567612,0,-0.0057,-0.0126,0.001752675883,0.0015415947,-0.0019,-0.0112
1956-12-01,46.67,1.74,3.41,0.5441768274,0.0321,0.0375,0.0437,0.0345,0.025968701,0.002671428555,0.0024213,-0.0179,-0.0082,0.0009876286835,0.00096984129,0.0363,0.0344
1957-01-01,44.72,1.736666667,3.406666667,0.5672426747,0.0311,0.0377,0.0449,0.0328,0.02764381423,0.00258831409,0.0012085,0.0346,0.0197,0.0009116290932,0.0007385817,-0.0403,-0.0416
1957-02-01,43.26,1.733333333,3.403333333,0.5849941888,0.031,0.0367,0.0447,0.0328,0.02976924649,0.002580002263,0.0036166,0.0025,0.0093,0.001031369535,0.00082731425,-0.0249,-0.0328
1957-03-01,44.11,1.73,3.4,0.5998188749,0.0308,0.0366,0.0443,0.0331,0.02625237305,0.002563378403,0.0024038,-0.0024,0.005,0.0003849691598,0.0010540988,0.0238,0.0207
1957-04-01,45.74,1.73,3.406666667,0.5760983898,0.0307,0.0367,0.0444,0.0345,0.02708431873,0.002555066369,0.003595,-0.0222,-0.0066,0.000284356185,0.0021421117,0.0464,0.0451
1957-05-01,47.43,1.73,3.413333333,0.5640385796,0.0306,0.0374,0.0452,0.0348,0.02858925005,0.002546754267,0.0023895,-0.0023,-0.0075,0.000489974866,0.0024221896,0.0387,0.0331
1957-06-01,47.37,1.73,3.42,0.5658765324,0.0329,0.0391,0.0463,0.0361,0.0303509904,0.002737915154,0.0059489,-0.018,-0.0322,0.0005022666435,0.0021760295,-0.0008,-0.0037
1957-07-01,47.91,1.74,3.436666667,0.5600566349,0.0316,0.0399,0.0473,0.0365,0.03213927056,0.002629872186,0.0047337,-0.0041,-0.011,0.0005792108978,0.0016312095,0.0097,0.0081
1957-08-01,45.22,1.75,3.453333333,0.5880045422,0.0337,0.041,0.0482,0.0367,0.03563529321,0.002804397333,0.0011799,0.0002,-0.0009,0.002151610667,0.0013495821,-0.0489,-0.0541
1957-09-01,42.42,1.76,3.47,0.624150778,0.0353,0.0412,0.0493,0.0364,0.03411009376,0.002937348432,0.0011786,0.0076,0.0095,0.00159603055,0.0011169848,-0.0579,-0.0607
1957-10-01,41.06,1.77,3.436666667,0.6457464176,0.0358,0.041,0.0499,0.0369,0.03819797895,0.002978892026,0,-0.005,0.0023,0.004605280724,0.001123013,-0.0386,-0.0403
1957-11-01,41.72,1.78,3.403333333,0.6330717763,0.0331,0.0408,0.0509,0.034,0.04075516366,0.002754536113,0.0035273,0.0533,0.0311,0.003303789157,0.00080408554,0.0236,0.0163
1957-12-01,39.99,1.79,3.37,0.6536757786,0.0304,0.0381,0.0503,0.0323,0.03465249582,0.002530129854,0,0.0307,0.0685,0.001262444821,0.0006679271,-0.0375,-0.0411
1958-01-01,41.7,1.783333333,3.293333333,0.6328607617,0.0244,0.036,0.0483,0.033,0.02983817357,0.002031268909,0.0058514,-0.0084,0.0099,0.0007500461183,0.00029026727,0.0459,0.0447
1958-02-01,40.84,1.776666667,3.216666667,0.6473904346,0.0153,0.0359,0.0466,0.0325,0.02764914977,0.001274187878,0.0011662,0.01,-0.0008,0.0007199669308,0.00063030591,-0.014,-0.0202
1958-03-01,42.1,1.77,3.14,0.6685916376,0.013,0.0363,0.0468,0.0321,0.02876328131,0.001082746951,0.0069687,0.0102,-0.0046,0.0005198218293,0.00018732113,0.0331,0.0298
1958-04-01,43.44,1.756666667,3.07,0.6552450314,0.0113,0.036,0.0467,0.0311,0.02693956372,0.0009412235768,0.0023121,0.0186,0.0163,0.0007561236095,0.00059178144,0.0334,0.032
1958-05-01,44.09,1.743333333,3,0.6455586773,0.0091,0.0357,0.0462,0.0313,0.02276365631,0.0007580459439,0,0.0001,0.0031,0.0004004195909,0.00033967296,0.0213,0.0155
1958-06-01,45.24,1.73,2.93,0.6246601698,0.0083,0.0357,0.0455,0.0324,0.02125508395,0.0006914275755,0.0011541,-0.016,-0.0038,0.0006424747689,0.00075771817,0.028,0.0249
1958-07-01,47.19,1.73,2.913333333,0.5938487843,0.0091,0.0367,0.0453,0.0343,0.01679009888,0.0007580459439,0.0011527,-0.0278,-0.0153,0.0006255062336,0.00094813929,0.044,0.0425
1958-08-01,47.75,1.73,2.896666667,0.5872638264,0.0169,0.0385,0.0467,0.0371,0.01488610324,0.001407342562,-0.0011527,-0.0435,-0.032,0.0005620269912,0.0012465824,0.0179,0.0131
1958-09-01,50.06,1.73,2.88,0.5613711966,0.0244,0.0409,0.0487,0.038,0.01384950739,0.002031268909,0,-0.0117,-0.0096,0.0005244740113,0.0013977792,0.0508,0.0479
1958-10-01,51.33,1.736666667,2.883333333,0.5498692979,0.0263,0.0411,0.0492,0.0374,0.01210318707,0.002189268469,0,0.0138,0.0107,0.0008013423277,0.0011634523,0.0277,0.0262
1958-11-01,52.48,1.743333333,2.886666667,0.5358231981,0.0267,0.0409,0.0487,0.0368,0.01141169292,0.002222528353,0.0011527,0.012,0.0105,0.001561183614,0.0015285202,0.0285,0.0233
1958-12-01,55.21,1.75,2.89,0.5117793198,0.0277,0.0408,0.0485,0.0382,0.02348824721,0.002305673225,-0.0011527,-0.0181,-0.0058,0.00072980349,0.0015858124,0.0539,0.0512
1959-01-01,55.42,1.756666667,2.963333333,0.5028958179,0.0282,0.0412,0.0487,0.0408,0.02756634312,0.002347243068,0.0011527,-0.008,-0.0028,0.0005744219157,0.0017223872,0.0064,0.0055
1959-02-01,55.41,1.763333333,3.036666667,0.4949461475,0.027,0.0414,0.0489,0.0402,0.02775097908,0.00224747254,-0.0011527,0.0117,0.0126,0.0008507037766,0.001945027,0.0068,0.0023
1959-03-01,55.44,1.77,3.11,0.5168602815,0.028,0.0413,0.0485,0.0403,0.02483264991,0.002330615338,0,0.0017,-0.0083,0.000487053007,0.0017683065,0.0032,0.0007
1959-04-01,57.59,1.776666667,3.206666667,0.4985971944,0.0295,0.0423,0.0486,0.0414,0.02421196236,0.002455316575,0.0011527,-0.0117,-0.0172,0.0004979547245,0.0013570631,0.0401,0.0391
1959-05-01,58.68,1.783333333,3.303333333,0.4830767797,0.0284,0.0437,0.0496,0.0417,0.0257211255,0.002363870522,0.0011514,-0.0005,-0.0114,0.0004257159869,0.0019126436,0.0235,0.0189
1959-06-01,58.47,1.79,3.4,0.4832193909,0.0321,0.0446,0.0504,0.0419,0.02677493053,0.002671428555,0.0045924,0.001,0.0044,0.000901644007,0.0019170919,-0.0009,-0.0033
1959-07-01,60.51,1.796666667,3.41,0.4608226648,0.032,0.0447,0.0508,0.0417,0.02694799,0.002663117419,0.0022883,0.006,0.0089,0.0004757615466,0.0015859289,0.0343,0.0333
1959-08-01,59.6,1.803333333,3.42,0.4680844659,0.0338,0.0443,0.0509,0.0423,0.02798902842,0.002812707294,-0.0011435,-0.0041,-0.0068,0.001172561587,0.0014395527,-0.0111,-0.0152
1959-09-01,56.88,1.81,3.43,0.4923378926,0.0404,0.0452,0.0518,0.0429,0.03032663932,0.003361012132,0.0034266,-0.0057,-0.0088,0.001665486494,0.0013970167,-0.0431,-0.0455
1959-10-01,57.52,1.816666667,3.416666667,0.4809774204,0.0405,0.0457,0.0528,0.0421,0.03081196893,0.00336931747,0.0034149,0.015,0.0165,0.0006101259655,0.0013316314,0.0125,0.0114
1959-11-01,58.28,1.823333333,3.403333333,0.4717982949,0.0415,0.0456,0.0526,0.0432,0.02945230732,0.00345236705,0,-0.0119,0.0135,0.0005000320657,0.0015158997,0.0184,0.013
1959-12-01,59.89,1.83,3.39,0.4577837965,0.0449,0.0458,0.0528,0.0447,0.02266657147,0.003734684044,0,-0.0159,-0.0096,0.0003065530058,0.0009753718,0.0296,0.0269
1960-01-01,55.61,1.866666667,3.39,0.499502104,0.0435,0.0461,0.0534,0.0441,0.02192001024,0.003618445523,-0.001137,0.0112,0.0107,0.0009205676391,0.00088855224,-0.07,-0.0709
1960-02-01,56.12,1.903333333,3.39,0.4935567828,0.0396,0.0456,0.0534,0.0429,0.02385649769,0.003294566949,0.001137,0.0204,0.0128,0.001153414053,0.00066084815,0.0137,0.0089
1960-03-01,55.34,1.94,3.39,0.549798083,0.0331,0.0449,0.0525,0.0411,0.02539928946,0.002754536113,0,0.0282,0.0191,0.0009282958014,0.00036098225,-0.0126,-0.0153
1960-04-01,54.37,1.943333333,3.346666667,0.5634036895,0.0323,0.0445,0.052,0.0426,0.02537349625,0.002688050619,0.0056657,-0.017,-0.0022,0.0006472926534,0.00012148666,-0.0162,-0.0172
1960-05-01,55.83,1.946666667,3.303333333,0.5419664269,0.0329,0.0446,0.0528,0.0417,0.0243281069,0.002737915154,0,0.0152,-0.0021,0.0004140778659,-3.58E-05,0.0334,0.0282
1960-06-01,56.92,1.95,3.26,0.5291748619,0.0246,0.0445,0.0526,0.0407,0.02418053076,0.002047901617,0.0022573,0.0173,0.0141,0.000506072159,-4.22E-06,0.022,0.0194
1960-07-01,55.51,1.95,3.263333333,0.5496732768,0.023,0.0441,0.0522,0.0382,0.02568768103,0.001914832205,0,0.0368,0.0257,0.0009468085245,-0.00044859757,-0.023,-0.0238
1960-08-01,56.96,1.95,3.266666667,0.5415421972,0.023,0.0428,0.0508,0.039,0.02512979092,0.001914832205,0,-0.0067,0.0117,0.0006473358702,-0.00077142974,0.0315,0.0263
1960-09-01,53.52,1.95,3.27,0.5843417106,0.0248,0.0425,0.0501,0.0387,0.02823779473,0.002064534049,0.0011268,0.0075,-0.0063,0.001731848315,-0.0011943574,-0.0586,-0.0609
1960-10-01,53.39,1.95,3.27,0.5841202013,0.023,0.043,0.0511,0.0391,0.0277926463,0.001914832205,0.0044944,-0.0028,0.0008,0.001010718643,-0.0008968794,-0.0012,-0.0025
1960-11-01,55.54,1.95,3.27,0.5676300191,0.0237,0.0431,0.0508,0.0399,0.02607003686,0.001973052252,0.0011204,-0.0066,-0.007,0.0006497256485,-0.00095527831,0.0459,0.0398
1960-12-01,58.11,1.95,3.27,0.5504229651,0.0225,0.0435,0.051,0.038,0.02274001563,0.001873244382,0,0.0279,0.0104,0.0004407728883,-0.0013625136,0.0488,0.0465
1961-01-01,61.78,1.946666667,3.21,0.5229867325,0.0224,0.0432,0.051,0.0404,0.02180299023,0.00186492661,0,-0.0107,0.0148,0.0007280088864,-0.0013306273,0.0642,0.0631
1961-02-01,63.44,1.943333333,3.15,0.5120227163,0.0242,0.0427,0.0507,0.0392,0.01942119524,0.002014635924,0,0.02,0.021,0.0005388487997,-0.0012541776,0.0328,0.0286
1961-03-01,65.06,1.94,3.09,0.5466798694,0.0239,0.0422,0.0502,0.0397,0.02278599921,0.001989685928,0,-0.0037,-0.0029,0.0004148079198,-0.0012149657,0.0293,0.027
1961-04-01,65.31,1.94,3.07,0.5450044938,0.0229,0.0425,0.0501,0.0391,0.02328506879,0.001906514779,0,0.0115,-0.0116,0.0009741380147,-0.0015040745,0.0046,0.0039
1961-05-01,66.56,1.94,3.05,0.5309162935,0.0229,0.0427,0.0501,0.0397,0.02249276653,0.001906514779,0,-0.0046,0.0049,0.0004108671289,-0.0014627354,0.0235,0.0188
1961-06-01,64.64,1.94,3.03,0.5408211006,0.0233,0.0433,0.0503,0.0404,0.02251497022,0.001939784068,0.0011192,-0.0075,-0.008,0.0005423773431,-0.0011481273,-0.0267,-0.0287
1961-07-01,66.76,1.946666667,3.036666667,0.5244056311,0.0224,0.0441,0.0509,0.0404,0.0252250081,0.00186492661,0.0044643,0.0035,0.004,0.0006255795093,-0.0015422544,0.0338,0.0331
1961-08-01,68.07,1.953333333,3.043333333,0.5137928161,0.0239,0.0445,0.0511,0.041,0.02546005122,0.001989685928,-0.0011142,-0.0038,-0.0018,0.000398869537,-0.0019986084,0.0248,0.0196
1961-09-01,66.73,1.96,3.05,0.5275167211,0.0228,0.0445,0.0512,0.0403,0.02554827114,0.001898197283,0.0022272,0.0129,0.0144,0.0008114446723,-0.0022923683,-0.0187,-0.0205
1961-10-01,68.62,1.98,3.096666667,0.5254858507,0.023,0.0442,0.0513,0.04,0.02640155433,0.001914832205,0,0.0071,0.0127,0.0002710529913,-0.0020361304,0.0283,0.0269
1961-11-01,71.32,2,3.143333333,0.5126108647,0.0248,0.0439,0.0511,0.0404,0.02610748661,0.002064534049,0,-0.002,0.0028,0.0003681562434,-0.0020734466,0.0451,0.0392
1961-12-01,71.55,2.02,3.19,0.5059222584,0.026,0.0442,0.051,0.0415,0.0229194033,0.002164322829,0,-0.0125,-0.0026,0.0003515568814,-0.0022107435,0.0047,0.0035
1962-01-01,68.84,2.026666667,3.25,0.5284285714,0.0272,0.0442,0.0508,0.0419,0.02530242563,0.002264101653,0,-0.0014,0.008,0.0008078344318,-0.0022987448,-0.0374,-0.0387
1962-02-01,69.96,2.033333333,3.31,0.522420733,0.0273,0.0442,0.0507,0.0414,0.02939350101,0.002272416106,0.0022222,0.0103,0.0052,0.0002628511301,-0.0022097278,0.0206,0.0161
1962-03-01,69.55,2.04,3.37,0.5457245916,0.0272,0.0439,0.0504,0.0398,0.02469778343,0.002264101653,0.0022173,0.0253,0.0151,0.000280061752,-0.0028841357,-0.0038,-0.0051
1962-04-01,65.24,2.046666667,3.403333333,0.5798626246,0.0273,0.0433,0.0502,0.0394,0.02580698292,0.002272416106,0.0022124,0.0082,0.0142,0.001010617516,-0.0023948455,-0.0618,-0.0625
1962-05-01,59.63,2.053333333,3.436666667,0.6289943915,0.0269,0.0428,0.05,0.0393,0.02836645015,0.00223915788,0,0.0046,0,0.009832447014,-0.0029059114,-0.0799,-0.0856
1962-06-01,54.75,2.06,3.47,0.6873574686,0.0273,0.0428,0.0502,0.0401,0.02709096508,0.002272416106,0,-0.0076,-0.0026,0.006018394973,-0.0027952766,-0.0807,-0.0822
1962-07-01,58.23,2.066666667,3.49,0.6452260298,0.0292,0.0434,0.0505,0.0412,0.03036734838,0.002430377572,0.0022075,-0.0109,-0.0015,0.001816828401,-0.0025626272,0.0653,0.064
1962-08-01,59.12,2.073333333,3.51,0.6333103516,0.0282,0.0435,0.0506,0.0401,0.02921036391,0.002347243068,0,0.0187,0.0143,0.0008019520594,-0.0027495972,0.0217,0.0158
1962-09-01,56.27,2.08,3.53,0.6663442606,0.0278,0.0432,0.0503,0.0398,0.02986553784,0.002313987332,0.0054975,0.0061,0.0089,0.001176997751,-0.0029218017,-0.0488,-0.0503
1962-10-01,56.52,2.096666667,3.576666667,0.654153314,0.0274,0.0428,0.0499,0.0395,0.02738095285,0.002280730489,-0.0010971,0.0084,0.0068,0.003452108106,-0.0022837634,0.0083,0.0064
1962-11-01,62.26,2.113333333,3.623333333,0.5941783459,0.0283,0.0425,0.0496,0.0396,0.02419829824,0.00235555683,0,0.0021,0.0062,0.001274783024,-0.002819534,0.1083,0.1005
1962-12-01,63.1,2.13,3.67,0.5916270511,0.0287,0.0424,0.0492,0.0395,0.01932095156,0.002388811184,-0.0010983,0.0035,0.0023,0.000543882278,-0.0027965748,0.0155,0.014
1963-01-01,66.2,2.136666667,3.683333333,0.5649849894,0.0291,0.0421,0.0491,0.0398,0.01652627874,0.002422064432,0.0010983,-0.0001,0.0059,0.0006997699358,-0.0030502697,0.0504,0.049
1963-02-01,64.29,2.143333333,3.696666667,0.5819531179,0.0292,0.0419,0.0489,0.04,0.01260892671,0.002430377572,0.0010971,0.0008,0.0023,0.0003921329246,-0.0030897221,-0.0242,-0.0292
1963-03-01,66.57,2.15,3.71,0.5875285706,0.0289,0.0419,0.0488,0.0401,0.01375275164,0.002405437946,0.0010959,0.0009,0.0026,0.0003599355191,-0.0029958802,0.0366,0.0352
1963-04-01,69.8,2.166666667,3.753333333,0.5587292741,0.029,0.0421,0.0487,0.0405,0.01459954972,0.002413751224,0,-0.0012,-0.0051,0.0003221604017,-0.0026662205,0.0491,0.0482
1963-05-01,70.8,2.183333333,3.796666667,0.5516121932,0.0293,0.0422,0.0485,0.0406,0.01409716716,0.002438690642,0,0.0023,0.0048,0.0003036557357,-0.0027292359,0.0197,0.0138
1963-06-01,69.37,2.2,3.84,0.5672815754,0.0299,0.0423,0.0484,0.0407,0.01778113882,0.002488567612,0.0043716,0.0019,0.0043,0.000261098355,-0.0027715822,-0.0186,-0.0198
1963-07-01,69.13,2.203333333,3.88,0.5766216585,0.0318,0.0426,0.0484,0.0407,0.009463240824,0.002646494941,0.0043526,0.0031,0.0028,0.0005297970861,-0.0020389843,-0.0018,-0.0031
1963-08-01,72.5,2.206666667,3.92,0.5498272363,0.0332,0.0429,0.0483,0.0408,0.009656919023,0.002762846489,0,0.0021,0.0035,0.0003269086181,-0.0019554685,0.0535,0.0485
1963-09-01,71.7,2.21,3.96,0.5472236248,0.0338,0.0431,0.0484,0.041,0.01045863846,0.002812707294,0,0.0004,-0.0023,0.0003299102677,-0.0015243919,-0.0104,-0.0116
1963-10-01,74.01,2.233333333,3.98,0.5309640772,0.0345,0.0432,0.0483,0.0415,0.01037069951,0.002870875092,0.0010852,-0.0026,0.0049,0.0005035319009,-0.0017563594,0.0348,0.0333
1963-11-01,73.23,2.256666667,4,0.5342962213,0.0352,0.0433,0.0484,0.0414,0.006039843496,0.002929039506,0.001084,0.0051,0.0015,0.00311016573,-0.0017575761,-0.0045,-0.0111
1963-12-01,75.02,2.28,4.02,0.5255914542,0.0352,0.0435,0.0485,0.0417,0.00893838699,0.002929039506,0.0021645,-0.0006,-0.0034,0.0002735666686,-0.0014968686,0.0261,0.0247
1964-01-01,77.04,2.296666667,4.073333333,0.5106068709,0.0352,0.0439,0.0483,0.0421,0.01426220307,0.002929039506,0.0010805,-0.0014,0.0087,0.0001833411136,-0.0017279613,0.0274,0.0264
1964-02-01,77.8,2.313333333,4.126666667,0.5011622966,0.0353,0.0436,0.0483,0.0424,0.01728873353,0.002937348432,-0.0010805,-0.0011,0.0054,7.17E-05,-0.0014884159,0.017,0.0122
1964-03-01,78.98,2.33,4.18,0.5236754417,0.0354,0.0438,0.0483,0.0424,0.01768604169,0.002945657289,0.0010805,0.0037,-0.0062,0.0001147113777,-0.0018579462,0.0172,0.0158
1964-04-01,79.46,2.346666667,4.23,0.5253031069,0.0347,0.044,0.0485,0.0423,0.02066735648,0.002887493841,0.0010793,0.0047,0.004,0.0002547551435,-0.0019835029,0.0062,0.0053
1964-05-01,80.37,2.363333333,4.28,0.5190357804,0.0348,0.0441,0.0485,0.0422,0.02102370833,0.002895803112,0,0.005,0.0057,0.0002257770945,-0.0019289225,0.0168,0.0115
1964-06-01,81.69,2.38,4.33,0.5122068551,0.0348,0.0441,0.0485,0.0419,0.02034544066,0.002895803112,0.0021552,0.0069,0.0048,0.0003978509298,-0.0019886295,0.0181,0.0168
1964-07-01,83.18,2.4,4.376666667,0.5063607181,0.0346,0.044,0.0483,0.0421,0.02114920956,0.002879184501,0.0021505,0.0008,0.0052,0.0001989066637,-0.0022379109,0.0189,0.018
1964-08-01,81.83,2.42,4.423333333,0.5079429444,0.035,0.0441,0.0482,0.0423,0.02056510109,0.002912421447,-0.0010747,0.002,0.0037,0.0004259262641,-0.0018720556,-0.0116,-0.0163
1964-09-01,84.18,2.44,4.47,0.4865371214,0.0353,0.0442,0.0482,0.0421,0.02029283396,0.002937348432,0.0021482,0.005,0.0021,0.0001704974308,-0.0019531682,0.0304,0.029
1964-10-01,84.86,2.46,4.496666667,0.4878132588,0.0357,0.0442,0.0481,0.0421,0.02001592319,0.002970583445,0.0010724,0.0043,0.005,0.0001870438501,-0.0022257355,0.0087,0.0076
1964-11-01,84.42,2.48,4.523333333,0.4865037753,0.0364,0.0443,0.0481,0.0422,0.01906168483,0.00302874206,0.0021413,0.0017,-0.0004,0.0002128658552,-0.0024802459,0.0016,-0.0046
1964-12-01,84.75,2.5,4.55,0.4872273003,0.0384,0.0444,0.0481,0.0423,0.02305375693,0.003194890897,0.0010689,0.003,0.0088,0.0003512131937,-0.0023805734,0.0052,0.0038
1965-01-01,87.56,2.516666667,4.593333333,0.4717231907,0.0381,0.0443,0.048,0.0422,0.01788648586,0.003169970331,0,0.004,0.0081,0.0001658127987,-0.0022007442,0.0348,0.0338
1965-02-01,87.43,2.533333333,4.636666667,0.4713994776,0.0393,0.0441,0.0478,0.0424,0.01481302106,0.003269648868,0,0.0014,0.0009,0.0003931965172,-0.0022017761,0.0037,-0.0009
1965-03-01,86.16,2.55,4.68,0.469489905,0.0393,0.0442,0.0478,0.0422,0.01914726689,0.003269648868,0.0010678,0.0054,0.0012,0.0001446202924,-0.0021373681,-0.0122,-0.0137
1965-04-01,89.11,2.57,4.733333333,0.4525593347,0.0393,0.0443,0.048,0.0422,0.01471308296,0.003269648868,0.0031966,0.0036,0.0021,0.0001627596792,-0.0021429735,0.0356,0.0348
1965-05-01,88.42,2.59,4.786666667,0.4546642848,0.0389,0.0444,0.0481,0.0423,0.01631873267,0.003236423793,0.0021254,0.0018,-0.0008,0.0003337640223,-0.0025656153,-0.0031,-0.0084
1965-06-01,84.12,2.61,4.84,0.4808589565,0.038,0.0446,0.0485,0.0423,0.01755078032,0.003161663338,0.0052938,0.0047,0.0003,0.001829374495,-0.0023808197,-0.0469,-0.0484
1965-07-01,85.25,2.626666667,4.886666667,0.4733821762,0.0384,0.0448,0.0488,0.0424,0.01564360057,0.003194890897,0.0010554,0.0022,0.0019,0.0005218656927,-0.0019181837,0.0145,0.0137
1965-08-01,87.17,2.643333333,4.933333333,0.4673608778,0.0384,0.0449,0.0488,0.0428,0.01560266139,0.003194890897,-0.0021119,-0.0013,-0.0006,0.0001075343609,-0.0017357486,0.0276,0.0225
1965-09-01,89.96,2.66,4.98,0.4485374713,0.0392,0.0452,0.0491,0.0433,0.01684003611,0.003261342702,0.0021119,-0.0034,-0.0015,0.0002991012386,-0.0013951451,0.0334,0.032
1965-10-01,92.42,2.68,5.05,0.4344205991,0.0403,0.0456,0.0493,0.0433,0.01747301139,0.003352706726,0.0010543,0.0027,0.0046,0.0001883791213,-0.00099855407,0.0288,0.0277
1965-11-01,91.61,2.7,5.12,0.4408953111,0.0409,0.046,0.0495,0.0441,0.02077075111,0.00340253813,0.0021053,-0.0062,-0.0057,0.0001414188576,-0.0010197298,-0.0038,-0.0103
1965-12-01,92.43,2.72,5.19,0.4306378062,0.0438,0.0468,0.0502,0.045,0.02076851254,0.003643354915,0.0031496,-0.0078,-0.0149,0.0003013655295,-0.00081288747,0.0103,0.0091
1966-01-01,92.88,2.74,5.24,0.4243983284,0.0459,0.0474,0.0506,0.0457,0.02020538798,0.003817703288,0,-0.0104,0.0022,0.0001518044391,-0.00053976201,0.0057,0.0049
1966-02-01,91.22,2.76,5.29,0.4384960447,0.0465,0.0478,0.0512,0.0477,0.02001805724,0.003867511526,0.0062696,-0.025,-0.0113,0.0003370654817,-0.00079369557,-0.0128,-0.0175
1966-03-01,89.23,2.78,5.34,0.4901759356,0.0459,0.0492,0.0532,0.046,0.01672833013,0.003817703288,0.0031201,0.0296,-0.0059,0.0009310079552,-0.0004888765,-0.023,-0.0246
1966-04-01,91.06,2.796666667,5.38,0.4854982435,0.0462,0.0496,0.0541,0.0467,0.01566467255,0.003842607717,0.0041451,-0.0063,0.0013,0.0003512646832,-0.00077685742,0.0222,0.0212
1966-05-01,86.13,2.813333333,5.42,0.5127422037,0.0464,0.0498,0.0548,0.0473,0.01589351827,0.003859210326,0.0010336,-0.0059,-0.0026,0.001935475742,-0.00042074561,-0.0491,-0.0546
1966-06-01,84.74,2.83,5.46,0.5209746006,0.045,0.0507,0.0558,0.0477,0.01707785924,0.003742986279,0.0030944,-0.0016,0.003,0.0005012069784,-0.00066601648,-0.0144,-0.0159
1966-07-01,83.6,2.85,5.476666667,0.5349430008,0.048,0.0516,0.0568,0.0482,0.01853840369,0.00399202127,0.0030848,-0.0037,-0.0098,0.001013784118,-0.0010224731,-0.0121,-0.013
1966-08-01,77.1,2.87,5.493333333,0.5749546556,0.0496,0.0531,0.0583,0.0499,0.0213441805,0.004124814577,0.0051203,-0.0206,-0.0259,0.003165234638,-0.001167014,-0.0717,-0.0775
1966-09-01,76.56,2.89,5.51,0.5854924957,0.0537,0.0549,0.0609,0.048,0.01685833514,0.004465016959,0.0020408,0.0332,0.0078,0.001600310727,-0.0017065219,-0.0062,-0.0077
1966-10-01,80.2,2.883333333,5.523333333,0.5616613181,0.0535,0.0541,0.061,0.0467,0.01505731111,0.004448424406,0.0040692,0.0228,0.0261,0.002546776688,-0.0013716259,0.0483,0.0472
1966-11-01,80.45,2.876666667,5.536666667,0.5726449298,0.0532,0.0535,0.0613,0.048,0.01746052975,0.00442353506,0,-0.0148,-0.002,0.0007744162578,-0.0011406594,0.0112,0.0037
1966-12-01,80.33,2.87,5.55,0.5769451056,0.0496,0.0539,0.0618,0.0455,0.01718597964,0.004124814577,0.0010147,0.0413,0.0201,0.0006269420016,-4.99E-05,0.0003,-0.0011
1967-01-01,86.61,2.88,5.516666667,0.5333631411,0.0472,0.052,0.0597,0.0448,0.01571664854,0.003925618002,0,0.0154,0.045,0.0007334878769,0.00024917822,0.0792,0.0777
1967-02-01,86.78,2.89,5.483333333,0.5400478931,0.0456,0.0503,0.0582,0.0465,0.01771135504,0.003792798239,0.0010137,-0.0221,-0.0201,0.000412403749,0.00055525637,0.0075,0.0024
1967-03-01,90.2,2.9,5.45,0.5495507979,0.0426,0.0513,0.0585,0.0455,0.0149309027,0.003543713623,0.0020243,0.0198,0.0117,0.0005011362248,0.00071807065,0.0411,0.0395
1967-04-01,94.01,2.9,5.41,0.5305166936,0.0384,0.0511,0.0583,0.0477,0.01504943405,0.003194890897,0.0020202,-0.0291,-0.0071,0.0008370969647,0.00058346768,0.0434,0.0425
1967-05-01,89.08,2.9,5.37,0.5582011823,0.036,0.0524,0.0596,0.0482,0.01146081778,0.00299550898,0.0030227,-0.0039,-0.0254,0.0008903397635,0.0013629683,-0.0468,-0.0523
1967-06-01,90.64,2.9,5.33,0.553204845,0.0354,0.0544,0.0615,0.0507,0.01014986256,0.002945657289,0.0030136,-0.0312,-0.0223,0.001070733073,0.0017294553,0.0193,0.018
1967-07-01,94.75,2.906666667,5.32,0.5262983279,0.0421,0.0558,0.0626,0.0505,0.006703434258,0.003502193488,0.0050025,0.0068,0.0041,0.0002184469432,0.0016540993,0.0465,0.0456
1967-08-01,93.64,2.913333333,5.31,0.5280209478,0.0427,0.0562,0.0633,0.0514,0.005819974132,0.003552017444,0.0029895,-0.0084,-0.0007,0.0002966179146,0.0020824119,-0.0068,-0.0122
1967-09-01,96.71,2.92,5.3,0.5135648458,0.0442,0.0565,0.064,0.0517,0.005594969929,0.003676566472,0.0019881,-0.0004,0.0094,0.00035854391,0.0022640229,0.0338,0.0326
1967-10-01,93.9,2.92,5.31,0.5409552822,0.0456,0.0582,0.0652,0.0549,0.00363631546,0.003792798239,0.0029747,-0.04,-0.0281,0.0004449024979,0.0022940724,-0.0274,-0.0287
1967-11-01,94,2.92,5.32,0.5433826972,0.0473,0.0607,0.0672,0.0567,0.002644863234,0.003933918652,0.0029659,-0.0196,-0.0272,0.0009547824418,0.0028493145,0.0064,0.0005
1967-12-01,96.47,2.92,5.33,0.5257924451,0.0497,0.0619,0.0693,0.0556,0.01424902693,0.004133113573,0.0029571,0.0192,0.0127,0.0002708991584,0.0029522247,0.0271,0.0259
1968-01-01,92.24,2.93,5.366666667,0.5563023835,0.05,0.0617,0.0684,0.0536,0.01276030151,0.004158010149,0.0039293,0.0328,0.0361,0.0004833188444,0.0025043814,-0.0419,-0.0435
1968-02-01,89.36,2.94,5.403333333,0.5662105889,0.0498,0.061,0.068,0.0542,0.01034551656,0.004141412501,0.0029369,-0.0033,0.0037,0.0008204454352,0.0025561893,-0.0269,-0.032
1968-03-01,90.2,2.95,5.44,0.5668098065,0.0517,0.0611,0.0685,0.056,0.01257013028,0.004299079036,0.0048757,-0.0212,-0.0197,0.001395480921,0.0034032192,0.0097,0.0086
1968-04-01,97.59,2.963333333,5.483333333,0.5223520642,0.0538,0.0621,0.0697,0.0547,0.00800836631,0.004473313133,0.002914,0.0227,0.0048,0.001607574756,0.0036993101,0.0841,0.0826
1968-05-01,98.68,2.976666667,5.526666667,0.5300333704,0.0566,0.0627,0.0703,0.0547,0.01059124787,0.004705578048,0.0029056,0.0043,0.0032,0.0003865310075,0.0029648972,0.0164,0.0111
1968-06-01,99.58,2.99,5.57,0.5307418133,0.0552,0.0628,0.0707,0.0534,0.01204878555,0.004589452334,0.0057859,0.023,0.0122,0.0004995048148,0.0026268741,0.0099,0.0087
1968-07-01,97.74,3.003333333,5.6,0.5396375991,0.0531,0.0624,0.0698,0.0517,0.0138218274,0.004415238473,0.0047962,0.0289,0.0341,0.0007566191245,0.0026163853,-0.0174,-0.0187
1968-08-01,98.86,3.016666667,5.63,0.5318021004,0.0509,0.0602,0.0682,0.052,0.01803288785,0.004232696156,0.0028667,-0.0003,0.0206,0.0003164032542,0.0028815826,0.0164,0.0113
1968-09-01,102.67,3.03,5.66,0.5091954391,0.0519,0.0597,0.0679,0.0531,0.0182862723,0.004315674068,0.0028585,-0.0102,-0.0053,0.000268231636,0.0024118186,0.0394,0.0382
1968-10-01,103.41,3.043333333,5.693333333,0.500320247,0.0535,0.0609,0.0684,0.0543,0.01943332714,0.004448424406,0.0056926,-0.0132,-0.016,0.0002684030073,0.002547129,0.0086,0.0068
1968-11-01,108.37,3.056666667,5.726666667,0.4837170585,0.0545,0.0619,0.0701,0.0566,0.02123102489,0.004531384419,0.0037772,-0.0269,-0.0226,0.0002629657847,0.0024623206,0.0536,0.0487
1968-12-01,103.86,3.07,5.76,0.5049006623,0.0596,0.0645,0.0723,0.0598,0.03194772453,0.004954373465,0.0028235,-0.0363,-0.0233,0.000333975174,0.0023475611,-0.0408,-0.0421
1969-01-01,103.01,3.08,5.78,0.5036731674,0.0614,0.0659,0.0732,0.0617,0.03647791778,0.005103621009,0.0028156,-0.0206,0.0139,0.0006067703359,0.0021968795,-0.0075,-0.0086
1969-02-01,98.13,3.09,5.8,0.5263971896,0.0612,0.0666,0.073,0.0618,0.04125829947,0.005087039049,0.0037418,0.0042,-0.016,0.0005955962944,0.0023357287,-0.0423,-0.0474
1969-03-01,101.51,3.1,5.82,0.557040236,0.0602,0.0685,0.0751,0.062,0.03941822124,0.005004125121,0.0083682,0.001,-0.02,0.0005416309249,0.0022973853,0.0348,0.0336
1969-04-01,103.69,3.11,5.826666667,0.5484224042,0.0611,0.0689,0.0754,0.0593,0.04421207349,0.005078747965,0.0064606,0.0427,0.0335,0.000550412177,0.0018842739,0.0228,0.0214
1969-05-01,103.46,3.12,5.833333333,0.5558044285,0.0604,0.0679,0.0752,0.0635,0.04393278042,0.005020708457,0.0027561,-0.049,-0.0227,0.000426897429,0.001576849,0.0039,-0.0019
1969-06-01,97.71,3.13,5.84,0.5967773337,0.0644,0.0698,0.077,0.0623,0.04513985911,0.005352317427,0.0064015,0.0214,0.0035,0.0007522369695,0.0011927635,-0.0544,-0.0557
1969-07-01,91.83,3.136666667,5.856666667,0.6390179896,0.07,0.0708,0.0784,0.0621,0.05114457087,0.005816385321,0.0045475,0.0079,0.0005,0.002305650337,0.0015607611,-0.0586,-0.0599
1969-08-01,95.51,3.143333333,5.873333333,0.6227889856,0.0698,0.0697,0.0786,0.063,0.04684389726,0.005799815176,0.0045269,-0.0069,-0.002,0.0009182337347,0.0014767373,0.0457,0.0402
1969-09-01,93.12,3.15,5.89,0.6408884625,0.0709,0.0714,0.0805,0.0677,0.04831704808,0.005890947579,0.0045065,-0.0531,-0.0244,0.0008915880196,0.0021746674,-0.0239,-0.0253
1969-10-01,97.24,3.153333333,5.853333333,0.608768794,0.07,0.0733,0.0822,0.0653,0.04854655752,0.005816385321,0.0035907,0.0365,0.0127,0.0007537233448,0.0018446799,0.0469,0.0447
1969-11-01,93.81,3.156666667,5.816666667,0.6415117567,0.0724,0.0735,0.0825,0.0676,0.04780404094,0.006015205655,0.0053619,-0.0243,-0.0471,0.0005091362899,0.0015408249,-0.0292,-0.0344
1969-12-01,92.06,3.16,5.78,0.6510820131,0.0782,0.0772,0.0865,0.0687,0.03426059718,0.006495524994,0.0062195,-0.0068,-0.0134,0.001163554827,0.00082225183,-0.0169,-0.0184
1970-01-01,85.02,3.163333333,5.73,0.7003467462,0.0787,0.0791,0.0886,0.0693,0.03447701746,0.006536921034,0.0035367,-0.0021,0.0141,0.001067097511,0.00090760752,-0.0754,-0.0768
1970-02-01,89.5,3.166666667,5.68,0.670147507,0.0713,0.0793,0.0878,0.0651,0.03580645465,0.005924084576,0.0052817,0.0587,0.0401,0.001058711849,0.00037891846,0.0595,0.0536
1970-03-01,89.63,3.17,5.63,0.6903267691,0.0663,0.0784,0.0863,0.0661,0.03584588974,0.005509793174,0.005254,-0.0068,-0.0045,0.0009635390591,-0.00043143621,0.0028,0.0012
1970-04-01,81.52,3.173333333,5.593333333,0.7367505808,0.0651,0.0783,0.087,0.0699,0.03572379707,0.005410337692,0.0060949,-0.0413,-0.025,0.001614677035,0.00049399428,-0.0888,-0.09
1970-05-01,76.55,3.176666667,5.556666667,0.7742276283,0.0684,0.0811,0.0898,0.0743,0.03862537866,0.005683816468,0.0043309,-0.0468,-0.0163,0.008151854511,-0.00023762602,-0.0547,-0.0611
1970-06-01,72.72,3.18,5.52,0.7933814171,0.0668,0.0848,0.0925,0.0709,0.04222127254,0.005551230038,0.0051724,0.0486,0.0001,0.002651910824,-0.00025229462,-0.049,-0.0509
1970-07-01,78.05,3.183333333,5.466666667,0.7387075682,0.0645,0.0844,0.094,0.0687,0.04304037117,0.005360606242,0.0034335,0.0319,0.0556,0.002126476545,0.00032780954,0.0755,0.0732
1970-08-01,81.52,3.186666667,5.413333333,0.7092782966,0.0641,0.0813,0.0944,0.0694,0.03872335569,0.005327450568,0.0017123,-0.0019,0.01,0.001887104189,0.0015175963,0.0498,0.0438
1970-09-01,84.21,3.19,5.36,0.7129147605,0.0612,0.0809,0.0939,0.068,0.03796451799,0.005087039049,0.0051195,0.0228,0.0139,0.001057965048,0.00087569701,0.0347,0.033
1970-10-01,83.25,3.173333333,5.283333333,0.7176982835,0.0591,0.0803,0.0933,0.0693,0.03704634552,0.004912911861,0.0050934,-0.0109,-0.0096,0.001043395519,0.00062401896,-0.009,-0.0116
1970-11-01,87.2,3.156666667,5.206666667,0.682920072,0.0528,0.0805,0.0938,0.0637,0.03533280582,0.004390348301,0.0033812,0.0791,0.0584,0.0008854535965,0.00057113489,0.0544,0.0488
1970-12-01,92.15,3.14,5.13,0.6464263577,0.0487,0.0764,0.0912,0.0648,0.0315364736,0.004050120511,0.0050505,-0.0084,0.0372,0.00053519991,0.0015125012,0.0587,0.0574
1971-01-01,95.88,3.13,5.16,0.6244099021,0.0444,0.0736,0.0874,0.0612,0.03059875279,0.003693171838,0.0008393,0.0506,0.0532,0.000541030934,0.0016976254,0.0428,0.0415
1971-02-01,96.75,3.12,5.19,0.6170704232,0.037,0.0708,0.0839,0.0629,0.02580710864,0.00307858961,0.0016764,-0.0163,-0.0366,0.0004514535007,0.0018948256,0.0133,0.0082
1971-03-01,100.31,3.11,5.22,0.6338113825,0.0338,0.0721,0.0846,0.0593,0.02639006147,0.002812707294,0.0033445,0.0526,0.0258,0.0004927193257,0.0021051754,0.0391,0.0376
1971-04-01,103.95,3.106666667,5.253333333,0.6086541014,0.0386,0.0725,0.0845,0.0619,0.026516026,0.003211504262,0.0033333,-0.0283,-0.0236,0.0003075549214,0.0020432328,0.037,0.0358
1971-05-01,99.63,3.103333333,5.286666667,0.6314096562,0.0414,0.0753,0.0862,0.0624,0.02964011778,0.003444062403,0.0049793,-0.0006,-0.0161,0.0005392763743,0.0018246132,-0.0371,-0.0421
1971-06-01,99.7,3.1,5.32,0.6432210427,0.0475,0.0764,0.0875,0.0641,0.02715173576,0.003950519744,0.005778,-0.0159,0.0107,0.0009245397086,0.0013777546,0.0024,0.0011
1971-07-01,95.58,3.096666667,5.356666667,0.6677306245,0.054,0.0764,0.0876,0.0643,0.02565533628,0.004489905273,0.0024661,0.003,-0.0025,0.0005184343996,0.0015360273,-0.0408,-0.0419
1971-08-01,99.03,3.093333333,5.393333333,0.6382575968,0.0494,0.0759,0.0876,0.061,0.02666361827,0.004108216378,0.00246,0.0471,0.0554,0.002451222751,0.0014284515,0.042,0.0365
1971-09-01,98.34,3.09,5.43,0.6460848296,0.0469,0.0744,0.0859,0.0598,0.02780035131,0.00390071564,0.0008187,0.0204,-0.0102,0.0005242638882,0.0011670679,-0.005,-0.0064
1971-10-01,94.23,3.083333333,5.52,0.6831942789,0.0446,0.0739,0.0848,0.0588,0.02909122218,0.003709776927,0.0016353,0.0167,0.0282,0.0006619354443,0.0009808042,-0.0401,-0.042
1971-11-01,93.99,3.076666667,5.61,0.6894892583,0.0422,0.0726,0.0838,0.0596,0.0293102546,0.003510497653,0.0016327,-0.0047,0.0029,0.00186625544,0.00142819,0.0029,-0.002
1971-12-01,102.09,3.07,5.7,0.6439002471,0.0401,0.0725,0.0838,0.0597,0.03389257333,0.003336095706,0.00407,0.0044,0.0223,0.001182984139,0.0022538795,0.0879,0.0865
1972-01-01,103.94,3.07,5.736666667,0.6353569726,0.0338,0.0719,0.0823,0.0606,0.03299903468,0.002812707294,0.000812,-0.0063,-0.0033,0.0004942247704,0.0023504572,0.0191,0.0178
1972-02-01,106.57,3.07,5.773333333,0.6175858985,0.032,0.0727,0.0823,0.0602,0.03301314276,0.002663117419,0.0048583,0.0088,0.0107,0.0002843844308,0.0022955076,0.0302,0.0254
1972-03-01,107.2,3.07,5.81,0.6459019879,0.0373,0.0724,0.0824,0.0613,0.03174917699,0.003103512453,0.0016142,-0.0082,0.0024,0.0005451043395,0.0022397228,0.0073,0.0061
1972-04-01,107.67,3.07,5.863333333,0.6367838016,0.0371,0.073,0.0824,0.0615,0.03253278569,0.003086897293,0.0024164,0.0027,0.0035,0.0003833914443,0.0020286355,0.0055,0.0047
1972-05-01,109.53,3.07,5.916666667,0.6324423349,0.0369,0.073,0.0823,0.0597,0.03072450217,0.003070281857,0.0032129,0.027,0.0163,0.000769051551,0.0018280014,0.022,0.0168
1972-06-01,107.14,3.07,5.97,0.6540154785,0.0391,0.0723,0.082,0.0607,0.03432426502,0.003253036468,0.0024029,-0.0065,-0.0068,0.000365352208,0.0015414101,-0.0202,-0.0214
1972-07-01,107.39,3.073333333,6.026666667,0.6570495491,0.0398,0.0721,0.0823,0.0593,0.03347166584,0.003311178659,0.003992,0.0216,0.003,0.0005954869141,0.0013485364,0.0032,0.0021
1972-08-01,111.09,3.076666667,6.083333333,0.6304670395,0.0402,0.0719,0.0819,0.0595,0.03198448196,0.00334440125,0.0015924,0.0029,0.0072,0.000594998569,0.0010688822,0.0394,0.0346
1972-09-01,110.55,3.08,6.14,0.6373850011,0.0466,0.0722,0.0809,0.0606,0.03299210916,0.003875812658,0.0039698,-0.0083,0.0031,0.0004657122414,0.00088396725,-0.0033,-0.0045
1972-10-01,111.58,3.103333333,6.233333333,0.6358841259,0.0474,0.0721,0.0806,0.0591,0.032465627,0.003942219233,0.0031646,0.0234,0.0101,0.0008582679893,0.00090853873,0.0109,0.0095
1972-11-01,116.67,3.126666667,6.326666667,0.5967334833,0.0478,0.0712,0.0799,0.0577,0.03106194929,0.003975420866,0.0023669,0.0226,0.0249,0.0004884563576,0.00048377407,0.0503,0.0452
1972-12-01,118.05,3.15,6.42,0.5956745946,0.0507,0.0708,0.0793,0.0599,0.03428050047,0.004216099748,0.0031471,-0.0229,-0.0004,0.0005171710717,0.00031144652,0.0137,0.0126
1973-01-01,116.03,3.156666667,6.546666667,0.6081960321,0.0541,0.0715,0.079,0.0685,0.03569095973,0.00449820124,0.0031373,-0.0321,-0.0054,0.0005156041291,-0.00012030325,-0.0168,-0.018
1973-02-01,111.68,3.163333333,6.673333333,0.6361837352,0.056,0.0722,0.0797,0.0688,0.03633770487,0.004655811536,0.007023,0.0014,0.0023,0.001264594422,-0.00020732975,-0.0338,-0.0382
1973-03-01,111.52,3.17,6.8,0.6760181281,0.0609,0.0729,0.0803,0.0686,0.03670740406,0.005062165592,0.009288,0.0082,0.0045,0.00155756434,-0.00069585901,-0.0011,-0.0021
1973-04-01,106.97,3.186666667,6.943333333,0.6977198485,0.0626,0.0726,0.0809,0.0687,0.03783770036,0.005203106998,0.0069098,0.0046,0.0061,0.001517540164,0.00016536273,-0.0401,-0.0412
1973-05-01,104.95,3.203333333,7.086666667,0.7132159617,0.0636,0.0729,0.0806,0.0703,0.03958076355,0.005286004429,0.0061022,-0.0105,-0.0039,0.003077521121,-7.34E-05,-0.0139,-0.019
1973-06-01,104.26,3.22,7.23,0.7209743078,0.0719,0.0737,0.0813,0.071,0.03893737569,0.005973788012,0.0068208,-0.0021,-0.0056,0.002164602397,0.00074397823,-0.0052,-0.0065
1973-07-01,108.22,3.236666667,7.383333333,0.6939766839,0.0801,0.0745,0.0824,0.076,0.03729706618,0.00665282083,0.0022633,-0.0433,-0.0476,0.001868013563,0.00023902997,0.0391,0.0377
1973-08-01,104.25,3.253333333,7.536666667,0.7243372354,0.0867,0.0768,0.0853,0.0728,0.03733461485,0.007199024727,0.0179243,0.0391,0.0356,0.001095883216,0.00025207516,-0.0315,-0.0365
1973-09-01,108.43,3.27,7.69,0.6788089959,0.0829,0.0763,0.0863,0.0703,0.03430027727,0.006884580133,0.0029564,0.0318,0.0356,0.0009345577445,-5.46E-05,0.0422,0.041
1973-10-01,108.29,3.306666667,7.846666667,0.6720817914,0.0722,0.076,0.0841,0.0689,0.03457385686,0.005998638803,0.0080853,0.0215,-0.0066,0.001344744687,-0.00088735819,0.0003,-0.0016
1973-11-01,95.96,3.343333333,8.003333333,0.7818789906,0.0783,0.0767,0.0842,0.0712,0.03859025624,0.006503804339,0.007294,-0.0183,0.0078,0.004369748245,-0.0013245342,-0.1072,-0.113
1973-12-01,97.55,3.38,8.16,0.7555884634,0.0745,0.0768,0.0848,0.0726,0.01284107441,0.006189141026,0.0065194,-0.0082,-0.0089,0.0053583374,-0.0006401994,0.018,0.0165
1974-01-01,96.57,3.4,8.226666667,0.751446438,0.0777,0.0783,0.0848,0.074,0.01151494956,0.00645412724,0.0086269,-0.0083,-0.0053,0.003409471157,-0.00093675299,-0.0081,-0.0097
1974-02-01,96.22,3.42,8.293333333,0.7470977188,0.0712,0.0785,0.0853,0.0748,0.01076613427,0.005915800429,0.0128025,-0.0024,0.0009,0.001878007134,-0.00095731388,0.002,-0.0037
1974-03-01,93.98,3.44,8.36,0.8151840129,0.0796,0.0801,0.0862,0.0783,0.01020705865,0.006611429588,0.011244,-0.0292,-0.0307,0.001693635269,-0.0011670985,-0.0218,-0.0232
1974-04-01,90.31,3.46,8.486666667,0.8248580819,0.0833,0.0825,0.0887,0.0816,0.009447355249,0.00691768422,0.0055749,-0.0253,-0.0341,0.001729176641,-0.0010474939,-0.0376,-0.0394
1974-05-01,87.28,3.48,8.613333333,0.8604161213,0.0823,0.0837,0.0905,0.081,0.00904717867,0.006834921946,0.0110575,0.0123,0.0105,0.002098746186,-0.001237991,-0.0269,-0.0331
1974-06-01,86,3.5,8.74,0.8601587717,0.079,0.0847,0.0927,0.0812,0.007816028296,0.006561757835,0.009576,0.0045,-0.0285,0.002300369192,-0.0016917665,-0.0128,-0.0146
1974-07-01,79.31,3.53,8.863333333,0.9112393224,0.0755,0.0872,0.0948,0.0823,0.007261381398,0.006271956761,0.0074602,-0.0029,-0.0211,0.004917515477,-0.0019992526,-0.0767,-0.0785
1974-08-01,72.15,3.56,8.986666667,1.017123994,0.0896,0.09,0.0977,0.0855,0.006367087876,0.007438929097,0.0127561,-0.0232,-0.0268,0.004791026348,-0.00230981,-0.0822,-0.0897
1974-09-01,63.54,3.59,9.11,1.135440143,0.0806,0.0924,0.1018,0.0837,0.004984472486,0.006694210359,0.0119365,0.0247,0.0174,0.007811711783,-0.0017001444,-0.1175,-0.1196
1974-10-01,73.9,3.593333333,9.036666667,1.037083784,0.0746,0.0927,0.1048,0.0795,0.003580264361,0.006197422908,0.008533,0.0489,0.0885,0.01008494899,-0.0018954501,0.1681,0.1648
1974-11-01,69.97,3.596666667,8.963333333,1.115637022,0.0747,0.0889,0.106,0.0771,0.007846464955,0.006205704722,0.0084608,0.0295,0.0117,0.003513798946,-0.0018215318,-0.0457,-0.0538
1974-12-01,68.56,3.6,8.89,1.120018175,0.0715,0.0889,0.1063,0.076,0.008907642227,0.005940652662,0.0071037,0.0171,-0.0075,0.003814427516,-0.00083048791,-0.018,-0.0203
1975-01-01,76.98,3.623333333,8.743333333,0.9808296267,0.0626,0.0883,0.1081,0.0796,0.008596228107,0.005203106998,0.0044944,0.0225,0.0596,0.004017208533,-0.0012299241,0.1236,0.1217
1975-02-01,81.59,3.646666667,8.596666667,0.9339016305,0.055,0.0862,0.1065,0.0788,0.01174007061,0.004572861845,0.0070221,0.0131,0.0137,0.0021790296,-0.00070812406,0.0675,0.0595
1975-03-01,83.36,3.67,8.45,0.9724663152,0.0549,0.0867,0.1048,0.0824,0.02061813018,0.004564566498,0.0038095,-0.0267,-0.0247,0.00240261538,-0.00070429158,0.024,0.0221
1975-04-01,87.3,3.683333333,8.286666667,0.909489371,0.0561,0.0895,0.1058,0.0852,0.02267342976,0.004664106127,0.0050569,-0.0182,-0.0052,0.002313777397,-0.00067348827,0.0494,0.0473
1975-05-01,91.15,3.696666667,8.123333333,0.8975236997,0.0523,0.089,0.1069,0.0836,0.02314053193,0.004348863304,0.0044039,0.0212,0.0106,0.001807172201,-0.00040982182,0.0512,0.0448
1975-06-01,95.19,3.71,7.96,0.8498390198,0.0534,0.0877,0.1062,0.0813,0.02314047898,0.004440128026,0.0081276,0.0292,0.0304,0.001353355448,-0.00080542378,0.0462,0.0443
1975-07-01,88.75,3.71,7.893333333,0.898365624,0.0613,0.0884,0.1055,0.0829,0.02522160515,0.005095330063,0.0105297,-0.0087,-0.003,0.001244403602,-0.001182099,-0.0655,-0.0676
1975-08-01,86.88,3.71,7.826666667,0.8942466541,0.0644,0.0895,0.1059,0.0844,0.02642993849,0.005352317427,0.003076,-0.0068,-0.0175,0.002343136328,-0.0015740132,-0.0157,-0.0217
1975-09-01,83.87,3.71,7.76,0.9409482541,0.0642,0.0895,0.1061,0.0862,0.02798741028,0.00533573959,0.004902,-0.0098,-0.0126,0.002304624886,-0.0014922567,-0.0323,-0.0342
1975-10-01,89.04,3.7,7.826666667,0.8934979188,0.0596,0.0886,0.1062,0.0819,0.02590193139,0.004954373465,0.0060939,0.0475,0.0553,0.002154581696,-0.0015430243,0.0649,0.0621
1975-11-01,91.24,3.69,7.893333333,0.8679284743,0.0548,0.0878,0.1056,0.0838,0.02458220669,0.004556271081,0.006057,-0.0109,-0.0088,0.0008126854512,-0.0016529119,0.0301,0.024
1975-12-01,90.19,3.68,7.96,0.876338851,0.0544,0.0879,0.1056,0.0805,0.02359733013,0.004523088728,0.0042181,0.039,0.0442,0.001330800098,-0.00046511563,-0.0105,-0.0123
1976-01-01,100.86,3.683333333,8.193333333,0.7659338857,0.0487,0.086,0.1041,0.0802,0.02178333438,0.004050120511,0.0024024,0.009,0.0188,0.001978282927,-0.00011029255,0.1201,0.1185
1976-02-01,99.71,3.686666667,8.426666667,0.7680365203,0.0488,0.0855,0.1024,0.0802,0.02218102533,0.004058420128,0.0023966,0.0062,0.0061,0.001221438697,-0.00017078355,-0.0058,-0.0116
1976-03-01,102.77,3.69,8.66,0.7840312172,0.05,0.0852,0.1012,0.0792,0.01500034207,0.004158010149,0.0023909,0.0166,0.0167,0.001265716106,-0.00043879841,0.0326,0.0308
1976-04-01,101.64,3.713333333,8.856666667,0.7860761398,0.0486,0.084,0.0994,0.0797,0.01419029949,0.004041820826,0.0041704,0.0018,-0.0015,0.00100713238,-0.0013534097,-0.0096,-0.0107
1976-05-01,100.18,3.736666667,9.053333333,0.8035027635,0.052,0.0858,0.0986,0.0821,0.01412122643,0.00432397148,0.0059277,-0.0158,-0.0103,0.0009364704582,-0.0010527004,-0.0081,-0.015
1976-06-01,104.28,3.76,9.25,0.7814276312,0.0541,0.0862,0.0989,0.0807,0.01895244732,0.00449820124,0.0053051,0.0208,0.015,0.0009715816053,-0.0012775825,0.044,0.0422
1976-07-01,103.44,3.79,9.35,0.7958238544,0.0523,0.0856,0.0982,0.0805,0.0188546345,0.004348863304,0.0058617,0.0078,0.0149,0.0004871521458,-0.0014411039,-0.0072,-0.0085
1976-08-01,102.91,3.82,9.45,0.8047322694,0.0514,0.0845,0.0964,0.079,0.02063825299,0.004274185973,0.0046647,0.0211,0.0231,0.0007445223548,-0.0012977566,0.0016,-0.005
1976-09-01,105.24,3.85,9.55,0.7913632737,0.0508,0.0838,0.094,0.0781,0.02380638435,0.004224397986,0.0040639,0.0145,0.0167,0.0008906882087,-0.0014566973,0.0244,0.0227
1976-10-01,102.9,3.916666667,9.67,0.8120796327,0.0492,0.0832,0.0929,0.0779,0.02565902911,0.004091617903,0.0040474,0.0084,0.007,0.001269992988,-0.0011566296,-0.0202,-0.022
1976-11-01,102.1,3.983333333,9.79,0.8272629379,0.0475,0.0825,0.0923,0.0749,0.02798428254,0.003950519744,0.002881,0.0339,0.0319,0.001117925404,-0.00092241021,-0.001,-0.0086
1976-12-01,107.46,4.05,9.91,0.779973125,0.0435,0.0798,0.0912,0.0721,0.02869098168,0.003618445523,0.0028727,0.0327,0.0347,0.0005762272538,-0.0011227041,0.0538,0.0522
1977-01-01,102.03,4.096666667,9.966666667,0.8210652053,0.0462,0.0796,0.0908,0.0764,0.02972096329,0.003842607717,0.0057208,-0.0388,-0.0303,0.000695630024,-0.0015928437,-0.0497,-0.0512
1977-02-01,99.82,4.143333333,10.02333333,0.8368039982,0.0467,0.0804,0.0912,0.0775,0.02813000629,0.003884113721,0.0102158,-0.0049,-0.002,0.0003346755465,-0.0016537032,-0.0156,-0.0224
1977-03-01,98.42,4.19,10.08,0.8684299283,0.046,0.081,0.0912,0.0772,0.03051548294,0.003826004834,0.006192,0.0091,0.0094,0.000665732791,-0.0017320885,-0.0125,-0.0145
1977-04-01,98.44,4.246666667,10.19333333,0.8611500701,0.0454,0.0804,0.0907,0.0771,0.03131167433,0.003776194528,0.0078256,0.0071,0.01,0.0009848511854,-0.0016386999,0.0006,-0.0005
1977-05-01,96.12,4.303333333,10.30666667,0.8882113369,0.0496,0.0805,0.0901,0.0765,0.03546869263,0.004124814577,0.0055525,0.0125,0.0106,0.0006348016723,-0.0013541819,-0.0151,-0.0235
1977-06-01,100.48,4.36,10.42,0.8711120812,0.0502,0.0795,0.0891,0.0754,0.03204077907,0.004174607521,0.0066225,0.0164,0.0175,0.0005633646407,-0.0015935849,0.0478,0.0457
1977-07-01,98.85,4.406666667,10.51666667,0.8967833991,0.0519,0.0794,0.0887,0.0768,0.03336062803,0.004315674068,0.0043908,-0.007,-0.0005,0.0005947079532,-0.0016868214,-0.0155,-0.0166
1977-08-01,96.77,4.453333333,10.61333333,0.9265342604,0.0549,0.0798,0.0882,0.0754,0.0339182866,0.004564566498,0.0038262,0.0198,0.0136,0.0005824464425,-0.001666359,-0.0123,-0.0202
1977-09-01,96.53,4.5,10.71,0.9422625161,0.0581,0.0792,0.088,0.0764,0.03245536725,0.004829983494,0.0038116,-0.0029,-0.0022,0.0004631960835,-0.0018026906,-0.0008,-0.0031
1977-10-01,92.34,4.556666667,10.77,0.9753772836,0.0616,0.0804,0.0889,0.0781,0.03278401193,0.005120202695,0.0027137,-0.0093,-0.0038,0.0007261726246,-0.0012570464,-0.042,-0.0439
1977-11-01,94.83,4.613333333,10.83,0.9620344703,0.061,0.0808,0.0895,0.0777,0.02922125622,0.005070456813,0.0048662,0.0093,0.0061,0.001387547163,-0.0012900084,0.0368,0.027
1977-12-01,95.1,4.67,10.89,0.9603330245,0.0607,0.0819,0.0899,0.0803,0.03050137306,0.005045582944,0.0037685,-0.0168,-0.0105,0.0006266272192,-0.0018338899,0.0056,0.0036
1978-01-01,89.25,4.713333333,10.9,1.036731089,0.0644,0.0841,0.0917,0.0816,0.02884450321,0.005352317427,0.0058934,-0.008,-0.0089,0.0009080501816,-0.0018933608,-0.0606,-0.0626
1978-02-01,87.04,4.756666667,10.91,1.075567294,0.0645,0.0847,0.092,0.0822,0.0311437205,0.005360606242,0.0063898,0.0004,0.0051,0.0006698947688,-0.001551213,-0.0163,-0.0249
1978-03-01,89.21,4.8,10.92,1.111492553,0.0629,0.0847,0.0922,0.0831,0.02750277781,0.005227976949,0.0074035,-0.0021,0.0042,0.0006228569215,-0.0013817078,0.0269,0.0244
1978-04-01,96.83,4.836666667,11.02333333,1.005350404,0.0629,0.0856,0.0932,0.0838,0.022820311,0.005227976949,0.0089169,-0.0005,-0.0023,0.001741180665,-0.0019860558,0.089,0.0876
1978-05-01,97.24,4.873333333,11.12666667,1.001415639,0.0641,0.0869,0.0949,0.0852,0.01646082559,0.005327450568,0.0093556,-0.0058,-0.0108,0.001085055281,-0.0023334338,0.0137,0.0044
1978-06-01,95.53,4.91,11.23,1.027901581,0.0673,0.0876,0.096,0.0865,0.01642911453,0.005592665186,0.0102935,-0.0062,0.0023,0.001027414191,-0.0018349394,-0.0166,-0.019
1978-07-01,100.68,4.946666667,11.34333333,0.9762603361,0.0701,0.0888,0.096,0.0858,0.01453604826,0.005824670291,0.0071429,0.0143,0.0101,0.000849929748,-0.0015001826,0.057,0.0551
1978-08-01,103.29,4.983333333,11.45666667,0.9600602176,0.0708,0.0869,0.0948,0.0843,0.01193775856,0.005882663158,0.0055767,0.0218,0.0257,0.001002237588,-0.0018316643,0.0336,0.0256
1978-09-01,102.54,5.02,11.57,0.9722575131,0.0785,0.0869,0.0942,0.086,0.01267198337,0.006520362823,0.0075548,-0.0106,-0.0048,0.0009479771389,-0.0025993048,-0.0052,-0.0075
1978-10-01,93.15,5.036666667,11.82333333,1.062275222,0.0799,0.0889,0.0959,0.0889,0.0143120564,0.006636264539,0.007996,-0.02,-0.0205,0.002100023428,-0.0018702195,-0.0896,-0.0923
1978-11-01,94.7,5.053333333,12.07666667,1.053527402,0.0864,0.0903,0.0983,0.0877,0.01404233643,0.007174203748,0.0054604,0.0189,0.0134,0.003180889342,-0.0018611309,0.0268,0.0174
1978-12-01,96.11,5.07,12.33,1.045701296,0.0908,0.0916,0.0994,0.0898,0.01473480539,0.007538183038,0.0044455,-0.013,-0.0133,0.001665629485,-0.0015481539,0.0166,0.0143
1979-01-01,99.93,5.113333333,12.65333333,1.003074283,0.0935,0.0925,0.1013,0.0886,0.01425114947,0.007761468394,0.0088322,0.0191,0.0184,0.001001113174,-0.0018498194,0.0427,0.0402
1979-02-01,96.28,5.156666667,12.97666667,1.040775451,0.0932,0.0926,0.1008,0.0908,0.01210632241,0.007736661372,0.0116563,-0.0135,-0.0128,0.000814081001,-0.0013147274,-0.0286,-0.037
1979-03-01,101.59,5.2,13.3,1.033078939,0.0948,0.0937,0.1026,0.0902,0.01154145133,0.007868958379,0.0096108,0.0129,0.0106,0.0008007331576,-0.001349922,0.0574,0.0548
1979-04-01,101.76,5.246666667,13.52666667,1.041876243,0.0946,0.0938,0.1033,0.0922,0.01150330226,0.00785242221,0.0114124,-0.0112,-0.0052,0.0006468353123,-0.0015582344,0.0042,0.0022
1979-05-01,99.08,5.293333333,13.75333333,1.083141804,0.0961,0.095,0.1047,0.0903,0.01410755893,0.007976436811,0.0122182,0.0261,0.0228,0.0009242270005,-0.0014325784,-0.0168,-0.0263
1979-06-01,102.91,5.34,13.98,1.057863607,0.0906,0.0929,0.1038,0.0877,0.01202545444,0.007521641399,0.0116091,0.0311,0.0269,0.0005714810897,-0.0013276842,0.0403,0.0378
1979-07-01,103.81,5.396666667,14.19666667,1.052314454,0.0924,0.092,0.1029,0.0895,0.009595162533,0.007670506304,0.0105627,-0.0085,-0.0031,0.0007076849026,-0.00095407572,0.0121,0.0097
1979-08-01,109.32,5.453333333,14.41333333,1.003458648,0.0952,0.0923,0.1035,0.0907,0.011423681,0.007902029896,0.0100001,-0.0035,0.0006,0.0005064799187,-0.001171412,0.0619,0.0532
1979-09-01,109.32,5.51,14.63,1.013794987,0.1026,0.0944,0.1054,0.0927,0.009217458768,0.008513655765,0.0103488,-0.0122,-0.0179,0.001233066019,-0.0014195561,0.0014,-0.0009
1979-10-01,101.82,5.556666667,14.70666667,1.091945568,0.117,0.1013,0.114,0.1034,0.01000329662,0.009702775461,0.0089127,-0.0841,-0.089,0.002589299417,-0.0012554812,-0.0656,-0.0685
1979-11-01,106.16,5.603333333,14.78333333,1.083115462,0.1179,0.1076,0.1199,0.1009,0.01062374779,0.009777048514,0.0092736,0.0311,0.0222,0.001558380713,-0.00084450892,0.0528,0.0436
1979-12-01,107.94,5.65,14.86,1.061950068,0.1204,0.1074,0.1206,0.1012,0.01038231714,0.009983333609,0.0104942,0.0057,-0.0108,0.0004696421029,-0.00037113093,0.0183,0.0159
1980-01-01,114.16,5.7,15.00333333,1.016954958,0.12,0.1109,0.1242,0.1114,0.01121922689,0.009950330853,0.014252,-0.0741,-0.0645,0.001906405299,-0.000295125,0.0613,0.0589
1980-02-01,113.66,5.75,15.14666667,1.03192993,0.1286,0.1238,0.1357,0.1186,0.01072111924,0.01065965018,0.0136288,-0.0467,-0.0665,0.001897617857,-0.00082116833,0.0026,-0.0056
1980-03-01,102.09,5.8,15.29,1.093732103,0.152,0.1296,0.1445,0.1239,0.01178677246,0.01258711551,0.01428,-0.0315,-0.0062,0.004621894207,-0.00048460839,-0.0975,-0.1001
1980-04-01,106.29,5.846666667,15.17333333,1.05181994,0.132,0.1204,0.1419,0.1076,0.01521944454,0.01093994004,0.0111965,0.1523,0.1376,0.00274554867,-0.00026500098,0.0424,0.0399
1980-05-01,111.24,5.893333333,15.05666667,1.010048775,0.0858,0.1099,0.1317,0.1037,0.01495766841,0.007124559942,0.0098483,0.0419,0.056,0.001509717011,-0.0001539688,0.0556,0.0467
1980-06-01,114.24,5.94,14.94,0.990183427,0.0707,0.1058,0.1271,0.1006,0.01522809365,0.005874378669,0.0109646,0.0359,0.0341,0.001371085048,0.00042031331,0.0297,0.0269
1980-07-01,121.67,5.983333333,14.84,0.9188299192,0.0806,0.1107,0.1265,0.1074,0.02010698379,0.006694210359,0.0008074,-0.0476,-0.0429,0.00136283094,0.00074901051,0.0682,0.0656
1980-08-01,122.38,6.026666667,14.74,0.9215196389,0.0913,0.1164,0.1315,0.114,0.01997575325,0.00757953594,0.0064361,-0.0432,-0.0445,0.001708158454,0.00081825021,0.0135,0.006
1980-09-01,125.46,6.07,14.64,0.9216876515,0.1027,0.1202,0.137,0.1185,0.0239097953,0.008521918418,0.0091799,-0.0262,-0.0237,0.002657405476,0.00076540271,0.0279,0.0252
1980-10-01,127.47,6.1,14.7,0.9295936138,0.1162,0.1231,0.1423,0.1231,0.02289568307,0.009636750339,0.0087026,-0.0263,-0.0159,0.002190643462,0.0014456625,0.0178,0.0147
1980-11-01,140.52,6.13,14.76,0.8651619788,0.1373,0.1297,0.1464,0.123,0.02202212296,0.01137670584,0.0090179,0.01,0.0017,0.002419071417,0.0013118477,0.1099,0.103
1980-12-01,135.76,6.16,14.82,0.8915030239,0.1549,0.1321,0.1514,0.1199,0.02694366769,0.01282573088,0.0085504,0.0352,0.0248,0.002951528133,0.0010201575,-0.0306,-0.033
1981-01-01,129.55,6.2,14.74,0.9072386965,0.1502,0.1281,0.1503,0.1211,0.02879971293,0.01243898077,0.0080941,-0.0115,-0.013,0.00159743472,0.00071058594,-0.0434,-0.045
1981-02-01,131.27,6.24,14.66,0.8818157565,0.1479,0.1335,0.1537,0.1283,0.03011984959,0.01224966555,0.0103113,-0.0435,-0.0269,0.001530909083,0.0007315691,0.0213,0.0135
1981-03-01,136,6.28,14.58,0.9249205574,0.1336,0.1333,0.1534,0.1248,0.02808479317,0.01107181397,0.0071929,0.0384,0.0311,0.002075944064,0.0004488745,0.0383,0.0354
1981-04-01,132.81,6.316666667,14.72333333,0.9305938361,0.1369,0.1388,0.1556,0.1332,0.02754761768,0.01134374903,0.0063922,-0.0518,-0.0769,0.0008320026805,0.00041584798,-0.0202,-0.022
1981-05-01,132.59,6.353333333,14.86666667,0.9362238467,0.163,0.1432,0.1595,0.1265,0.02901465542,0.01349190685,0.0082121,0.0622,0.0595,0.0009216878715,-3.18E-07,0.0065,-0.0011
1981-06-01,131.21,6.39,15.01,0.9504749816,0.1473,0.1375,0.158,0.1304,0.02800657367,0.01220027308,0.0085138,-0.0179,0.0023,0.0009955426972,-5.70E-05,-0.0083,-0.0112
1981-07-01,130.92,6.433333333,15.09666667,0.9749669236,0.1495,0.1438,0.1617,0.137,0.02569464212,0.01238136689,0.0113617,-0.0353,-0.0372,0.001102989114,-0.000324294,0.0007,-0.0009
1981-08-01,122.79,6.476666667,15.18333333,1.053354056,0.1551,0.1489,0.1634,0.1445,0.02704114133,0.01284218501,0.0076239,-0.0386,-0.0345,0.001824938027,-0.00080864017,-0.0555,-0.0637
1981-09-01,116.18,6.52,15.27,1.092378644,0.147,0.1549,0.1692,0.1482,0.02149638642,0.01217557593,0.0100757,-0.0145,-0.0199,0.002761173401,-0.0005421827,-0.0505,-0.0535
1981-10-01,121.89,6.556666667,15.3,1.089085684,0.1354,0.154,0.1711,0.1384,0.01496379489,0.01122015135,0.0021459,0.0829,0.0521,0.00207825164,-0.0008184993,0.0521,0.0487
1981-11-01,126.35,6.593333333,15.33,1.044455443,0.1086,0.1422,0.1639,0.122,0.01581230424,0.009009294158,0.0028541,0.141,0.1267,0.00150400347,-0.0010171618,0.0438,0.0359
1981-12-01,122.55,6.63,15.36,1.061142857,0.1085,0.1423,0.1655,0.1334,0.01200690482,0.00900103553,0.002846,-0.0713,-0.058,0.0009057974931,-0.0012794664,-0.0271,-0.0297
1982-01-01,120.4,6.66,15.17666667,1.065893698,0.1228,0.1518,0.171,0.1415,0.01077679659,0.01018132727,0.0035461,0.0046,-0.0129,0.002521932674,-0.001882769,-0.0154,-0.0169
1982-02-01,113.11,6.69,14.99333333,1.126287315,0.1348,0.1527,0.1718,0.1402,0.01063465169,0.011170708,0.0031808,0.0182,0.0312,0.001918231405,-0.0020617645,-0.0504,-0.0596
1982-03-01,111.96,6.72,14.81,1.185750574,0.1268,0.1458,0.1682,0.1387,0.005605917706,0.01051122963,-0.0010591,0.0231,0.0306,0.001795226123,-0.0018891454,-0.0068,-0.0105
1982-04-01,116.44,6.75,14.59666667,1.149983498,0.127,0.1446,0.1678,0.1348,0.002949975774,0.01052772189,0.0042298,0.0373,0.0338,0.001246820613,-0.0019337418,0.0416,0.0401
1982-05-01,111.88,6.78,14.38333333,1.190423896,0.1209,0.1426,0.1664,0.1358,-0.0008981391285,0.01002458552,0.0098006,0.0034,0.0245,0.0008548156102,-0.0021173595,-0.0295,-0.0398
1982-06-01,109.61,6.81,14.17,1.201581417,0.1247,0.1481,0.1692,0.1412,0.001264247191,0.01033804446,0.0121172,-0.0223,-0.0468,0.001490292657,-0.0021779315,-0.0158,-0.0189
1982-07-01,107.09,6.823333333,13.96666667,1.206529805,0.1135,0.1461,0.168,0.1352,-0.01143834643,0.009413883361,0.0054907,0.0501,0.054,0.0009585829416,-0.0020625268,-0.0202,-0.0221
1982-08-01,119.51,6.836666667,13.76333333,1.082424471,0.0868,0.1371,0.1632,0.1254,-0.00276692525,0.007207298249,0.0020513,0.0781,0.0837,0.006415933111,-0.002222557,0.1274,0.1166
1982-09-01,120.42,6.85,13.56,1.088535565,0.0792,0.1294,0.1563,0.1183,0.0006764325996,0.00657831536,0.0017062,0.0618,0.0623,0.002131294384,-0.0018631355,0.0105,0.0077
1982-10-01,133.71,6.856666667,13.25333333,0.983745412,0.0771,0.1212,0.1473,0.1112,0.006605585944,0.006404447673,0.0027239,0.0634,0.0759,0.00612590735,-0.0018347028,0.1139,0.1112
1982-11-01,138.54,6.863333333,12.94666667,0.9387268109,0.0807,0.1168,0.143,0.1125,0.0009704013761,0.00670248806,-0.0017015,-0.0002,0.0201,0.005491649723,-0.0018583802,0.0458,0.0376
1982-12-01,140.64,6.87,12.64,0.9322147266,0.0794,0.1183,0.1414,0.1095,0.003010051701,0.006594872611,-0.0040956,0.0312,0.0108,0.002490238449,-0.0013463488,0.0168,0.0147
1983-01-01,145.3,6.883333333,12.56666667,0.9069443153,0.0786,0.1179,0.1394,0.1113,0.002189373566,0.006528641963,0.0023911,-0.0309,-0.0094,0.003280857356,-0.0013635098,0.0353,0.0333
1983-02-01,148.06,6.896666667,12.49333333,0.8768492387,0.0811,0.1201,0.1395,0.106,0.0003722111453,0.006735598176,0.0003411,0.0492,0.0428,0.001911641598,-0.0013809871,0.0257,0.0185
1983-03-01,152.96,6.91,12.42,0.7800677858,0.0835,0.1173,0.1361,0.1083,0.006070006066,0.006934235853,0.0006819,-0.0094,0.0072,0.001571821304,-0.0012148534,0.0355,0.0325
1983-04-01,164.42,6.92,12.47666667,0.7188876203,0.0821,0.1151,0.1329,0.1051,0.006645136928,0.00681836867,0.007132,0.035,0.0548,0.00142375048,-0.00087060688,0.0757,0.0747
1983-05-01,162.39,6.93,12.53333333,0.7345955766,0.0819,0.1146,0.1309,0.1112,0.01040077823,0.006801815119,0.0053999,-0.0386,-0.0324,0.001084613652,-0.0006398717,-0.0057,-0.0121
1983-06-01,168.11,6.94,12.59,0.721382042,0.0879,0.1174,0.1337,0.1119,0.01585153838,0.007298302481,0.0033602,0.0039,-0.0046,0.001399148807,-0.00082781209,0.037,0.0337
1983-07-01,162.56,6.96,12.82666667,0.7350611231,0.0908,0.1215,0.1339,0.1198,0.02539311656,0.007538183038,0.0040174,-0.0486,-0.0455,0.00229282472,-0.0012450162,-0.0312,-0.0323
1983-08-01,164.4,6.98,13.06333333,0.7248223918,0.0934,0.1251,0.1364,0.121,0.01950147443,0.007753199455,0.0033356,0.002,0.0051,0.001369045418,-0.0013006754,0.0159,0.0095
1983-09-01,166.07,7,13.3,0.714847583,0.09,0.1237,0.1355,0.1157,0.02309828798,0.007472014839,0.0049826,0.0505,0.0392,0.001057292974,-0.0018284324,0.0142,0.0109
1983-10-01,163.55,7.03,13.54333333,0.7194743715,0.0864,0.1225,0.1346,0.1188,0.02464797893,0.007174203748,0.0026473,-0.0132,-0.0025,0.001115355599,-0.0017022483,-0.0131,-0.0147
1983-11-01,166.4,7.06,13.78666667,0.6908198931,0.0876,0.1241,0.1361,0.1176,0.02656619975,0.007273483966,0.001651,0.0183,0.0142,0.0008363029257,-0.0015962358,0.0238,0.0174
1983-12-01,164.93,7.09,14.03,0.7003591178,0.09,0.1257,0.1375,0.1197,0.02698661077,0.007472014839,0.0013188,-0.0059,-0.0033,0.0005281144393,-0.0016937271,-0.0057,-0.0087
1984-01-01,163.41,7.12,14.44,0.7221976437,0.089,0.122,0.1365,0.118,0.03067202473,0.007389298432,0.0055857,0.0244,0.027,0.000794606333,-0.0020953326,-0.0039,-0.0057
1984-02-01,157.06,7.15,14.85,0.763448031,0.0909,0.1208,0.1359,0.1217,0.02658277289,0.007546453755,0.0045767,-0.0178,-0.0172,0.002019476662,-0.0019284684,-0.034,-0.0395
1984-03-01,159.18,7.18,15.26,0.7624754269,0.0952,0.1257,0.1399,0.1253,0.02396328815,0.007902029896,0.0022805,-0.0156,-0.0235,0.001354587241,-0.0020079516,0.0173,0.0137
1984-04-01,160.05,7.223333333,15.57333333,0.7586589793,0.0969,0.1281,0.1431,0.1284,0.02262240287,0.008042571643,0.0048693,-0.0105,-0.0073,0.001035528162,-0.0019147215,0.0068,0.0052
1984-05-01,150.55,7.266666667,15.88666667,0.803910033,0.0983,0.1328,0.1474,0.1381,0.02147716195,0.008158297076,0.0029103,-0.0516,-0.0483,0.000933050186,-0.0017415154,-0.0531,-0.0595
1984-06-01,153.18,7.31,16.2,0.7843518191,0.0987,0.1355,0.1505,0.1374,0.001234768319,0.008191359026,0.0032237,0.015,0.0199,0.001675762458,-0.0018792426,0.0229,0.0187
1984-07-01,150.66,7.333333333,16.32,0.7963919375,0.1012,0.1344,0.1515,0.1293,-0.001955310687,0.008397971451,0.0032134,0.0693,0.0586,0.0008656577614,-0.0013404002,-0.0138,-0.0156
1984-08-01,166.68,7.356666667,16.44,0.7254283801,0.1047,0.1287,0.1463,0.127,-0.003144522396,0.008687157147,0.004162,0.0266,0.0307,0.003126832987,-0.0014445113,0.1124,0.1058
1984-09-01,166.1,7.38,16.56,0.7360509153,0.1037,0.1266,0.1435,0.1235,-0.009433953601,0.008604541196,0.0047809,0.0342,0.0314,0.0009432265892,-0.0014075399,-0.0001,-0.0033
1984-10-01,166.09,7.43,16.58666667,0.7356424655,0.0974,0.1263,0.1394,0.1173,-0.01340177598,0.008083903692,0.0025405,0.0561,0.0572,0.001291848069,-0.0018743573,0.0033,0.0002
1984-11-01,163.58,7.48,16.61333333,0.7470519959,0.0861,0.1229,0.1348,0.1169,-0.02181434544,0.007149382153,0,0.0118,0.0212,0.001020289643,-0.001626786,-0.0098,-0.0149
1984-12-01,167.24,7.53,16.64,0.7330983765,0.0806,0.1213,0.134,0.117,-0.02715303971,0.006694210359,0.0006341,0.0091,0.0128,0.001190105493,-0.0011276635,0.0256,0.0218
1985-01-01,179.63,7.573333333,16.55666667,0.6902554458,0.0776,0.1208,0.1326,0.1127,-0.02986665699,0.006445847483,0.0018999,0.0364,0.0325,0.001635820576,-0.0015489468,0.0769,0.0747
1985-02-01,181.19,7.616666667,16.47333333,0.6917391609,0.0827,0.1213,0.1323,0.1209,-0.02449626977,0.006868027678,0.0041042,-0.0493,-0.0373,0.0007452962636,-0.0015429552,0.0142,0.0089
1985-03-01,180.66,7.66,16.39,0.7236457791,0.0852,0.1256,0.1369,0.1181,-0.02477624359,0.007074913672,0.0044011,0.0307,0.0179,0.0008022856569,-0.0018750597,-0.0006,-0.004
1985-04-01,179.83,7.686666667,16.13,0.7286615901,0.0795,0.1223,0.1351,0.1162,-0.02243995679,0.006603151134,0.0040695,0.0242,0.0296,0.0004598801599,-0.0020781902,-0.0037,-0.0054
1985-05-01,189.55,7.713333333,15.87,0.6968929839,0.0748,0.1172,0.1315,0.1062,-0.02549358662,0.006213986466,0.0037418,0.0896,0.082,0.0008338605321,-0.0021886417,0.0627,0.0568
1985-06-01,191.85,7.74,15.61,0.6864301439,0.0695,0.1094,0.124,0.1055,-0.02658936251,0.005774959443,0.0031075,0.0142,0.0083,0.0007415202272,-0.0021959653,0.0161,0.0129
1985-07-01,190.92,7.773333333,15.48333333,0.6803220899,0.0708,0.1097,0.1243,0.1091,-0.02457509135,0.005882663158,0.0015501,-0.018,-0.0121,0.0007186299709,-0.0021281896,-0.0033,-0.0052
1985-08-01,188.63,7.806666667,15.35666667,0.687176258,0.0714,0.1105,0.125,0.1068,-0.02423509613,0.005932368653,0.0021662,0.0259,0.026,0.0006296951992,-0.0022594762,-0.0065,-0.0119
1985-09-01,182.08,7.84,15.23,0.6899588298,0.071,0.1107,0.1248,0.1082,-0.03130675221,0.005899231931,0.0030864,-0.0021,0.0071,0.0008658431146,-0.0021212744,-0.0332,-0.0362
1985-10-01,189.82,7.86,15.02333333,0.6670256347,0.0716,0.1102,0.1236,0.1051,-0.02713517338,0.005948936602,0.0030769,0.0338,0.0329,0.0009117640738,-0.001917188,0.0451,0.0427
1985-11-01,202.17,7.88,14.81666667,0.622703158,0.0724,0.1055,0.1199,0.1011,-0.02776181898,0.006015205655,0.0033737,0.0401,0.037,0.0009430682976,-0.0018144765,0.0719,0.0666
1985-12-01,211.28,7.9,14.61,0.5926926882,0.071,0.1016,0.1158,0.0956,-0.01950252999,0.005899231931,0.0024465,0.0541,0.0469,0.001230075754,-0.001721356,0.0482,0.0452
1986-01-01,211.78,7.94,14.58,0.5835173999,0.0707,0.1005,0.1144,0.0958,-0.01914925669,0.005874378669,0.0030497,-0.0025,0.0045,0.001920158815,-0.0018472645,0.0047,0.003
1986-02-01,226.92,7.98,14.55,0.5363767217,0.0706,0.0967,0.1111,0.0841,-0.01791570802,0.005866094111,-0.0027443,0.1145,0.0752,0.001089289971,-0.0019917179,0.0765,0.0716
1986-03-01,238.9,8.02,14.52,0.5196276277,0.0656,0.09,0.105,0.0766,-0.01641438382,0.005451778678,-0.0045907,0.077,0.0256,0.001373734407,-0.0019183155,0.0558,0.0533
1986-04-01,235.52,8.046666667,14.58333333,0.5297144587,0.0606,0.0879,0.1019,0.0782,-0.02453171862,0.005037291517,-0.0021495,-0.008,0.0016,0.002458946068,-0.0022293278,-0.0133,-0.0151
1986-05-01,247.35,8.073333333,14.64666667,0.5035407708,0.0615,0.0909,0.1029,0.0848,-0.02184720093,0.005111911886,0.0030694,-0.0505,-0.0164,0.001369931181,-0.0022166983,0.0553,0.0508
1986-06-01,250.84,8.1,14.71,0.4992814574,0.0621,0.0913,0.1034,0.079,-0.01216550817,0.005161655706,0.0048915,0.0613,0.0218,0.001596518742,-0.002562187,0.0157,0.0133
1986-07-01,236.12,8.143333333,14.75666667,0.5323014009,0.0583,0.0888,0.1016,0.0809,-0.01116505207,0.004846569718,0.0003049,-0.0108,0.0031,0.002415824448,-0.0023567229,-0.0575,-0.0594
1986-08-01,252.93,8.186666667,14.80333333,0.497803344,0.0553,0.0872,0.1018,0.0763,-0.00948195047,0.004597747475,0.0018276,0.0499,0.0275,0.001260584345,-0.0026330017,0.0744,0.0701
1986-09-01,231.32,8.23,14.85,0.5346292671,0.0521,0.0889,0.102,0.0827,-0.004924232571,0.004332268824,0.0048573,-0.05,-0.0114,0.004207383401,-0.00237943,-0.0832,-0.0857
1986-10-01,243.98,8.246666667,14.72666667,0.5032458023,0.0518,0.0886,0.1024,0.0803,-0.008046169129,0.004307376586,0.0009081278057,0.0289,0.0189,0.0009905938032,-0.0022567755,0.0565,0.0538
1986-11-01,249.22,8.263333333,14.60333333,0.4936710845,0.0535,0.0868,0.1007,0.0779,-0.00215158254,0.004448424406,0.0009073038578,0.0267,0.0233,0.001730856325,-0.0024090172,0.0249,0.0197
1986-12-01,242.17,8.28,14.48,0.4984308658,0.0553,0.0849,0.0997,0.0789,-0.01143739411,0.004597747475,0.0009064814037,-0.0018,0.0117,0.001262342072,-0.0022403247,-0.0275,-0.0302
1987-01-01,274.08,8.3,14.68666667,0.4378973513,0.0543,0.0836,0.0972,0.0778,-0.005896008565,0.004514792967,0.006314860859,0.0161,0.0216,0.002478227548,-0.0020474996,0.1352,0.1337
1987-02-01,284.2,8.32,14.89333333,0.4249119825,0.0559,0.0838,0.0965,0.0763,-0.004554261761,0.004647516877,0.003590668131,0.0202,0.0058,0.001412246721,-0.0020419471,0.0418,0.0378
1987-03-01,291.7,8.34,15.1,0.4280402137,0.0559,0.0836,0.0961,0.0795,-0.00228346808,0.004647516877,0.004470280131,-0.0223,-0.0087,0.001971095563,-0.0020372883,0.0263,0.0238
1987-04-01,288.36,8.4,14.87333333,0.4314718592,0.0564,0.0885,0.1004,0.0859,0.004359046854,0.004688989486,0.005338090968,-0.0473,-0.0502,0.004193906524,-0.0017254676,-0.009,-0.0111
1987-05-01,290.1,8.46,14.64666667,0.4304908862,0.0566,0.0933,0.1051,0.088,0.006766713671,0.004705578048,0.003542962076,-0.0105,-0.0052,0.002489234233,-0.001669804,0.0091,0.0052
1987-06-01,304,8.52,14.42,0.4078923974,0.0567,0.0932,0.1052,0.0877,0.005129800908,0.004713872226,0.003530453799,0.0098,0.0155,0.001070421245,-0.0017502493,0.0501,0.0477
1987-07-01,318.66,8.566666667,14.9,0.3835432162,0.0569,0.0942,0.1061,0.0907,0.001783397124,0.004730460376,0.002639684771,-0.0178,-0.0119,0.0008181600319,-0.0016543335,0.0498,0.0479
1987-08-01,329.8,8.613333333,15.38,0.37045382,0.0604,0.0967,0.108,0.0936,0.001842516811,0.005020708457,0.005258557253,-0.0165,-0.0075,0.001776128419,-0.001639377,0.0391,0.0354
1987-09-01,321.83,8.66,15.86,0.3799667216,0.064,0.1018,0.1131,0.0992,0.006187444679,0.005319161478,0.005231049418,-0.0369,-0.0422,0.002534830542,-0.002827205,-0.0219,-0.0241
1987-10-01,251.79,8.71,16.40666667,0.4948508425,0.0613,0.1052,0.1162,0.0926,0.01045466593,0.005095330063,0.002605298912,0.0623,0.0507,0.07094512078,-0.0029006428,-0.2158,-0.2179
1987-11-01,230.3,8.76,16.95333333,0.538027324,0.0569,0.1001,0.1123,0.0931,0.009923037402,0.004730460376,0.000866926799,0.0037,0.0125,0.006785454967,-0.0027874932,-0.0819,-0.0865
1987-12-01,247.08,8.81,17.5,0.5088120155,0.0577,0.1011,0.1129,0.092,0.01334187846,0.004796810222,0,0.0165,0.0212,0.006852188182,-0.0027006902,0.0739,0.071
1988-01-01,257.07,8.856666667,17.86333333,0.5037738354,0.0581,0.0988,0.1107,0.0852,0.008456722966,0.004829983494,0.002596280126,0.0666,0.0517,0.009157507535,-0.0024314059,0.0427,0.0411
1988-02-01,267.82,8.903333333,18.22666667,0.4761973721,0.0566,0.094,0.1062,0.0854,0.008881703785,0.004705578048,0.002589556907,0.0052,0.0138,0.001967346373,-0.0024640666,0.0474,0.0406
1988-03-01,258.89,8.95,18.59,0.5075299538,0.057,0.0939,0.1057,0.0901,0.006131106602,0.004738754347,0.004301081899,-0.0307,-0.0188,0.001659198942,-0.0025722006,-0.0308,-0.0334
1988-04-01,261.33,9.043333333,19.61666667,0.4964744899,0.0591,0.0967,0.109,0.0929,0.005172292828,0.004912911861,0.005136997598,-0.016,-0.0149,0.003459561165,-0.0028162559,0.0105,0.0088
1988-05-01,262.16,9.136666667,20.64333333,0.4967702548,0.0626,0.099,0.1104,0.0952,0.001477465102,0.005203106998,0.003410062981,-0.0102,-0.0057,0.002555773349,-0.002696618,0.008,0.0029
1988-06-01,273.5,9.23,21.67,0.4711188723,0.0646,0.0986,0.11,0.0917,-0.005525903286,0.005368894989,0.004246290881,0.0368,0.0379,0.002361307739,-0.002646697,0.0477,0.0451
1988-07-01,272.02,9.306666667,22.02333333,0.4739915349,0.0673,0.0996,0.1111,0.0947,-0.002926865264,0.005592665186,0.00422833611,-0.017,-0.0111,0.001910618624,-0.0028339008,-0.0045,-0.0074
1988-08-01,261.52,9.383333333,22.37666667,0.4966406615,0.0706,0.1011,0.1121,0.095,-0.006353318466,0.005866094111,0.004210532536,0.0058,0.0054,0.001390319443,-0.0028375883,-0.0325,-0.0373
1988-09-01,271.91,9.46,22.73,0.4775404537,0.0724,0.0982,0.109,0.0917,-0.004761595224,0.006015205655,0.00670019257,0.0345,0.0326,0.001192739876,-0.0026083753,0.0427,0.0401
1988-10-01,278.97,9.55,23.07,0.4695971889,0.0735,0.0951,0.1041,0.0889,-0.01064969126,0.006106318432,0.00333333642,0.0308,0.0273,0.001631542652,-0.0023128648,0.0269,0.0233
1988-11-01,273.7,9.64,23.41,0.4771791101,0.0776,0.0945,0.1048,0.0923,-0.00800822001,0.006445847483,0.0008316008795,-0.0196,-0.0169,0.001347996679,-0.002435042,-0.0144,-0.0198
1988-12-01,277.72,9.73,23.75,0.465283574,0.0807,0.0957,0.1065,0.0918,-0.02163915559,0.00670248806,0.00166112995,0.011,0.0039,0.0006281108123,-0.0022913172,0.0186,0.0152
1989-01-01,297.47,9.813333333,24.15333333,0.4307694935,0.0827,0.0962,0.1065,0.0903,-0.02255301935,0.006868027678,0.004966897628,0.0203,0.0202,0.0009645730339,-0.0025423857,0.0723,0.0696
1989-02-01,288.86,9.896666667,24.55666667,0.4467784572,0.0853,0.0964,0.1061,0.0935,-0.02503713222,0.007083188222,0.004120318973,-0.0179,-0.0129,0.001176079283,-0.0022795386,-0.025,-0.0292
1989-03-01,294.87,9.98,24.96,0.4686914136,0.0882,0.098,0.1067,0.0929,-0.02325869058,0.00732312038,0.005740073161,0.0122,0.0064,0.001286451731,-0.0023804474,0.023,0.0204
1989-04-01,309.64,10.08666667,25.04666667,0.4444352572,0.0865,0.0979,0.1061,0.0918,-0.02298376905,0.007182477476,0.006519990497,0.0159,0.0213,0.0009555838178,-0.0026446865,0.0517,0.0499
1989-05-01,320.52,10.19333333,25.13333333,0.4334415257,0.0843,0.0957,0.1046,0.0878,-0.02818231145,0.007000439645,0.00567032706,0.0401,0.0379,0.001073055552,-0.0027039558,0.041,0.0355
1989-06-01,317.98,10.3,25.22,0.440562937,0.0815,0.091,0.1003,0.0821,-0.02404819811,0.006768707195,0.00242033196,0.055,0.0395,0.001429530123,-0.0026943259,-0.0056,-0.0079
1989-07-01,346.08,10.42333333,24.71,0.404035089,0.0788,0.0893,0.0987,0.0801,-0.02862031884,0.006545200036,0.002414488095,0.0238,0.0178,0.001018825571,-0.0025756293,0.0901,0.0882
1989-08-01,351.45,10.54666667,24.2,0.3927270602,0.079,0.0896,0.0988,0.0841,-0.0248664528,0.006561757835,0.001606426048,-0.0259,-0.0163,0.001380450793,-0.0026672979,0.0199,0.0155
1989-09-01,349.15,10.67,23.69,0.3992097504,0.0775,0.0901,0.0991,0.0847,-0.03011962863,0.006437567658,0.003205130949,0.0019,0.004,0.0005501916848,-0.0027566186,-0.004,-0.0066
1989-10-01,340.36,10.79666667,23.41666667,0.4064149288,0.0764,0.0892,0.0981,0.081,-0.02430265053,0.006346485059,0.004788516732,0.0379,0.0276,0.00563591025,-0.0025489149,-0.0236,-0.0257
1989-11-01,345.99,10.92333333,23.14333333,0.3972257018,0.0769,0.0889,0.0981,0.0808,-0.02700902049,0.006387887269,0.002385687016,0.0078,0.007,0.0008448087495,-0.0026664039,0.0205,0.0166
1989-12-01,353.4,11.05,22.87,0.3904547436,0.0763,0.0886,0.0982,0.0816,-0.01232016359,0.006338204411,0.001587301921,-0.0006,0.0006,0.0009234229147,-0.0029288342,0.0227,0.02
1990-01-01,329.08,11.14,22.47,0.4149713959,0.0764,0.0899,0.0994,0.0865,-0.01377620789,0.006346485059,0.01025650017,-0.0343,-0.0191,0.002892047582,-0.0028601947,-0.0677,-0.0694
1990-02-01,331.89,11.23,22.07,0.4091730897,0.0774,0.0922,0.1014,0.0876,-0.0116412596,0.006429287765,0.004698520782,-0.0025,-0.0012,0.0010085784,-0.0026738677,0.0134,0.009
1990-03-01,339.94,11.32,21.67,0.4713339564,0.079,0.0937,0.1021,0.0889,-0.01027039659,0.006561757835,0.005453850682,-0.0044,-0.0011,0.001032244908,-0.0023641623,0.0266,0.0244
1990-04-01,330.8,11.43333333,21.53333333,0.480284256,0.0777,0.0946,0.103,0.0924,-0.01012136176,0.00645412724,0.001552795343,-0.0202,-0.0191,0.0009667773762,-0.0023237108,-0.0245,-0.0265
1990-05-01,361.23,11.54666667,21.39666667,0.4435699735,0.0774,0.0947,0.1041,0.0883,-0.001977226423,0.006429287765,0.002324681403,0.0415,0.0385,0.001361446388,-0.002431405,0.0974,0.0924
1990-06-01,358.02,11.66,21.26,0.4429494323,0.0773,0.0926,0.1022,0.0864,-0.0004704628526,0.006421007803,0.005403332328,0.023,0.0216,0.001350825469,-0.0025342714,-0.0068,-0.0089
1990-07-01,356.15,11.71666667,21.42,0.4392124466,0.0762,0.0924,0.102,0.086,0.004935003668,0.006329923695,0.003841725816,0.0107,0.0102,0.001298436947,-0.0034740157,-0.0045,-0.0065
1990-08-01,322.56,11.77333333,21.58,0.4880735629,0.0745,0.0941,0.1041,0.092,0.00149804646,0.006189141026,0.009160369399,-0.0419,-0.0292,0.005827789447,-0.0038832506,-0.0908,-0.0949
1990-09-01,306.05,11.83,21.74,0.520289666,0.0736,0.0956,0.1064,0.0914,0.001422645396,0.006114601,0.008323922447,0.0117,0.0091,0.001984791137,-0.0032591891,-0.049,-0.0512
1990-10-01,304,11.91666667,21.60666667,0.5224519209,0.0717,0.0953,0.1074,0.0898,-0.0004162771499,0.005957220474,0.006010536502,0.0215,0.0132,0.004492764303,-0.0026211334,-0.0036,-0.0061
1990-11-01,322.22,12.00333333,21.47333333,0.4985056551,0.0706,0.093,0.1062,0.0858,0.0009740745847,0.005866094111,0.002244669854,0.0402,0.0285,0.00243989224,-0.0026320853,0.0646,0.0599
1990-12-01,330.22,12.09,21.34,0.4844968599,0.0674,0.0905,0.1043,0.0844,-0.001736933623,0.00560095201,0,0.0187,0.0167,0.0007945956506,-0.0023382328,0.028,0.025
1991-01-01,343.93,12.09666667,21.20666667,0.4663077997,0.0622,0.0904,0.1045,0.0837,0.0007261351151,0.005169946102,0.005961269516,0.013,0.015,0.003193549377,-0.0022499869,0.045,0.0431
1991-02-01,367.07,12.10333333,21.07333333,0.4427204408,0.0594,0.0883,0.1007,0.0841,0.001277719925,0.00493778903,0.001484781268,0.003,0.0121,0.00243134668,-0.0022466856,0.0716,0.0674
1991-03-01,375.22,12.11,20.94,0.4571255997,0.0591,0.0893,0.1009,0.0844,0.003374929433,0.004912911861,0.00148257996,0.0038,0.0108,0.001375055447,-0.0024701057,0.0244,0.0223
1991-04-01,375.35,12.12333333,20.43,0.4612395987,0.0565,0.0886,0.0994,0.0837,0.005899487096,0.004697283802,0.00148038517,0.014,0.0138,0.002072774384,-0.0023251798,0.0023,0.0002
1991-05-01,389.83,12.13666667,19.92,0.4399669694,0.0546,0.0886,0.0986,0.0845,0.006981482595,0.004539680042,0.002954211897,0,0.0039,0.001585169063,-0.0026470033,0.0429,0.0388
1991-06-01,371.16,12.15,19.41,0.458243743,0.0557,0.0901,0.0996,0.086,0.01429299048,0.004630927351,0.00294551023,-0.0063,-0.0018,0.00117989032,-0.0023828567,-0.0454,-0.0475
1991-07-01,387.81,12.19333333,18.88,0.4403567816,0.0558,0.09,0.0989,0.085,0.01485956073,0.004639222148,0.001469507979,0.0157,0.0167,0.001105329892,-0.0021621899,0.0465,0.0448
1991-08-01,395.43,12.23666667,18.35,0.4376396373,0.0533,0.0875,0.0965,0.0818,0.01733277088,0.004431831577,0.002932553421,0.034,0.0275,0.002037637069,-0.0020694528,0.0239,0.0199
1991-09-01,387.86,12.28,17.82,0.441531837,0.0522,0.0861,0.0951,0.079,0.02311066138,0.004340566098,0.004382768155,0.0303,0.0271,0.0004746966316,-0.0017709068,-0.0169,-0.0191
1991-10-01,392.46,12.25333333,17.20333333,0.4340034538,0.0499,0.0855,0.0949,0.0791,0.02540452706,0.004149711359,0.001456664496,0.0054,0.0043,0.001125662566,-0.0021871421,0.0135,0.0119
1991-11-01,375.22,12.22666667,16.58666667,0.4601544903,0.0456,0.0848,0.0945,0.0789,0.03058210604,0.003792798239,0.002906978791,0.0082,0.0106,0.002049019845,-0.001427475,-0.0402,-0.044
1991-12-01,417.09,12.2,15.97,0.4203444173,0.0407,0.0831,0.0926,0.073,0.03163837076,0.003385927938,0.0007254262197,0.0581,0.0436,0.002049549299,-0.0012532164,0.1141,0.1115
1992-01-01,408.79,12.24,16.04333333,0.4132296785,0.038,0.082,0.0913,0.0776,0.03185882286,0.003161663338,0.001449275616,-0.0324,-0.0173,0.000872442598,-0.0012723765,-0.0183,-0.0197
1992-02-01,412.7,12.28,16.11666667,0.4076305252,0.0384,0.0829,0.0923,0.0777,0.03343671332,0.003194890897,0.003614026341,0.0051,0.0096,0.0009132278953,-0.0013307521,0.0129,0.0094
1992-03-01,403.69,12.32,16.19,0.4021060342,0.0404,0.0835,0.0925,0.0797,0.04170999563,0.003361012132,0.00503779403,-0.0094,-0.0073,0.0004697573409,-0.0012508721,-0.0195,-0.0219
1992-04-01,414.95,12.32,16.47666667,0.3873034718,0.0375,0.0833,0.0921,0.0803,0.03848106602,0.003120127336,0.001434720476,0.0016,0.0016,0.001661043761,-0.0015031952,0.0286,0.0272
1992-05-01,415.35,12.32,16.76333333,0.3829985163,0.0363,0.0828,0.0913,0.0781,0.03715694906,0.003020433893,0.001432665001,0.0243,0.0254,0.0006900287486,-0.0015877929,0.0049,0.0011
1992-06-01,408.14,12.32,17.05,0.3920423538,0.0366,0.0822,0.0905,0.0765,0.04304072975,0.003045358186,0.003572708338,0.02,0.0156,0.0007529193608,-0.0012735065,-0.015,-0.0175
1992-07-01,424.21,12.34333333,17.38,0.3833486997,0.0321,0.0807,0.0884,0.0726,0.04143852059,0.002671428555,0.002137514173,0.0398,0.0308,0.0008974628403,-0.0013636615,0.0409,0.0395
1992-08-01,414.03,12.36666667,17.71,0.3994050369,0.0313,0.0795,0.0865,0.0725,0.0428841787,0.002604937536,0.002842930131,0.0067,0.009,0.000369547372,-0.0014314693,-0.0206,-0.0242
1992-09-01,417.8,12.39,18.04,0.3976569721,0.0291,0.0792,0.0862,0.071,0.04118230391,0.002422064432,0.002834870786,0.0185,0.0099,0.0008722412616,-0.0010761546,0.0113,0.0089
1992-10-01,418.68,12.38666667,18.39,0.4032511778,0.0286,0.0799,0.0884,0.0741,0.04102200861,0.002380497699,0.003532324408,-0.0198,-0.0156,0.000944144676,-0.00090211186,0.0048,0.0035
1992-11-01,431.35,12.38333333,18.74,0.3936264585,0.0313,0.081,0.0896,0.0748,0.03790065212,0.002604937536,0.001409443503,0.001,0.0069,0.0005080947268,-0.00083605819,0.0338,0.0301
1992-12-01,435.71,12.38,19.09,0.3941096142,0.0322,0.0798,0.0881,0.0726,0.03881645475,0.002679739622,-0.0007044734353,0.0246,0.0228,0.0004715524012,-0.0011115236,0.0134,0.0112
1993-01-01,438.78,12.41333333,19.34,0.3930481045,0.03,0.0791,0.0867,0.0725,0.04163859577,0.002496880199,0.004920923814,0.028,0.025,0.0003488507484,-0.0015522385,0.0073,0.006
1993-02-01,443.38,12.44666667,19.59,0.3859601969,0.0293,0.0771,0.0839,0.0698,0.04061880499,0.002438690642,0.003500178582,0.0354,0.0256,0.001146896612,-0.0014793405,0.0135,0.0104
1993-03-01,451.67,12.48,19.84,0.3336135264,0.0295,0.0758,0.0815,0.0702,0.03710494317,0.002455316575,0.003487970052,0.0021,0.0025,0.001004724862,-0.0016690258,0.0212,0.0186
1993-04-01,440.19,12.49333333,19.67,0.334349806,0.0287,0.0746,0.0814,0.0701,0.03981147969,0.002388811184,0.002781642962,0.0072,0.0052,0.00100478478,-0.0014462842,-0.0245,-0.0258
1993-05-01,450.19,12.50666667,19.5,0.3248824215,0.0296,0.0743,0.0821,0.0701,0.04023025011,0.002463629438,0.001387925275,0.0047,0.002,0.0008173083211,-0.0016500074,0.0263,0.0225
1993-06-01,450.53,12.52,19.33,0.3259312476,0.0307,0.0733,0.0807,0.0668,0.04105049,0.002555066369,0.001386001608,0.0449,0.0293,0.0005738514434,-0.0017479702,0.0035,0.0011
1993-07-01,448.13,12.52,19.69,0.3237770308,0.0304,0.0717,0.0793,0.0656,0.04087108839,0.002530129854,0,0.0191,0.01,0.0006089624327,-0.001390471,-0.0046,-0.0059
1993-08-01,463.56,12.52,20.05,0.3138649833,0.0302,0.0685,0.076,0.0623,0.04017807132,0.002513505164,0.002766253493,0.0434,0.0287,0.0002815688239,-0.0012521643,0.0374,0.034
1993-09-01,458.93,12.52,20.41,0.3223518215,0.0295,0.0666,0.0734,0.0627,0.04172450569,0.002455316575,0.002069679939,0.0005,0.0043,0.0004706747481,-0.0011537305,-0.0076,-0.0098
1993-10-01,467.83,12.54,20.90333333,0.3113628329,0.0302,0.0667,0.0731,0.0623,0.04032085523,0.002513505164,0.004126553311,0.0096,0.0051,0.0003142271921,-0.0010548299,0.0199,0.0186
1993-11-01,461.79,12.56,21.39666667,0.3110794108,0.031,0.0693,0.0766,0.0651,0.04390534088,0.002580002263,0.0006861063734,-0.0259,-0.0188,0.0005763515882,-0.0010516947,-0.0087,-0.0121
1993-12-01,466.45,12.58,21.89,0.3052672229,0.0306,0.0693,0.0769,0.0654,0.04575517203,0.002546754267,0,0.002,0.0067,0.0002696820854,-0.001012497,0.0126,0.0106
1994-01-01,481.61,12.62333333,22.16333333,0.2880585672,0.0298,0.0692,0.0765,0.0637,0.04373873225,0.002480254956,0.002739727741,0.0257,0.0202,0.0004234883886,-0.00097607727,0.0334,0.032
1994-02-01,467.14,12.66666667,22.43666667,0.2990588209,0.0325,0.0708,0.0776,0.0682,0.04516270928,0.002704672407,0.003414117031,-0.045,-0.0286,0.001026076509,-0.0011355039,-0.0272,-0.0301
1994-03-01,445.77,12.71,22.71,0.3074838051,0.035,0.0748,0.0813,0.0725,0.04193000921,0.002912421447,0.003402521217,-0.0395,-0.0383,0.0008921025334,-0.001099839,-0.0435,-0.0457
1994-04-01,450.91,12.75333333,23.54,0.3036647862,0.0368,0.0788,0.0852,0.0745,0.03985999898,0.003061974036,0.001357752785,-0.015,-0.0097,0.001373667983,-0.00095162781,0.0128,0.0115
1994-05-01,456.51,12.79666667,24.37,0.2974694757,0.0414,0.0799,0.0862,0.0759,0.03966813414,0.003444062403,0.0006782374325,-0.0082,-0.0062,0.0007505030622,-0.0010085097,0.0163,0.0126
1994-06-01,444.27,12.84,25.2,0.3084170767,0.0414,0.0797,0.0865,0.0774,0.03404619405,0.003444062403,0.003384097984,-0.01,-0.0081,0.000797132742,-0.00096572186,-0.0248,-0.0271
1994-07-01,458.25,12.87,25.91,0.2969853808,0.0433,0.0811,0.088,0.0746,0.03133971365,0.003601838917,0.00269901584,0.0363,0.0309,0.0003272826069,-0.00064309391,0.0327,0.0314
1994-08-01,475.5,12.9,26.62,0.2856838193,0.0448,0.0807,0.0874,0.0761,0.02876923611,0.003726381741,0.004035016341,-0.0086,-0.0031,0.0005603876838,-0.00097495811,0.0413,0.038
1994-09-01,462.71,12.93,27.33,0.2909046586,0.0462,0.0834,0.0898,0.08,0.02910002489,0.003842607717,0.0026809259,-0.0331,-0.0265,0.0008018928357,-0.00083929779,-0.0239,-0.0262
1994-10-01,472.35,13.01333333,28.42,0.2860712737,0.0495,0.0857,0.092,0.0809,0.02609023031,0.004116515512,0.0006691609855,-0.0025,-0.005,0.001158428263,-0.00077172889,0.0226,0.021
1994-11-01,453.69,13.09666667,29.51,0.2989926143,0.0529,0.0868,0.0932,0.0808,0.02294680047,0.004398645094,0.001336878209,0.0066,0.0018,0.0008363991438,-0.0005588157,-0.0362,-0.0394
1994-12-01,459.27,13.18,30.6,0.2915683,0.056,0.0846,0.091,0.0799,0.01665683974,0.004655811536,0,0.0161,0.0157,0.0007049229874,-0.00057600688,0.015,0.0124
1995-01-01,470.42,13.18,31.25,0.2908537344,0.0571,0.0846,0.0908,0.078,0.01486903362,0.00474704825,0.004000005333,0.0273,0.0256,0.0002893765707,-0.00077978728,0.026,0.0243
1995-02-01,487.39,13.18,31.9,0.2787300356,0.0577,0.0826,0.0885,0.0758,0.01445369601,0.004796810222,0.003984069015,0.0287,0.0289,0.0004724140714,-0.00071551559,0.0392,0.0363
1995-03-01,500.71,13.18,32.55,0.3138765419,0.0573,0.0812,0.087,0.0755,0.01435777995,0.004763635849,0.00330797523,0.0091,0.0095,0.0004843057192,-0.00056677049,0.0293,0.0272
1995-04-01,514.71,13.24333333,33.17666667,0.3019947008,0.0565,0.0803,0.086,0.0745,0.0129837316,0.004697283802,0.003297068598,0.0169,0.0175,0.0002569203784,-0.00062688226,0.0294,0.0279
1995-05-01,533.4,13.30666667,33.80333333,0.2922642542,0.0567,0.0765,0.082,0.0677,0.01068539303,0.004713872226,0.001973035826,0.079,0.0631,0.001011441976,-0.00039768418,0.0398,0.0365
1995-06-01,544.75,13.37,34.43,0.2864296179,0.0547,0.073,0.079,0.067,0.008168805591,0.004547975596,0.00196915062,0.0139,0.0079,0.000696764177,-0.00026772572,0.0241,0.0222
1995-07-01,562.06,13.44,34.68,0.2771603672,0.0542,0.0741,0.0804,0.0691,0.007054157585,0.004506497138,0,-0.0168,-0.0101,0.0007732276918,-0.00029109184,0.0334,0.032
1995-08-01,561.88,13.51,34.93,0.2830461347,0.054,0.0757,0.0819,0.0674,0.009018858481,0.004489905273,0.002619516888,0.0236,0.0214,0.0002067297213,-0.00013797336,0.0035,0.0006
1995-09-01,584.41,13.58,35.18,0.2724949976,0.0528,0.0732,0.0793,0.0663,0.00625888085,0.004390348301,0.001960144371,0.0175,0.0153,0.0003814536333,-0.0001402155,0.0421,0.0402
1995-10-01,581.5,13.65,34.77333333,0.2744202453,0.0528,0.0712,0.0775,0.0641,0.01222011832,0.004390348301,0.003258393238,0.0294,0.0185,0.0004878172683,2.08E-05,-0.0034,-0.0049
1995-11-01,605.37,13.72,34.36666667,0.2571688515,0.0536,0.0702,0.0768,0.0623,0.01695776708,0.004456720717,-0.000650829831,0.0249,0.0242,0.0005461627102,-7.80E-05,0.044,0.0412
1995-12-01,615.93,13.79,33.96,0.2550263829,0.0514,0.0682,0.0749,0.0603,0.01558180284,0.004274185973,-0.0006512536863,0.0272,0.0228,0.0008205367453,-0.00014660419,0.0176,0.0158
1996-01-01,636.02,13.89333333,33.98666667,0.2418771721,0.05,0.0681,0.0747,0.0609,0.01638063962,0.004158010149,0.005846070563,-0.0011,0.0014,0.001383955083,-5.31E-05,0.0349,0.0334
1996-02-01,640.43,13.99666667,34.01333333,0.2378947371,0.0483,0.0699,0.0763,0.0659,0.0168579692,0.004016921358,0.003233109832,-0.0483,-0.0373,0.001267630804,-0.00022785486,0.0101,0.0077
1996-03-01,645.5,14.1,34.04,0.2392996154,0.0496,0.0735,0.0803,0.0684,0.01702047364,0.004124814577,0.005151331417,-0.021,-0.013,0.001741716257,3.06E-05,0.0096,0.0079
1996-04-01,654.17,14.15666667,34.33,0.2400758062,0.0495,0.075,0.0819,0.0706,0.0212832702,0.004116515512,0.003846158587,-0.0165,-0.016,0.0009818373306,6.82E-05,0.0151,0.0139
1996-05-01,669.12,14.21333333,34.62,0.2369235155,0.0502,0.0762,0.083,0.0717,0.02673382486,0.004174607521,0.001917546129,-0.0054,0.0005,0.001125290944,-0.0002545209,0.0253,0.0225
1996-06-01,670.63,14.27,34.91,0.2364437252,0.0509,0.0771,0.084,0.0703,0.02740072591,0.004232696156,0.0006383658053,0.0203,0.0172,0.0003948038323,-0.00084789044,0.0041,0.0026
1996-07-01,639.95,14.4,35.27333333,0.2418198938,0.0515,0.0765,0.0835,0.0707,0.03125191484,0.004282483729,0.001912655986,0.0018,0.001,0.002355148289,-0.00047047488,-0.0444,-0.046
1996-08-01,651.99,14.53,35.63666667,0.2380611179,0.0505,0.0746,0.0818,0.0726,0.0301108243,0.004199503064,0.001909004716,-0.0139,-0.007,0.00112152065,-0.00035223578,0.0219,0.0196
1996-09-01,687.31,14.66,36,0.2272973181,0.0509,0.0766,0.0835,0.0704,0.02890465024,0.004232696156,0.003173598348,0.029,0.0259,0.0006862431492,-0.00053869363,0.056,0.0541
1996-10-01,705.27,14.74,36.91,0.2217476558,0.0499,0.0739,0.0807,0.0671,0.02488173101,0.004149711359,0.003163558475,0.0404,0.0361,0.0006066450378,-0.00053145026,0.0268,0.0253
1996-11-01,757.02,14.82,37.82,0.2050079191,0.0503,0.071,0.0779,0.0643,0.02126834599,0.004182906104,0.001893342314,0.0351,0.0263,0.0007037354895,-0.00061392521,0.0765,0.0742
1996-12-01,740.74,14.9,38.73,0.2073427297,0.0491,0.072,0.0789,0.0673,0.02337323677,0.004083318563,0,-0.0256,-0.0186,0.001709084295,-0.00039675518,-0.0198,-0.0215
1997-01-01,786.16,14.95333333,39.23333333,0.1962401029,0.0503,0.0742,0.0809,0.0689,0.02375197948,0.004182906104,0.003147626143,-0.0079,-0.0028,0.001360081953,-0.00079412929,0.0628,0.0617
1997-02-01,790.82,15.00666667,39.73666667,0.1943954108,0.0501,0.0731,0.0794,0.0694,0.02235445461,0.004166308869,0.003137749672,0.0005,0.0028,0.001474791148,-0.0013029057,0.0078,0.0058
1997-03-01,757.12,15.06,40.24,0.2147802023,0.0514,0.0755,0.0818,0.0723,0.02044802627,0.004274185973,0.002503130218,-0.0252,-0.0221,0.002001461601,-0.0013083062,-0.0417,-0.0433
1997-04-01,801.34,15.09333333,40.34333333,0.2017410478,0.0516,0.0773,0.0834,0.0705,0.01626528943,0.004290781417,0.0012492194,0.0255,0.0184,0.003005080689,-0.00087192203,0.0603,0.059
1997-05-01,848.28,15.12666667,40.44666667,0.1928785879,0.0505,0.0758,0.082,0.0701,0.01255424903,0.004199503064,-0.0006244146316,0.0097,0.0128,0.00200745543,-0.00087840744,0.0614,0.0593
1997-06-01,885.14,15.16,40.55,0.184287615,0.0493,0.0741,0.0802,0.0688,0.01031774344,0.004099917175,0.001248439613,0.0195,0.0187,0.001974463293,-0.00066209767,0.0441,0.0428
1997-07-01,954.29,15.21666667,40.58,0.171964943,0.0505,0.0714,0.0775,0.0637,0.01105973385,0.004199503064,0.001246882955,0.0626,0.0528,0.002010214825,-0.00062725705,0.0804,0.079
1997-08-01,899.47,15.27333333,40.61,0.1855054038,0.0514,0.0722,0.0782,0.0672,0.01312397277,0.004274185973,0.001867414175,-0.0317,-0.024,0.002464722292,-0.0004309205,-0.055,-0.0565
1997-09-01,947.28,15.33,40.64,0.177967857,0.0495,0.0715,0.077,0.0649,0.01481728059,0.004116515512,0.002484473328,0.0316,0.0226,0.002626493994,-0.00074286008,0.0539,0.0524
1997-10-01,914.62,15.38333333,40.33333333,0.1900006773,0.0497,0.07,0.0757,0.0623,0.01646321277,0.004133113573,0.002478316014,0.0341,0.0191,0.009363821598,-0.00059923875,-0.0326,-0.0337
1997-11-01,955.4,15.43666667,40.02666667,0.1807462988,0.0514,0.0687,0.0742,0.0614,0.01587444909,0.004274185973,-0.0006190034243,0.0148,0.0101,0.002662109752,-0.00079184273,0.0463,0.0446
1997-12-01,970.43,15.49,39.72,0.1788008842,0.0516,0.0676,0.0732,0.0602,0.01572304356,0.004290781417,-0.001239157532,0.0184,0.0163,0.002249374401,-0.00088877898,0.0171,0.0157
1998-01-01,980.28,15.54,39.66,0.1788402734,0.0504,0.0661,0.0719,0.0589,0.01385401121,0.004191204618,0.001858160956,0.02,0.0137,0.002468842538,-0.00070045538,0.012,0.0111
1998-02-01,1049.34,15.59,39.6,0.1654630971,0.0509,0.0667,0.0725,0.0599,0.01215390979,0.004232696156,0.001854714597,-0.0072,-0.0007,0.001053347766,-0.00080484597,0.072,0.0703
1998-03-01,1101.75,15.64,39.54,0.181140396,0.0503,0.0672,0.0732,0.0602,0.01662945319,0.004182906104,0.001851280998,0.0025,0.0038,0.001136785685,-0.00073979006,0.0513,0.0501
1998-04-01,1111.75,15.74333333,39.35,0.1758729222,0.0495,0.0669,0.0733,0.0604,0.01656569259,0.004116515512,0.001847860088,0.0026,0.0053,0.001614764216,-0.00095596436,0.0113,0.0102
1998-05-01,1090.82,15.84666667,39.16,0.1791022057,0.05,0.0669,0.073,0.0592,0.01918046057,0.004158010149,0.001844451799,0.0182,0.0167,0.0009588231554,-0.00089151945,-0.0177,-0.0192
1998-06-01,1133.84,15.95,38.97,0.178060606,0.0498,0.0653,0.0713,0.0576,0.02402370862,0.004141412501,0.001227747238,0.0228,0.0115,0.002097343696,-0.0011688478,0.041,0.0398
1998-07-01,1120.67,16.01666667,38.67666667,0.1794381089,0.0496,0.0655,0.0715,0.0584,0.02533296019,0.004124814577,0.001226241723,-0.004,-0.0056,0.002228175421,-0.0023045245,-0.0101,-0.0111
1998-08-01,957.28,16.08333333,38.38333333,0.2114320916,0.049,0.0652,0.0714,0.0547,0.02839478281,0.004075019153,0.001224739896,0.0465,0.0089,0.00933391676,-0.0018568563,-0.1431,-0.1445
1998-09-01,1017.01,16.15,38.09,0.2032484042,0.0461,0.064,0.0709,0.0517,0.02449195692,0.00383430631,0.001223241743,0.0395,0.0413,0.009971017927,-0.0016339078,0.0632,0.0616
1998-10-01,1098.67,16.16666667,37.96333333,0.1855190768,0.0396,0.0637,0.0718,0.054,0.020552938,0.003294566949,0.002442003656,-0.0218,-0.019,0.005171527659,-0.0013748512,0.0801,0.0791
1998-11-01,1163.63,16.18333333,37.83666667,0.1748468445,0.0441,0.0641,0.0734,0.0535,0.02183135599,0.003668263686,0,0.0097,0.027,0.001936678538,-0.0012152598,0.0622,0.0607
1998-12-01,1229.23,16.2,37.71,0.1736113154,0.0439,0.0622,0.0723,0.0542,0.01985499185,0.003651657908,-0.0006099420744,-0.0032,0.001,0.003286897198,-0.0010338728,0.0597,0.0585
1999-01-01,1279.64,16.28333333,37.93333333,0.1703206191,0.0434,0.0624,0.0729,0.0536,0.01533351901,0.003610142254,0.002437539293,0.0121,0.0123,0.003335613483,-0.0012959934,0.0428,0.042
1999-02-01,1238.33,16.36666667,38.15666667,0.1712768096,0.0444,0.064,0.0739,0.0587,0.01814096445,0.003693171838,0.001216545162,-0.052,-0.0401,0.003482149726,-0.0011728518,-0.0319,-0.0332
1999-03-01,1286.37,16.45,38.38,0.1728971707,0.0444,0.0662,0.0753,0.0592,0.02034877839,0.003693171838,0.003034903695,-0.0008,0.0002,0.0032135879,-0.0010753509,0.039,0.0378
1999-04-01,1335.18,16.45,39.26,0.1568258764,0.0429,0.0664,0.0748,0.0594,0.0248763618,0.003568624877,0.007246408521,0.0021,-0.0024,0.002726626573,-0.0012580821,0.0376,0.0368
1999-05-01,1301.84,16.45,40.14,0.1602311354,0.045,0.0693,0.0772,0.0615,0.02565564267,0.003742986279,0,-0.0185,-0.0176,0.003085648809,-0.0011522804,-0.0232,-0.0248
1999-06-01,1372.71,16.45,41.02,0.1542274468,0.0457,0.0723,0.0802,0.0627,0.01870293819,0.003801099991,0,-0.0078,-0.016,0.002409246481,-0.0011446288,0.0544,0.0534
1999-07-01,1328.72,16.51333333,42,0.1587964727,0.0455,0.0719,0.0795,0.0639,0.0192967462,0.003784496418,0.003003907335,-0.0077,-0.0113,0.001611177586,-0.0011695952,-0.0302,-0.0311
1999-08-01,1320.41,16.57666667,42.98,0.1562430269,0.0472,0.074,0.0815,0.0649,0.01882289038,0.003925618002,0.002396645845,-0.0053,-0.0026,0.002729848816,-0.0010558461,-0.005,-0.0063
1999-09-01,1282.71,16.64,43.96,0.1636844982,0.0468,0.0739,0.082,0.0646,0.01988453204,0.003892414715,0.004776128482,0.0084,0.0093,0.002704943168,-0.00098570256,-0.0281,-0.0293
1999-10-01,1362.93,16.65666667,45.36333333,0.1576906607,0.0486,0.0755,0.0838,0.0651,0.0204547523,0.004041820826,0.001785183455,-0.0012,0.0047,0.004875975017,-0.00051504032,0.0642,0.0635
1999-11-01,1388.91,16.67333333,46.76666667,0.1555459671,0.0507,0.0736,0.0815,0.0662,0.01831398722,0.004216099748,0.0005943536579,-0.0061,-0.0024,0.001354267063,0.00011071065,0.0208,0.0195
1999-12-01,1469.25,16.69,48.17,0.1471672594,0.052,0.0755,0.0819,0.0682,0.01794002661,0.00432397148,0,-0.0155,-0.0102,0.001148774855,6.43E-05,0.0626,0.0615
2000-01-01,1394.46,16.71333333,49.09666667,0.15465416,0.0532,0.0778,0.0833,0.0666,0.02536932627,0.00442353506,0.002966480965,0.0228,-0.0021,0.005206300261,0.00062237216,-0.0496,-0.0503
2000-02-01,1366.42,16.73666667,50.02333333,0.1670564326,0.0555,0.0768,0.0829,0.0646,0.02749146136,0.004614337551,0.005906691715,0.0264,0.0092,0.00300046654,0.00040469089,-0.0175,-0.0187
2000-03-01,1498.58,16.76,50.95,0.1499735618,0.0569,0.0768,0.0837,0.0618,0.0183726337,0.004730460376,0.00821118983,0.0367,0.0169,0.00667831638,0.00018488374,0.0985,0.0974
2000-04-01,1452.43,16.74,51.27333333,0.1526004182,0.0566,0.0764,0.084,0.063,0.01018990257,0.004705578048,0.0005839416224,-0.0076,-0.0115,0.007941747763,-0.00038694213,-0.0316,-0.0323
2000-05-01,1420.6,16.72,51.59666667,0.1556687311,0.0579,0.0799,0.089,0.064,0.009264771238,0.004813396996,0.001166861276,-0.0054,-0.0161,0.005185423901,8.91E-06,-0.0224,-0.0237
2000-06-01,1454.6,16.7,51.92,0.1567779616,0.0569,0.0767,0.0848,0.0622,-0.002940714223,0.004730460376,0.005234091624,0.0244,0.0326,0.00235975678,-0.00024674334,0.0262,0.0255
2000-07-01,1430.83,16.58,52.51333333,0.155674151,0.0596,0.0765,0.0835,0.0611,-0.01038663189,0.004954373465,0.00231749814,0.0173,0.0179,0.002065433155,7.16E-06,-0.012,-0.0127
2000-08-01,1517.68,16.46,53.10666667,0.146053064,0.0609,0.0755,0.0826,0.0594,0.0006975571785,0.005062165592,0,0.024,0.0135,0.001039252833,-0.00027761545,0.0638,0.0624
2000-09-01,1436.51,16.34,53.7,0.1537894629,0.06,0.0762,0.0835,0.0612,-2.86E-05,0.004987541511,0.005194816877,-0.0157,0.0046,0.001599995467,-0.00050848747,-0.0519,-0.0527
2000-10-01,1429.4,16.31666667,52.46666667,0.1493007889,0.0611,0.0755,0.0834,0.06,-0.001135662886,0.005078747965,0.001725625967,0.0187,0.0045,0.005568209519,-0.0013389528,-0.0042,-0.0049
2000-11-01,1314.95,16.29333333,51.23333333,0.1572808929,0.0617,0.0745,0.0828,0.0576,-0.00134918825,0.005128493434,0.0005745475596,0.0319,0.0263,0.003272414314,-0.0018525551,-0.0783,-0.0796
2000-12-01,1320.28,16.27,50,0.1518515036,0.0577,0.0721,0.0802,0.0558,-0.006948919542,0.004796810222,-0.0005745475596,0.0243,0.027,0.00529924735,-0.00052485301,0.0057,0.0048
2001-01-01,1366.01,16.17,48.48,0.1504496662,0.0515,0.0715,0.0793,0.0562,-0.009771947089,0.004282483729,0.006301940077,0.0005,0.0359,0.004941017472,-0.0015650504,0.0323,0.0314
2001-02-01,1239.94,16.07,46.96,0.1560700913,0.0488,0.071,0.0787,0.0549,-0.0119301641,0.004058420128,0.003989745959,0.0191,0.0127,0.002528410265,-0.0022728464,-0.0911,-0.0923
2001-03-01,1160.33,15.97,45.44,0.1331135514,0.0442,0.0698,0.0784,0.0559,-0.009985731791,0.003676566472,0.002272728251,-0.0074,-0.0029,0.007139594449,-0.0018640665,-0.0635,-0.0644
2001-04-01,1249.46,15.87666667,42.55666667,0.1224969006,0.0387,0.072,0.0807,0.0593,-0.003444102022,0.003219810841,0.003964887664,-0.0313,-0.0128,0.007426261614,-0.0010245789,0.0778,0.0769
2001-05-01,1255.82,15.78333333,39.67333333,0.120510188,0.0362,0.0729,0.0807,0.0594,-0.003430818964,0.003012125658,0.004512133995,0.0037,0.0132,0.002536237183,-0.0011840987,0.007,0.0055
2001-06-01,1224.42,15.69,36.79,0.1252094328,0.0349,0.0718,0.0797,0.059,0.01304543534,0.002904112314,0.001686815131,0.0085,0.0055,0.00150835854,-0.0015922058,-0.0244,-0.0251
2001-07-01,1211.23,15.70666667,33.96333333,0.1249665833,0.0351,0.0713,0.0797,0.0561,0.02082866767,0.002920730511,-0.002812941377,0.0376,0.0361,0.002899613333,-0.0020270501,-0.0093,-0.0103
2001-08-01,1133.58,15.72333333,31.13666667,0.1321641438,0.0336,0.0702,0.0785,0.0546,0.01165267338,0.002796087302,0,0.0206,0.0156,0.002221521425,-0.0026412673,-0.0634,-0.0649
2001-09-01,1040.94,15.74,28.31,0.1486285882,0.0264,0.0717,0.0803,0.0542,0.01106604685,0.002197583543,0.004496915954,0.0081,-0.0152,0.007167593022,-0.001822915,-0.0804,-0.0814
2001-10-01,1059.78,15.74,27.10333333,0.1449013996,0.0216,0.0703,0.0791,0.0506,0.013637152,0.001798381941,-0.003370789708,0.0464,0.0437,0.003249772653,-0.0013347395,0.0196,0.0186
2001-11-01,1139.45,15.74,25.89666667,0.1334813667,0.0187,0.0697,0.0781,0.0553,0.01136385796,0.001557120392,-0.001689665285,-0.0471,-0.0188,0.00218935814,-0.0010598798,0.0788,0.0773
2001-12-01,1148.08,15.74,24.69,0.1312178459,0.0169,0.0677,0.0805,0.0575,0.01606979248,0.001407342562,-0.00395369055,-0.0183,-0.009,0.001797958307,-0.0013361672,0.009,0.0078
2002-01-01,1130.2,15.73666667,24.69333333,0.1325605487,0.0165,0.0655,0.0787,0.0569,0.01652235582,0.001374055553,0.002261165463,0.0138,0.0175,0.002183879926,-0.0020042449,-0.0143,-0.0153
2002-02-01,1106.73,15.73333333,24.69666667,0.1301190857,0.0173,0.0651,0.0789,0.0563,0.01574379887,0.001440628463,0.003944778291,0.0115,0.013,0.00256784322,-0.0018207545,-0.0195,-0.021
2002-03-01,1147.39,15.73,24.7,0.2368334023,0.0179,0.0681,0.0811,0.0604,0.01624077423,0.001490555237,0.00560853966,-0.0436,-0.0295,0.002014820579,-0.0022385902,0.0376,0.0367
2002-04-01,1076.92,15.83333333,25.38,0.2477323126,0.0172,0.0676,0.0803,0.0575,0.01598406493,0.001432307092,0.005577259298,0.041,0.0253,0.002319778232,-0.0020475182,-0.061,-0.0618
2002-05-01,1067.14,15.93666667,26.06,0.2482556141,0.0173,0.0675,0.0809,0.0578,0.02474625286,0.001440628463,0,0.0015,0.0113,0.004101610094,-0.002141779,-0.0078,-0.0094
2002-06-01,989.81,16.04,26.74,0.2665725018,0.017,0.0663,0.0795,0.0566,0.02923836638,0.001415664141,0.000556018919,0.0187,0.0073,0.003707946514,-0.0026067905,-0.0713,-0.0726
2002-07-01,911.62,15.96033333,27.84,0.2820321945,0.0168,0.0653,0.079,0.0544,0.03058271474,0.001399020914,0.001111111225,0.0303,0.0094,0.01534279044,-0.0024205352,-0.074,-0.0751
2002-08-01,916.07,15.88066667,28.94,0.284411556,0.0162,0.0637,0.0758,0.051,0.02804165346,0.001349089569,0.003325945416,0.0464,0.0452,0.009409290936,-0.0029084989,0.007,0.0054
2002-09-01,815.29,15.801,30.04,0.3245551555,0.0163,0.0615,0.074,0.048,0.03236527097,0.001357411633,0.001658833668,0.0417,0.033,0.007366111867,-0.0032126151,-0.109,-0.1105
2002-10-01,885.76,15.893,29.22333333,0.2934370638,0.0158,0.0632,0.0773,0.0508,0.02860684683,0.001315800621,0.001656086495,-0.0294,-0.024,0.01158963576,-0.0037533659,0.0886,0.0871
2002-11-01,936.31,15.985,28.40666667,0.2769754993,0.0123,0.0631,0.0762,0.0521,0.02526879261,0.001024475046,0,-0.0122,0.013,0.00444907495,-0.0041663869,0.059,0.0573
2002-12-01,879.82,16.077,27.59,0.2953858956,0.0119,0.0621,0.0745,0.0484,0.02852087385,0.0009911752901,-0.00220872536,0.0507,0.0361,0.002639537969,-0.0041443054,-0.0588,-0.0605
2003-01-01,855.7,16.12766667,28.5,0.3059423072,0.0117,0.0617,0.0735,0.0495,0.03049007092,0.0009745249962,0.004412583001,-0.0106,0.0021,0.005167574109,NaN,-0.0266,-0.0279
2003-02-01,841.15,16.17833333,29.41,0.3122513206,0.0117,0.0595,0.0706,0.0472,0.03027728504,0.0009745249962,0.007675476278,0.0329,0.0264,0.00256411931,NaN,-0.0152,-0.0172
2003-03-01,848.18,16.229,30.32,0.286156489,0.0113,0.0589,0.0695,0.0486,0.02661061191,0.0009412235768,0.006007646095,-0.0135,-0.008,0.006136118624,NaN,0.0103,0.009
2003-04-01,916.92,16.20766667,31.73,0.2696905868,0.0113,0.0574,0.0685,0.0481,0.02203081006,0.0009412235768,-0.00217155266,0.0102,0.0229,0.003064809784,NaN,0.0828,0.0815
2003-05-01,963.59,16.18633333,33.14,0.2584105333,0.0107,0.0522,0.0638,0.0436,0.007128822039,0.0008912693681,-0.001632208923,0.0592,0.0471,0.002228319626,NaN,0.0533,0.0515
2003-06-01,974.51,16.165,34.55,0.2545228375,0.0092,0.0497,0.0619,0.0452,0.001851412291,0.0007663729279,0.001089918256,-0.0154,-0.0143,0.001997700881,NaN,0.0128,0.0114
2003-07-01,990.31,16.30533333,35.89333333,0.2476769071,0.009,0.0549,0.0662,0.0542,0.0007163203691,0.0007497188905,0.001088731628,-0.0982,-0.0881,0.002046015622,NaN,0.0179,0.0165
2003-08-01,1008.01,16.44566667,37.23666667,0.2428889966,0.0095,0.0588,0.0701,0.0532,0.002080334112,0.0007913534639,0.003806416531,0.0166,0.0219,0.0009660564221,NaN,0.0196,0.018
2003-09-01,995.97,16.586,38.58,0.2465752056,0.0094,0.0572,0.0679,0.049,0.007199190054,0.0007830266879,0.003250270856,0.0546,0.0503,0.001869088505,NaN,-0.0107,-0.0121
2003-10-01,1050.71,16.85233333,41.96666667,0.2333405957,0.0092,0.057,0.0673,0.0518,0.007053358082,0.0007663729279,-0.001079913607,-0.0283,-0.0203,0.001407612757,NaN,0.0556,0.054
2003-11-01,1058.2,17.11866667,45.35333333,0.2337858415,0.0093,0.0565,0.0666,0.0519,0.009829773061,0.0007746998426,-0.002702702703,-0.0027,0.0052,0.0009196632209,NaN,0.0093,0.0076
2003-12-01,1111.92,17.385,48.74,0.2187695187,0.009,0.0562,0.066,0.0511,0.006712014456,0.0007497188905,-0.00108401084,0.0139,0.0139,0.0008937000234,NaN,0.0518,0.0502
2004-01-01,1131.13,17.59766667,49.82666667,0.2180572784,0.0088,0.0554,0.0644,0.0499,0.006698135134,0.0007333333333,0.004883342377,0.0187,0.0187,0.000978818637,NaN,0.0191,0.018
2004-02-01,1144.94,17.81033333,50.91333333,0.2160825101,0.0093,0.055,0.0627,0.0483,0.008530536464,0.000775,0.005399568035,0.023,0.0178,0.000610711871,NaN,0.0144,0.0127
2004-03-01,1126.21,18.023,52,0.271295751,0.0094,0.0533,0.0611,0.0474,0.012056919,0.0007833333333,0.006444683136,0.0141,0.0118,0.001981262917,NaN,-0.015,-0.0163
2004-04-01,1107.3,18.21566667,53.38333333,0.2748013069,0.0094,0.0573,0.0646,0.0531,0.01143026993,0.0007833333333,0.003201707577,-0.0588,-0.0534,0.001230928287,NaN,-0.0156,-0.0167
2004-05-01,1120.68,18.40833333,54.76666667,0.2758025019,0.0102,0.0604,0.0675,0.0539,0.01281396532,0.00085,0.00585106383,-0.0051,-0.0071,0.000977626446,NaN,0.0137,0.0121
2004-06-01,1140.84,18.601,56.15,0.2692736702,0.0127,0.0601,0.0678,0.0532,0.01232448126,0.001058333333,0.003172924379,0.0121,0.0093,0.000770751374,NaN,0.0195,0.018
2004-07-01,1101.72,18.78833333,56.69,0.2771282413,0.0133,0.0582,0.0662,0.0523,0.01426869415,0.001108333333,-0.001581444386,0.0155,0.0184,0.000777089179,NaN,-0.0329,-0.0341
2004-08-01,1104.24,18.97566667,57.23,0.2761963923,0.0148,0.0565,0.0646,0.0493,0.01432170943,0.001233333333,0.0005279831045,0.0395,0.0395,0.00144283658,NaN,0.0038,0.002
2004-09-01,1114.58,19.163,57.77,0.2787623744,0.0165,0.0546,0.0627,0.0488,0.00912340537,0.001375,0.002110817942,0.0096,0.0101,0.000705680226,NaN,0.0108,0.0093
2004-10-01,1130.2,19.25533333,58.03,0.2802302076,0.0176,0.0547,0.0621,0.0478,0.007459878571,0.001466666667,0.005265929437,0.0154,0.0164,0.001230486751,NaN,0.015,0.0137
2004-11-01,1173.82,19.34766667,58.29,0.2694663033,0.0207,0.0552,0.062,0.0502,0.01227691891,0.001725,0.0005238344683,-0.0234,-0.02,0.000857400237,NaN,0.0406,0.0356
2004-12-01,1211.92,19.44,58.55,0.2605951399,0.0219,0.0547,0.0615,0.0484,0.0130071853,0.001825,-0.003664921466,0.025,0.0257,0.00072784311,NaN,0.0337,0.0321
2005-01-01,1181.27,19.702,59.14,0.267875698,0.0233,0.0536,0.0602,0.0465,0.01363551344,0.001941666667,0.002101944298,0.03,0.0277,0.0008214050234,NaN,-0.0238,-0.0247
2005-02-01,1203.6,19.964,59.73,0.2610012976,0.0254,0.052,0.0582,0.0479,0.01232402612,0.002116666667,0.005768222339,-0.0128,-0.0112,0.000834443688,NaN,0.0212,0.019
2005-03-01,1180.59,20.226,60.32,0.335022887,0.0274,0.054,0.0606,0.0488,0.009205455447,0.002283333333,0.007820646507,-0.0072,-0.0125,0.0008598944845,NaN,-0.0172,-0.0187
2005-04-01,1156.85,20.45933333,61.33333333,0.3452535244,0.0278,0.0533,0.0605,0.0461,0.01006861092,0.002316666667,0.006725297465,0.0373,0.0327,0.001825894073,NaN,-0.0189,-0.0201
2005-05-01,1191.5,20.69266667,62.34666667,0.3361840672,0.0284,0.0515,0.0601,0.044,0.008137451344,0.002366666667,-0.001027749229,0.0297,0.0295,0.0008594158904,NaN,0.0317,0.0299
2005-06-01,1191.33,20.926,63.36,0.3424827518,0.0297,0.0496,0.0586,0.0429,0.007551594667,0.002475,0.0005144032922,0.0167,0.0141,0.0005421187202,NaN,0.0017,0.0001
2005-07-01,1234.18,21.109,64.43,0.3307047987,0.0322,0.0506,0.0595,0.0456,0.005040286402,0.002683333333,0.004627249357,-0.0288,-0.0244,0.0006499082732,NaN,0.0374,0.0362
2005-08-01,1220.33,21.292,65.5,0.3357311861,0.0344,0.0509,0.0596,0.0432,0.004657570748,0.002866666667,0.005117707267,0.0333,0.0233,0.0006967232796,NaN,-0.0092,-0.0113
2005-09-01,1228.81,21.475,66.57,0.3329643192,0.0342,0.0513,0.0603,0.0464,0.006060137943,0.00285,0.01221995927,-0.0338,-0.031,0.0006599007326,NaN,0.008,0.0068
2005-10-01,1207.01,21.72333333,67.69,0.3370667055,0.0371,0.0535,0.063,0.0484,0.005056898164,0.003091666667,0.002012072435,-0.0196,-0.0204,0.001817985789,NaN,-0.0156,-0.0166
2005-11-01,1249.48,21.97166667,68.81,0.3256563331,0.0388,0.0542,0.0639,0.0481,0.006150583123,0.003233333333,-0.008032128514,0.0076,0.0099,0.0005398988863,NaN,0.0384,0.0358
2005-12-01,1248.29,22.22,69.93,0.3283414976,0.0389,0.0537,0.0632,0.0461,0.003735874434,0.003241666667,-0.004048582996,0.0267,0.0225,0.0004329975535,NaN,-0.0001,-0.0014